tree
version=v4
num_class=3
num_tree_per_iteration=3
label_index=0
max_feature_idx=11
objective=multiclass num_class:3
feature_names=Column_0 Column_1 Column_2 Column_3 Column_4 Column_5 Column_6 Column_7 Column_8 Column_9 Column_10 Column_11
feature_infos=[-0.11740788881844809:0.095554628595520982] [-0.15737787110978702:0.16292024212552164] [0.0005108022515122935:0.043678786366378078] [0.095742956153225908:12.798410978626331] [0:1] [-0.19122481898227633:0.19352521709870713] [-0.1579341840331811:0.14801426802881526] [0.00043971309744716481:0.026074831608014975] [0:0.93155807365439092] [0.00048911714355588166:0.2392411120028152] [0.00048911714355588166:0.2392411120028152] [0.00074422480868135358:0.032150631918345926]
tree_sizes=1741 1697 1739 1773 1737 1775 1778 1744 1790 1754 1744 1790 1779 1750 1793 1777 1753 1776 1781 1757 1785 1781 1746 1790 1767 1750 1782 1776 1751 1784 1776 1760 1781 1765 1756 1782 1780 1760 1773 1779 1750 1772 1772 1747 1772 1781 1758 1776 1778 1746 1777 1772 1736 1765 1757 1746 1760 1765 1757 1770 1773 1758 1774 1764 1729 1766 1770 1741 1791 1767 1743 1763 1772 1742 1759 1779 1732 1779 1761 1728 1772 1757 1746 1764 1757 1757 1743 1787 1734 1749 1762 1745 1752 1766 1749 1758 1762 1757 1792 1779 1743 1749 1761 1735 1747 1771 1751 1751 1746 1754 1766 1771 1730 1756 1774 1746 1772 1768 1754 1777 1755 1742 1752 1749 1760 1767 1754 1738 1755 1750 1743 1757 1772 1733 1760 1768 1765 1770 1782 1746 1749 1761 1746 1754 1745 1740 1757 1778 1748 1778 1753 1746 1757 1742 1749 1782 1756 1736 1754 1743 1756 1757 1745 1757 1760 1764 1742 1760 1741 1727 1763 1743 1745 1740 1756 1752 1756 1774 1725 1744 1743 1728 1774 1748 1753 1782 1765 1751 1758 1762 1745 1750 1770 1727 1755 1738 1730 1754 1750 1737 1748 1746 1719 1756 1742 1758 1753 1728 1733 1790 1740 1746 1752 1767 1739 1752 1740 1740 1740 1783 1754 1732 1748 1737 1769 1759 1726 1737 1775 1767 1738 1742 1746 1752 1752 1749 1744 1747 1748 1746 1773 1732 1756 1781 1730 1741 1738 1742 1762 1742 1754 1759 1747 1746 1743 1724 1755 1763 1756 1750 1744 1762 1737 1769 1736 1756 1746 1740 1759 1744 1767 1752 1752 1767 1734 1752 1762 1733 1751 1740 1749 1772 1735 1763 1743 1752 1756 1743 1757 1746 1750 1745 1750 1738 1743 1722 1754 1744 1753 1766 1757 1739 1756 1752 1734 1741 1763 1738 1720 1756 1759 1768 1731 1739 1742 1756 1741 1765 1768 1747 1739 1759 1747 1765 1733 1757 1732 1726 1744 1777 1772 1752 1763 1772 1731 1754 1748 1746 1769 1743 1732 1754 1761 1746 1738 1756 1740 1759 1770 1748 1743 1747 1746 1764 1741 1748 1752 1757 1746 1759

Tree=0
num_leaves=15
num_cat=0
split_feature=1 8 2 11 9 11 8 11 2 8 5 7 2 7
split_gain=28.0956 16.1925 13.9692 13.8078 11.3172 10.6722 10.0731 9.49563 11.3482 10.9605 9.27843 9.0666 8.97841 8.50836
threshold=0.0040669703069970012 0.082035189826462226 0.0019737770751631824 0.0087845886055459028 0.0078128357676212224 0.0097632359222385705 0.33706487615046143 0.004245510018889358 0.004881113219827587 0.25515994347822085 0.011262382618103863 0.002379534204313115 0.010350601511263416 0.002379534204313115
decision_type=2 2 2 2 2 2 2 2 2 2 2 2 2 2
left_child=2 -2 -1 6 7 12 -3 8 9 11 -11 -4 -5 -9
right_child=1 3 4 5 -6 -7 -8 13 -10 10 -12 -13 -14 -15
leaf_value=-0.76591613222638866 -0.758260072644384 -0.74988120885502452 -0.75687552557729387 -0.75861547535723828 -0.75853880852193478 -0.75209698791446622 -0.74239416064204222 -0.71732682873153486 -0.78303777441712397 -0.75068055426686797 -0.71785782627242845 -0.77028711599690602 -0.78549014463888278 -0.75194924884860181
leaf_weight=393.09063160419464 598.2301342189312 1252.1356525719166 672.58853316307068 82.952585756778717 2596.9390586018562 360.58218583464622 700.61305537819862 17.935694217681885 41.849953174591064 252.2206999361515 23.540598660707474 155.06902292370796 49.696819394826889 1667.2722416520119
leaf_count=1052 1601 3351 1800 222 6950 965 1875 48 112 675 63 415 133 4462
internal_value=-0.754779 -0.750886 -0.756814 -0.749083 -0.756155 -0.756558 -0.747195 -0.753968 -0.757481 -0.756512 -0.747879 -0.759388 -0.768684 -0.751581
internal_weight=8864.72 3044.21 5820.51 2445.98 5427.42 493.232 1952.75 2830.48 1145.27 1103.42 275.761 827.658 132.649 1685.21
internal_count=23724 8147 15577 6546 14525 1320 5226 7575 3065 2953 738 2215 355 4510
is_linear=0
shrinkage=1


Tree=1
num_leaves=15
num_cat=0
split_feature=11 9 3 5 11 5 4 1 11 3 2 6 4 11
split_gain=62.7438 27.0156 13.8039 15.106 14.909 13.2102 11.6252 18.6056 10.4803 10.3519 10.6214 9.42729 8.74346 6.2855
threshold=0.0032411731553780958 0.0091733138753955588 0.35470034260845917 0.0017470846795335051 0.0028488090083331617 -0.0043137336948133312 0.3344699534213379 0.00010159382979552606 0.0089311397767915159 0.29300320607697589 0.00165798863630679 -0.00026095161466512901 0.69980036998477912 0.014881465813066343
decision_type=2 2 2 2 2 2 2 2 2 2 2 2 2 2
left_child=2 8 3 4 5 -1 -7 12 9 10 -2 -11 -8 -10
right_child=1 -3 -4 -5 -6 6 7 -9 13 11 -12 -13 -14 -15
leaf_value=-3.1012645019192244 -2.9425277164372812 -3.1139644105302979 -3.0802966109291452 -3.0930227165878672 -3.0899765527293974 -3.0469955154296713 -3.0330664755640195 -2.7628873213445471 -3.1220036125209814 -3.093227196325202 -3.0767223710108151 -3.1052395346953343 -2.8649230657572202 -3.0441528542325993
leaf_weight=1.4174407869577406 1.5462990403175343 564.7857244759798 193.8028130531311 6.8939165547490111 3.2214563339948645 1.6751572936773316 1.9328738003969195 1.7395864203572271 61.916390739381313 335.93346650898457 31.763559453189373 317.89331103861332 1.2885825335979459 2.7060233205556861
leaf_count=22 24 8766 3008 107 50 26 30 27 961 5214 493 4934 20 42
internal_value=-3.10164 -3.1057 -3.07639 -3.03472 -2.99907 -2.9627 -2.93311 -2.89465 -3.09949 -3.09768 -3.07049 -3.09907 -2.96581 -3.11874
internal_weight=1528.52 1316.54 211.972 18.169 11.2751 8.05364 6.6362 4.96104 751.759 687.137 33.3099 653.827 3.22146 64.6224
internal_count=23724 20434 3290 282 175 125 103 77 11668 10665 517 10148 50 1003
is_linear=0
shrinkage=1


Tree=2
num_leaves=15
num_cat=0
split_feature=6 11 8 2 7 11 1 7 1 8 2 3 11 7
split_gain=30.5143 24.2275 16.6248 11.3008 10.6556 12.3445 9.7315 9.11492 8.33573 7.7396 9.15001 8.12073 7.54136 7.94913
threshold=0.0027117229521417155 0.0088668301602570793 0.33706487615046143 0.015009369485387968 0.0041487369223713556 0.0062103452814734261 -0.0052768942542768468 0.0010398669608766449 0.00078632695522596826 0.3169734594625116 0.0025795341852325702 0.50157076533744205 0.006365560142972927 0.0055408271849225347
decision_type=2 2 2 2 2 2 2 2 2 2 2 2 2 2
left_child=1 2 4 -2 -1 6 -6 -4 12 10 -7 -12 -9 -14
right_child=3 -3 7 -5 5 9 -8 8 -10 -11 11 -13 13 -15
leaf_value=-0.72413882955495679 -0.72028009550069039 -0.71800150511956851 -0.69411105254845129 -0.70331152488723481 -0.70906854057329871 -0.68841480710893688 -0.75137942775130329 -0.73142834574868132 -0.73566347908813134 -0.70637988887971315 -0.73803410937628666 -0.7265890029915929 -0.70117152483692502 -0.72791909296597257
leaf_weight=2933.9502090513706 2919.7131884992123 833.98967760801315 15.360995858907698 101.53243604302406 15.735654294490812 13.487703680992125 99.65914386510849 243.52798312902451 815.63141426444054 38.964477300643921 219.92450168728828 524.89646825194359 50.953547239303589 61.069325000047684
leaf_count=7831 7793 2226 41 271 42 36 266 650 2177 104 587 1401 136 163
internal_value=-0.723792 -0.725895 -0.727203 -0.71971 -0.725607 -0.730325 -0.74561 -0.732377 -0.732878 -0.728113 -0.729229 -0.729968 -0.72649 -0.715753
internal_weight=8888.4 5867.15 5033.16 3021.25 3846.62 912.668 115.395 1186.54 1171.18 797.273 758.309 744.821 355.551 112.023
internal_count=23724 15660 13434 8064 10267 2436 308 3167 3126 2128 2024 1988 949 299
is_linear=0
shrinkage=1


Tree=3
num_leaves=15
num_cat=0
split_feature=1 8 2 11 0 11 8 2 4 8 2 8 2 3
split_gain=25.2476 14.8742 12.9147 12.1111 10.3821 10.0553 8.66791 8.42171 8.19386 12.2776 8.10581 7.19344 6.41286 6.33746
threshold=0.0040669703069970012 0.082035189826462226 0.0019737770751631824 0.0087845886055459028 -0.0010834262974457204 0.0097632359222385705 0.33706487615046143 0.010350601511263416 0.71066266795438771 0.053858775220617668 0.0063665454330946664 0.4494258747519686 0.012810375780788393 0.69519132739250944
decision_type=2 2 2 2 2 2 2 2 2 2 2 2 2 2
left_child=2 -2 -1 6 8 7 -3 10 -4 -10 -5 -11 -6 -7
right_child=1 3 4 5 12 13 -8 -9 9 11 -12 -13 -14 -15
leaf_value=-0.010685401430141295 -0.0033789460595334908 0.0046917755566679249 -0.0031499537987571603 -0.038018006500028144 0.0013049969106500936 0.010029607977804866 0.011633902300080254 -0.029665316749811391 0.037648532628717674 -0.041774968126984731 0.0034875456083775357 0.0021676088860116036 -0.010549162759654975 -0.0032877897580833705
leaf_weight=392.74062761664391 598.11356338858604 1252.5716798305511 2546.2963057160378 14.1923271715641 2703.2136396169662 163.27188590168953 701.44897440075874 49.583566009998322 7.4706210792064658 38.102386027574539 68.726030081510544 12.326232492923735 119.11809712648392 197.26980739831924
leaf_count=1052 1601 3351 6816 38 7235 437 1875 133 20 102 184 33 319 528
internal_value=5.18203e-07 0.0036893 -0.00192979 0.00541692 -0.00129611 -0.0015857 0.00718384 -0.0133643 -0.00357288 -0.0221721 -0.00361656 -0.0310341 0.000804685 0.00274302
internal_weight=8864.45 3045.18 5819.27 2447.06 5426.53 493.044 1954.02 132.502 2604.2 57.8992 82.9184 50.4286 2822.33 360.542
internal_count=23724 8147 15577 6546 14525 1320 5226 355 6971 155 222 135 7554 965
is_linear=0
shrinkage=0.05


Tree=4
num_leaves=15
num_cat=0
split_feature=11 9 3 11 6 6 7 8 5 6 0 4 9 7
split_gain=57.2188 27.0087 14.3534 12.7642 12.9551 12.2347 8.87973 16.2041 8.54841 11.5645 9.96138 12.6035 11.4811 7.55003
threshold=0.0030786540126598728 0.0087708188584269802 0.35470034260845917 0.0073512430764351476 0.017609285257224033 0.00035943694324695177 0.0059153808485848244 0.46823432833563128 0.0017470846795335051 0.0010884822649988291 0.00058430258422626717 0.50450704368404498 0.0024716091131182466 0.0017788818216918998
decision_type=2 2 2 2 2 2 2 2 2 2 2 2 2 2
left_child=2 3 8 5 -5 6 -2 -8 9 10 11 12 -1 -10
right_child=1 -3 -4 4 -6 -7 7 -9 13 -11 -12 -13 -14 -15
leaf_value=0.032808848925771114 0.01129923794958522 -0.011472642765762174 0.021527969395368468 -0.013441316296729094 0.098957720439386665 -0.0020781325906541908 0.16563309768019122 -0.03491847753068348 -0.021675724823069557 0.012350440440345584 0.042383210993124282 0.26140279383709858 0.20703576644525806 0.10224353044399218
leaf_weight=2.2106313183903716 333.20164539664984 602.24128938466311 169.12613269686699 130.51424583047628 2.6149924099445334 269.63372650742531 2.4928986728191367 1.689983509480953 3.7750025838613501 3.1653964072465888 2.5762811973690987 2.022229477763176 1.6523365974426267 1.8226292133331297
leaf_count=32 5125 9446 2572 2036 41 4192 38 26 58 46 34 26 24 28
internal_value=-6.10496e-06 -0.00361022 0.0259564 0.00278725 -0.0112335 0.00586224 0.0122081 0.0846055 0.0694388 0.0938793 0.124379 0.160273 0.107332 0.0186733
internal_weight=1528.74 1342.39 186.351 740.147 133.129 607.018 337.385 4.18288 17.2245 11.6269 8.46148 5.8852 3.86297 5.59763
internal_count=23724 20904 2820 11458 2077 9381 5189 64 248 162 116 82 56 86
is_linear=0
shrinkage=0.05


Tree=5
num_leaves=15
num_cat=0
split_feature=6 11 8 2 7 9 11 1 2 7 2 11 5 7
split_gain=27.4986 21.8555 14.549 10.4926 9.84485 11.0119 9.57122 17.6331 8.70259 8.43569 7.47283 9.8504 10.279 8.94879
threshold=0.0027117229521417155 0.0088668301602570793 0.33706487615046143 0.015009369485387968 0.0041918966570881622 0.011956416427213559 0.0062423387181435265 -0.0052768942542768468 0.0025795341852325702 0.0010398669608766449 0.0068635666259406897 0.0070579508776844645 -0.016973996530287153 0.0037539861925157806
decision_type=2 2 2 2 2 2 2 2 2 2 2 2 2 2
left_child=1 2 4 -2 10 6 7 -6 -8 -4 -1 12 -12 -14
right_child=3 -3 9 -5 5 -7 8 -9 -10 -11 11 -13 13 -15
leaf_value=-0.00097071822542766804 0.0033260173632359102 0.0055002274901573799 0.028720500511570952 0.019671930897193744 0.033883182474810675 0.0039664878341978621 0.033271150163339383 -0.031757353822312533 -0.0079111530522446277 -0.008563141869914007 -0.032543242999514256 -0.026128404995293855 0.0020520808787597294 0.028404721571613962
leaf_weight=2802.3824164867401 2920.1611009538174 834.18344408273697 15.370564281940458 101.59109243750572 11.618087351322172 198.9281250834465 13.122577726840971 85.705253452062607 571.95027726888657 1170.50685313344 10.865421831607817 16.859067976474762 53.199455797672272 81.669892609119415
leaf_count=7480 7793 2226 41 271 31 531 35 229 1527 3126 29 45 142 218
internal_value=5.33393e-07 -0.00199549 -0.00323805 0.00387557 -0.00174523 -0.00638499 -0.0094026 -0.0239214 -0.00698748 -0.0080799 -0.000366087 0.010055 0.0142408 0.0180099
internal_weight=8888.11 5866.36 5032.18 3021.75 3846.3 881.324 682.396 97.3233 585.073 1185.88 2964.98 162.594 145.735 134.869
internal_count=23724 15660 13434 8064 10267 2353 1822 260 1562 3167 7914 434 389 360
is_linear=0
shrinkage=0.05


Tree=6
num_leaves=15
num_cat=0
split_feature=1 8 2 11 9 11 2 2 8 2 2 6 4 8
split_gain=22.9706 13.7116 11.9719 10.6735 9.82611 9.46355 9.12146 7.90378 7.62641 7.60102 7.27744 7.11282 6.7148 6.00956
threshold=0.0040669703069970012 0.082035189826462226 0.0019737770751631824 0.0087845886055459028 0.0078128357676212224 0.0097632359222385705 0.0032517410087947343 0.010350601511263416 0.33706487615046143 0.0062521576852908297 0.012559882880154583 -0.0093263031646078683 0.56947125697125711 0.06252694350591563
decision_type=2 2 2 2 2 2 2 2 2 2 2 2 2 2
left_child=2 -2 -1 8 6 7 -4 9 -3 -5 11 12 -8 -6
right_child=1 3 4 5 13 -7 10 -9 -10 -11 -12 -13 -14 -15
leaf_value=-0.010274627712718178 -0.0032685238835324509 0.004497267158700676 -0.0033794410857661767 -0.038452404072042999 0.0023217523068412107 0.0027988991520729867 -0.0014430295388231696 -0.028655663508243237 0.011006960603730062 0.0031443127108559811 -0.02660973873201852 0.0025623426142165496 0.036857738915962973 -0.0044551768013595576
leaf_weight=392.38074654340744 597.97611537575722 1252.9427774846554 891.3786062002182 13.031340658664702 383.9187333881855 360.49896988272667 18.685453683137894 49.446219027042389 702.01235067844391 69.844968050718307 20.905238777399063 1869.856267362833 29.526029974222183 2211.4353096187115
leaf_count=1052 1601 3351 2386 35 1028 965 50 133 1875 187 56 5004 79 5922
internal_value=1.04756e-06 0.00351898 -0.00184058 0.00517713 -0.00123064 -0.00139886 0.00080692 -0.0128352 0.00683486 -0.00339629 0.00273146 0.00305125 0.0220134 -0.0034527
internal_weight=8863.84 3045.75 5818.09 2447.78 5425.71 492.821 2830.35 132.323 1954.96 82.8763 1938.97 1918.07 48.2115 2595.35
internal_count=23724 8147 15577 6546 14525 1320 7575 355 5226 222 5189 5133 129 6950
is_linear=0
shrinkage=0.05


Tree=7
num_leaves=15
num_cat=0
split_feature=11 9 9 11 3 6 4 6 8 8 9 9 0 0
split_gain=52.3221 24.1404 10.8321 9.45994 11.714 9.84778 8.89441 8.62766 7.69947 8.29347 15.042 23.7046 7.65328 7.39203
threshold=0.0032411731553780958 0.0091733138753955588 0.0033132250139189822 0.0070220909309092281 0.30034324301862697 0.017609285257224033 0.97531314706023997 7.113887833232897e-05 0.0077900281407502917 0.38934556669091147 0.0021349832000687519 0.0027746665618622584 -0.0012844428162728939 0.0053725184972406833
decision_type=2 2 2 2 2 2 2 2 2 2 2 2 2 2
left_child=2 3 6 4 -2 13 8 -6 -1 -10 -11 -12 -7 -5
right_child=1 -3 -4 5 7 12 -8 -9 9 10 11 -13 -14 -15
leaf_value=0.12751402432455936 0.036591101821997686 -0.011770149578620668 0.014435853981862125 -0.012334375565074517 0.0091695849284193966 0.15580893324068215 0.12496671648998244 -0.0033156487917157026 0.027089380009503301 -0.034964234172403012 0.30453348073857328 0.027048266578316316 0.010995949723161234 0.042072332782452281
leaf_weight=2.1527437493205062 27.9492541924119 552.08363136649132 145.72656275331974 159.63870657980442 300.42737557739019 1.5721550881862643 2.8114972934126845 256.51268507540226 66.804022669792175 1.4669898524880398 1.4727329909801485 1.6121640056371687 2.1740430295467368 6.4971639662981024
leaf_count=31 419 8766 2177 2506 4581 23 40 4005 974 22 22 24 32 102
internal_value=-1.17273e-05 -0.00382442 0.0224278 0.00198756 0.00500434 -0.00839895 0.0376878 0.0034192 0.0343496 0.0315389 0.0968413 0.15952 0.0717692 -0.0102067
internal_weight=1528.9 1306.86 222.047 754.771 584.889 169.882 76.3202 556.94 73.5087 71.3559 4.55189 3.0849 3.7462 166.136
internal_count=23724 20434 3290 11668 9005 2663 1113 8586 1073 1042 68 46 55 2608
is_linear=0
shrinkage=0.05


Tree=8
num_leaves=15
num_cat=0
split_feature=6 11 1 2 9 8 5 0 9 5 11 3 0 11
split_gain=24.7567 19.6348 13.0971 9.67993 9.62283 11.8348 12.1227 8.35656 8.24229 7.19832 8.27252 6.73417 6.65702 6.27673
threshold=0.0027117229521417155 0.0088668301602570793 0.0046776229609807136 0.015009369485387968 0.011024048056806813 0.097430306102933226 0.012748086728694144 -0.00018994100904480061 0.0014654606547742949 -0.0024492766296893404 0.017974584215124777 0.579062928359383 0.0026522954815131976 0.0097632359222385705
decision_type=2 2 2 2 2 2 2 2 2 2 2 2 2 2
left_child=1 2 7 9 -4 6 -6 8 -1 10 -2 -7 -9 -3
right_child=3 13 4 -5 5 11 -8 12 -10 -11 -12 -13 -14 -15
leaf_value=0.041734176463495906 0.0051877126088394248 0.012268756278468976 -0.0080205028380981539 0.018847415099502322 0.027286204882358146 0.035757610482904496 -0.0082644749380759216 -0.0056843369957546436 0.0018790113051387501 -0.00025222969806185162 -0.042876775148389723 -0.0047681544597445698 0.00079219714950398918 0.0025459156296402676
leaf_weight=13.115088313817976 1896.7366964817047 228.66017231345177 1585.8736271262169 101.6202284693718 67.820680975914001 10.485491275787352 37.095840275287628 1015.0651327371597 1191.986657679081 1014.8026193976402 8.9946383237838727 458.17376366257668 651.37337964773178 605.66105183959007
leaf_count=35 5061 610 4236 271 181 28 99 2710 3182 2708 24 1224 1739 1616
internal_value=9.72702e-07 -0.00189329 -0.00307138 0.0036773 -0.00601321 -0.000463262 0.0147164 -0.000859069 0.00231275 0.00314946 0.00496086 -0.00386146 -0.00315281 0.00521063
internal_weight=8887.47 5865.31 5030.99 3022.15 2159.45 573.576 104.917 2871.54 1205.1 2920.53 1905.73 468.659 1666.44 834.321
internal_count=23724 15660 13434 8064 5768 1532 280 7666 3217 7793 5085 1252 4449 2226
is_linear=0
shrinkage=0.05


Tree=9
num_leaves=15
num_cat=0
split_feature=1 8 2 11 3 0 4 8 8 8 5 8 9 5
split_gain=20.1834 12.3571 12.135 9.8937 9.0226 8.84012 7.87592 11.3824 7.0604 6.6897 9.78901 9.41012 6.80345 6.66909
threshold=0.0046776229609807136 0.082035189826462226 0.0019737770751631824 0.0087845886055459028 0.81030006614676475 -0.0010834262974457204 0.71066266795438771 0.053858775220617668 0.40964864250299066 0.26620243449475117 -0.001312250692560609 0.12267719683560881 0.010759488550059506 0.050781132179283352
decision_type=2 2 2 2 2 2 2 2 2 2 2 2 2 2
left_child=2 -2 -1 13 9 6 -4 -8 -9 11 12 -5 -11 -3
right_child=1 3 5 4 -6 -7 7 8 -10 10 -12 -13 -14 -15
leaf_value=-0.0099577561290073932 -0.0032046473032017911 0.0062982565964950117 -0.0027235812663568976 0.022928403929762906 -0.00850126764094674 0.00085038853304642914 0.036392825830020237 -0.041872182071631674 -0.0016169567169391948 -0.033631179849667646 0.022103417306622533 -0.0091055061404660426 0.017389451326775936 0.027307237306502655
leaf_weight=409.56969106197357 561.66786700487137 1791.3189578354359 2589.9529265165329 29.138922810554504 228.98657396435738 2932.018986582756 7.4846788346767417 35.738392949104309 15.667655080556868 15.666269034147264 88.487160354852676 107.50902542471886 11.208906590938566 38.588062018156052
leaf_count=1099 1504 4786 6937 78 614 7848 20 96 42 42 237 288 30 103
internal_value=1.58124e-06 0.00344722 -0.0016507 0.00506397 -0.00131722 -0.00104105 -0.0031347 -0.0212154 -0.0296031 0.00521048 0.0140766 -0.00227457 -0.0123519 0.00674128
internal_weight=8863 2872.57 5990.43 2310.9 480.997 5580.86 2648.84 58.8907 51.406 252.01 115.362 136.648 26.8752 1829.91
internal_count=23724 7682 16042 6178 1289 14943 7095 158 138 675 309 366 72 4889
is_linear=0
shrinkage=0.05


Tree=10
num_leaves=15
num_cat=0
split_feature=11 9 9 11 3 6 3 5 5 8 3 11 4 2
split_gain=47.6087 22.7719 9.27829 9.02261 8.44351 7.51363 7.46698 8.55153 12.7967 7.79421 9.36267 7.28571 11.7419 7.26298
threshold=0.0032411731553780958 0.0091733138753955588 0.0033132250139189822 0.0089311397767915159 0.29300320607697589 -0.00026095161466512901 0.26746713901767555 -0.00050488160595288443 0.0017470846795335051 0.38934556669091147 0.73768823680009199 0.0032054104845872689 0.45042022035244911 0.00165798863630679
decision_type=2 2 2 2 2 2 2 2 2 2 2 2 2 2
left_child=2 3 6 4 13 -6 7 -1 -9 -8 -11 -4 -13 -2
right_child=1 -3 11 -5 5 -7 9 8 -10 10 -12 12 -14 -15
leaf_value=0.018833028731918992 0.12242772225719656 -0.011484941028600031 0.011603165691224503 -0.016335142360995324 0.0073870895025660828 -0.003302979470919207 0.025980633459547122 0.22568691307572331 0.043024472721708264 0.043648556292072468 0.19446658397047237 0.15319102972431642 0.0015536404806255567 0.021970872821535439
leaf_weight=2.7674970775842667 1.9018597751855839 545.79345475137234 142.69664996117353 62.147826101630926 343.7200082577765 315.02024945616722 67.966017052531242 1.9134451895952218 1.9218725264072416 3.1706564575433722 1.5234961211681364 2.3917314782738677 2.7382053732872009 33.355046588927507
leaf_count=35 24 8766 2100 1003 5214 4934 965 22 28 43 20 36 41 493
internal_value=-1.69024e-05 -0.00370166 0.0211084 0.00191639 0.00355083 0.00227493 0.0349105 0.0858191 0.134155 0.0302843 0.0925968 0.0137078 0.0722516 0.0273898
internal_weight=1529.03 1301.94 227.09 756.145 693.997 658.74 79.263 6.60281 3.83532 72.6602 4.69415 147.827 5.12994 35.2569
internal_count=23724 20434 3290 11668 10665 10148 1113 85 50 1028 63 2177 77 517
is_linear=0
shrinkage=0.05


Tree=11
num_leaves=15
num_cat=0
split_feature=9 1 5 11 2 2 0 9 6 5 0 0 7 9
split_gain=22.6888 15.8215 14.315 11.6173 10.097 9.53382 8.80799 7.26084 6.92328 9.71328 6.79289 6.60963 7.38217 7.72296
threshold=0.010514236228153553 0.0046776229609807136 0.0026954165188413921 0.0088668301602570793 0.010112356416741805 0.025186031384212028 -3.9685151254349788e-05 0.0049771574818885172 -0.0025111860736734136 -0.011926427561377765 0.0036070523176762338 0.0020626090063731914 0.0017788818216918998 0.0046875153594569327
decision_type=2 2 2 2 2 2 2 2 2 2 2 2 2 2
left_child=1 6 5 -3 -4 -2 -1 -5 9 10 -8 -10 -13 -14
right_child=2 3 4 7 -6 -7 8 -9 11 -11 -12 12 13 -15
leaf_value=0.0021166474638985868 0.0065369955834023415 -0.007004379388541879 -0.0031143499665293546 -0.023678809912926025 0.0079493577703894421 0.043920063907113956 -0.011668991886862826 0.00766238331523826 -0.0032991112484116502 -0.0040259318563131237 -0.038861694410284392 0.020964127085735525 -0.015545314635181707 0.0039044405236702572
leaf_weight=2299.1778214275837 1538.6706646978855 1631.0957632362843 855.60198739171028 20.23985368013382 271.7075546681881 17.246376931667328 67.399804472923279 212.5023518204689 856.33744537830353 501.81846356391907 34.836758464574814 55.445780247449875 57.297569423913956 467.20022091269493
leaf_count=6136 4105 4359 2285 54 725 46 180 567 2286 1340 93 148 153 1247
internal_value=1.3315e-06 -0.00166026 0.00384276 -0.00551324 -0.000447742 0.00695136 -5.38647e-06 0.00493687 -0.00239663 -0.00688777 -0.0209348 -0.000507793 0.00361383 0.0017797
internal_weight=8886.58 6203.35 2683.23 1863.84 1127.31 1555.92 4339.51 232.742 2040.34 604.055 102.237 1436.28 579.944 524.498
internal_count=23724 16563 7161 4980 3010 4151 11583 621 5447 1613 273 3834 1548 1400
is_linear=0
shrinkage=0.05


Tree=12
num_leaves=15
num_cat=0
split_feature=5 7 2 2 0 11 4 6 3 5 8 7 3 7
split_gain=18.075 14.289 12.5102 13.185 10.1209 13.5765 9.68801 8.93142 8.31607 8.30102 7.85895 7.76676 8.62879 7.7305
threshold=0.011262382618103863 0.0059584613673802677 0.0019737770751631824 0.015599163981111349 -0.00091494184887632531 0.014127757068064064 0.71066266795438771 0.00048902863503468973 2.0249877639589284 0.047321536379271591 0.18045777840288899 0.006111212373484021 0.44847237636785997 0.0093146721922798912
decision_type=2 2 2 2 2 2 2 2 2 2 2 2 2 2
left_child=2 9 -1 4 6 7 -4 8 -6 -2 -5 -3 -13 -12
right_child=1 11 3 10 5 -7 -8 -9 -10 -11 13 12 -14 -15
leaf_value=-0.0093484504094645329 0.0060094850415272939 -0.030247865574841187 -0.0021315895169726302 -0.035561608313691741 0.0039209521494777298 0.039309418796000209 -0.021122654203351115 -0.0019866718426698221 -0.011674306572856577 0.027911373047178535 0.032819154520717035 0.012747610013885025 -0.0041004893928539132 -0.013768148773724901
leaf_weight=445.42790400981903 1454.0470453798771 24.283531010150909 2700.9366393685341 38.358320236206055 1987.0250927805901 23.526984602212906 68.866874396800995 1339.4889762103558 89.324443221092224 44.588810056447983 10.056027233600615 90.742161422967911 467.63055643439293 77.765510618686676
leaf_count=1196 3886 65 7235 103 5315 63 185 3586 239 119 27 243 1253 209
internal_value=2.08884e-06 0.00407791 -0.00124894 -0.00067948 -0.000354315 0.00145723 -0.00260377 0.00119652 0.00325004 0.00666113 -0.0166805 -0.00256634 -0.00136247 -0.00843366
internal_weight=8862.07 2081.29 6780.78 6335.35 6209.17 3439.37 2769.8 3415.84 2076.35 1498.64 126.18 582.656 558.373 87.8215
internal_count=23724 5566 18158 16962 16623 9203 7420 9140 5554 4005 339 1561 1496 236
is_linear=0
shrinkage=0.05


Tree=13
num_leaves=15
num_cat=0
split_feature=11 9 11 6 3 6 7 8 8 9 8 0 4 2
split_gain=43.6674 22.4887 10.8204 10.2382 10.0783 9.77914 7.40222 12.2162 6.02579 11.174 9.85035 7.84697 19.7145 18.4289
threshold=0.0030786540126598728 0.0087708188584269802 0.0073512430764351476 0.017609285257224033 0.35470034260845917 0.00035943694324695177 0.0059153808485848244 0.46823432833563128 0.052482972920216732 0.0025487701661894486 0.03938518811782666 0.00033600582766261472 0.77392933605919068 0.0039857442129949015
decision_type=2 2 2 2 2 2 2 2 2 2 2 2 2 2
left_child=4 2 5 -4 -1 6 8 -8 9 -2 -11 -12 13 -13
right_child=1 -3 3 -5 -6 -7 7 -9 -10 10 11 12 -14 -15
leaf_value=0.055686119985771609 0.15706695663977921 -0.010651980982008058 -0.012817308757268109 0.080080912680086658 0.018064097349120279 -0.0019470001237182951 0.13505841885609049 -0.034881374326783295 0.0070486077944292057 0.0095333681523685192 0.014141040256730545 0.31839322865151731 0.0096055124732657478 0.084691613776711305
leaf_weight=19.757172361016273 1.5611818283796299 583.12968537956476 127.07697862014174 3.0367214381694785 179.78385128080845 268.60185926035047 2.9356079176068297 1.6529839672148225 289.15389475226402 40.439442709088326 5.0902590937912446 1.4149219468235972 3.3642919585108757 2.0889981538057327
leaf_count=248 22 9446 2036 41 2572 4192 38 26 4323 602 76 21 50 31
internal_value=-2.14612e-05 -0.00329484 0.00245283 -0.0106492 0.0217892 0.00521892 0.0107546 0.0738397 0.00991098 0.0252497 0.0213223 0.0611884 0.0960567 0.179063
internal_weight=1529.09 1329.55 746.417 130.114 199.541 616.303 347.702 4.58859 343.113 53.9591 52.3979 11.9585 6.86821 3.50392
internal_count=23724 20904 11458 2077 2820 9381 5189 64 5125 802 780 178 102 52
is_linear=0
shrinkage=0.05


Tree=14
num_leaves=15
num_cat=0
split_feature=9 1 5 11 2 0 2 9 11 0 6 5 0 7
split_gain=20.8123 15.8079 11.3212 11.2098 8.93125 8.12105 7.85457 6.77334 6.21517 5.85673 5.73572 8.90201 6.20258 7.98305
threshold=0.010680839929855522 0.0046776229609807136 0.0026954165188413921 0.0088668301602570793 0.025186031384212028 -3.9685151254349788e-05 0.010489738363247117 0.0049771574818885172 0.0016017465967571073 -0.0065414240202127912 -0.0025111860736734136 -0.011926427561377765 0.002165146407156399 0.0017788818216918998
decision_type=2 2 2 2 2 2 2 2 2 2 2 2 2 2
left_child=1 5 4 8 -2 -1 -4 -5 -3 -10 11 -7 -12 -14
right_child=2 3 6 7 -6 10 -8 -9 9 -11 12 -13 13 -15
leaf_value=0.0021113745624930344 0.0061350624189283557 0.031540215858378753 -0.0023509400529067564 -0.02292606521891814 0.042327191109056299 -0.019590579728349447 0.0079210724130340422 0.0073198844414251469 -0.044364939693567432 -0.0068515742474863058 -0.0030805315210191671 -0.0035289071615692866 0.022584183487590573 0.0017566757392398519
leaf_weight=2326.3701798021793 1500.6341025531292 10.478084295988081 858.03157231211662 20.226415008306503 17.241920828819275 104.02006533741951 237.6461660861969 218.13416096568108 10.47136467695236 1630.5188522934914 888.81605938076973 505.47307452559471 50.600697249174118 506.90967032313347
leaf_count=6208 4003 28 2292 54 46 278 634 582 28 4360 2373 1350 135 1353
internal_value=1.60984e-06 -0.00156046 0.00375026 -0.00538287 0.00654618 8.79659e-05 -0.000123 0.00475332 -0.00684585 -0.00709095 -0.00220173 -0.0062701 -0.000487286 0.00364702
internal_weight=8885.57 6272.02 2613.55 1889.83 1517.88 4382.19 1095.68 238.361 1651.47 1640.99 2055.82 609.493 1446.33 557.51
internal_count=23724 16749 6975 5052 4049 11697 2926 636 4416 4388 5489 1628 3861 1488
is_linear=0
shrinkage=0.05


Tree=15
num_leaves=15
num_cat=0
split_feature=5 7 2 2 0 11 4 6 5 3 8 7 3 7
split_gain=16.2914 12.8398 11.5189 11.937 8.98519 12.7473 9.06171 8.07456 7.82942 7.72296 7.41905 7.3299 8.02343 7.16488
threshold=0.011262382618103863 0.0059584613673802677 0.0019737770751631824 0.015599163981111349 -0.00091494184887632531 0.014127757068064064 0.71066266795438771 0.00048902863503468973 0.050781132179283352 2.0249877639589284 0.18045777840288899 0.006111212373484021 0.44159036223138298 0.0093146721922798912
decision_type=2 2 2 2 2 2 2 2 2 2 2 2 2 2
left_child=2 8 -1 4 6 7 -4 9 -2 -6 -5 -3 -13 -12
right_child=1 11 3 10 5 -7 -8 -9 -10 -11 13 12 -14 -15
leaf_value=-0.0089616320404122055 0.0057867438037835532 -0.029347030488653687 -0.0019938194374728678 -0.034271987370095867 0.0037219041174859826 0.038018157936941875 -0.020379188688698632 -0.0019035042057849825 0.030838126009374568 -0.011311762584829944 0.031793313184338805 0.012755653627328417 -0.0038235427668655824 -0.01302136715481067
leaf_weight=444.96951839327812 1467.3247183263302 24.236791849136353 2700.108601719141 38.203025788068771 1987.5415953397751 23.573288857936859 68.72599720954895 1339.2464849352837 31.866705149412155 89.263424277305603 10.077267050743101 86.324222713708878 471.893340498209 77.585691213607788
leaf_count=1196 3920 65 7235 103 5315 63 185 3586 85 239 27 231 1265 209
internal_value=2.59654e-06 0.00387159 -0.00118541 -0.000639156 -0.000330105 0.00137651 -0.00245017 0.00112365 0.00631923 0.00307574 -0.0158834 -0.00242845 -0.00125969 -0.00786971
internal_weight=8860.94 2081.65 6779.29 6334.33 6208.46 3439.62 2768.83 3416.05 1499.19 2076.81 125.866 582.454 558.218 87.663
internal_count=23724 5566 18158 16962 16623 9203 7420 9140 4005 5554 339 1561 1496 236
is_linear=0
shrinkage=0.05


Tree=16
num_leaves=15
num_cat=0
split_feature=9 11 11 6 6 6 0 9 4 11 5 1 2 7
split_gain=40.6327 25.2695 10.1134 9.0759 9.00217 7.9863 20.0094 9.05824 10.7576 9.82629 8.76125 11.3288 8.43074 7.28745
threshold=0.0087708188584269802 0.0030786540126598728 0.0073512430764351476 0.017609285257224033 0.00035943694324695177 -0.0086207686452107486 0.0033380634936078504 0.003857019715977648 0.9702298391605042 0.002079427505256208 0.00047712714061776492 -0.0050440574356135958 0.0035028329187717943 0.0017788818216918998
decision_type=2 2 2 2 2 2 2 2 2 2 2 2 2 2
left_child=1 5 4 -4 -3 6 -1 8 -7 -10 11 -9 13 -13
right_child=-2 2 3 -5 -6 7 -8 10 9 -11 -12 12 -14 -15
leaf_value=-0.00847836394619139 -0.010271102939822176 0.010259162987913455 -0.012540563964250129 0.071918231518091208 -0.0019041505868354763 0.028239415429037764 0.23793221956891297 -0.014205729568552542 0.19057348433469126 0.035696301427137332 -0.0058549388478750901 0.051242612187102278 0.14405797034699452 -0.010895803459169628
leaf_weight=1.8820179700851434 592.6788389980793 351.34402796626091 125.60816192999482 3.2634665518999091 268.26995864138007 96.138986676931381 1.4653098210692403 11.995583303272722 1.9918272122740734 2.1079788282513618 44.521393641829491 19.696981720626361 1.954149767756461 6.2047511935234061
leaf_count=27 9672 5189 2036 41 4192 1291 21 172 25 26 636 280 28 88
internal_value=-2.59648e-05 0.00645822 0.0023423 -0.0104018 0.0049929 0.0228485 0.0993891 0.0214607 0.0316219 0.110941 0.00938873 0.0264187 0.0439128 0.0363574
internal_weight=1529.12 936.445 748.486 128.872 619.614 187.959 3.34733 184.612 100.239 4.09981 84.3729 39.8515 27.8559 25.9017
internal_count=23724 14052 11458 2077 9381 2594 48 2546 1342 51 1204 568 396 368
is_linear=0
shrinkage=0.05


Tree=17
num_leaves=15
num_cat=0
split_feature=9 1 5 11 2 2 7 2 2 11 8 8 7 7
split_gain=18.9321 12.4653 11.7791 9.58619 8.35191 8.08723 7.52274 10.876 13.4956 10.9491 8.94571 7.87536 10.327 7.6969
threshold=0.010514236228153553 0.0046776229609807136 0.0026954165188413921 0.0088668301602570793 0.010112356416741805 0.025186031384212028 0.0035227029569695552 0.0047039039503660252 0.0031486588127362216 0.009308423038107522 0.3169734594625116 0.4869299986718893 0.0045349748342238582 0.0068052137805927043
decision_type=2 2 2 2 2 2 2 2 2 2 2 2 2 2
left_child=1 6 5 -3 -4 -2 10 8 9 -8 -1 -9 -13 -10
right_child=2 3 4 -5 -6 -7 7 11 13 -11 -12 12 -14 -15
leaf_value=0.0029102219519197641 0.0059488528851195863 -0.0062944840110372505 -0.0028086011875665387 0.0045536842135745059 0.0072536995055755144 0.040416876725182335 -0.00098702001324582362 -0.0014013968990554385 -0.01675417631793313 0.049807089512327048 -0.0051684726412246675 -0.013108555710424791 0.018976660092434552 0.010393065288215432
leaf_weight=2198.6148481369019 1538.9820887446404 1629.2417076826096 855.19602009654045 232.73512157797813 271.74918720126152 17.208234041929245 187.27937868237495 1055.9748035669327 313.84351050853729 11.24655172228813 405.93444436788559 32.958602696657181 104.89427560567856 28.479156941175461
leaf_count=5868 4105 4359 2285 621 725 46 500 2819 838 30 1084 88 280 76
internal_value=1.87918e-06 -0.00151636 0.0035108 -0.00493853 -0.000382199 0.00633 -4.78967e-05 -0.00259889 -0.00848092 0.00189048 0.00165111 6.58919e-05 0.0113056 -0.0144957
internal_weight=8884.34 6201.2 2683.14 1861.98 1126.95 1556.19 4339.23 1734.68 540.849 198.526 2604.55 1193.83 137.853 342.323
internal_count=23724 16563 7161 4980 3010 4151 11583 4631 1444 530 6952 3187 368 914
is_linear=0
shrinkage=0.05


Tree=18
num_leaves=15
num_cat=0
split_feature=5 7 2 2 4 7 3 8 3 5 8 5 8 2
split_gain=14.6797 11.4732 10.5103 10.7611 8.43553 7.97429 15.5204 10.5379 8.98878 7.96246 8.66434 7.3215 7.03772 6.97723
threshold=0.011262382618103863 0.0059584613673802677 0.0019737770751631824 0.015599163981111349 0.95954803765495744 0.003552251156069539 0.64130625183070211 0.33706487615046143 0.92610439524997512 -0.0035275003546110955 0.19776269058341037 0.047321536379271591 0.18045777840288899 0.0062137679073511727
decision_type=2 2 2 2 2 2 2 2 2 2 2 2 2 2
left_child=2 11 -1 4 5 7 -7 9 -9 10 -4 -2 -5 -13
right_child=1 -3 3 12 -6 6 -8 8 -10 -11 -12 13 -14 -15
leaf_value=-0.0085574805076212151 0.0053764232883481309 -0.0022817841901172481 -0.0040875696030601497 -0.033059056391102383 0.0094408548530687669 0.0056439782323127116 -0.0017375452947989264 -0.0016727765387165802 0.013207016034714603 -0.0014232668106118739 -0.014153633957320636 -0.016772789171249258 -0.0072928234355237685 0.03509734486130104
leaf_weight=444.4535965025425 1455.0515190660954 582.22263652086258 717.40066361427307 38.020311802625656 214.1378630399704 1176.1241202056408 1804.997223585844 227.34061545133591 183.35274317860603 1579.8727519214153 304.51592463254929 7.8727675378322592 87.473521530628204 36.730924069881439
leaf_count=1196 3886 1561 1922 103 573 3147 4837 608 491 4229 816 21 236 98
internal_value=3.04389e-06 0.00367532 -0.00112496 -0.000603358 -0.000310316 -0.000658703 0.00117464 -0.00247296 0.00497026 -0.00364788 -0.00708711 0.0059881 -0.0150991 0.025942
internal_weight=8859.57 2081.88 6777.69 6333.24 6207.74 5993.6 2981.12 3012.48 410.693 2601.79 1021.92 1499.66 125.494 44.6037
internal_count=23724 5566 18158 16962 16623 16050 7984 8066 1099 6967 2738 4005 339 119
is_linear=0
shrinkage=0.05


Tree=19
num_leaves=15
num_cat=0
split_feature=9 11 11 6 6 3 6 0 7 1 3 7 4 2
split_gain=37.8462 22.7995 9.4326 8.36344 8.13284 7.10455 7.12412 13.7746 6.47567 9.64055 9.63728 7.68261 8.32759 8.94314
threshold=0.0087708188584269802 0.0030786540126598728 0.0073512430764351476 0.00035943694324695177 0.014649108268514118 0.35470034260845917 -0.0086207686452107486 0.0033380634936078504 0.0040851625454488482 -0.0044244811550952284 0.20903141319959184 0.0046133034997587448 0.18522682287192641 0.0030490941860616019
decision_type=2 2 2 2 2 2 2 2 2 2 2 2 2 2
left_child=1 5 3 8 -4 -1 7 -7 10 -10 -3 12 -11 -14
right_child=-2 2 4 -5 -6 6 -8 -9 9 11 -12 -13 13 -15
leaf_value=0.048748592680098804 -0.010000474170608127 0.10342828613841298 -0.012505955175405734 -0.0018853854854463524 0.057313364433260086 -0.008287522322875494 0.016630873940819049 0.18514732078384041 -0.021257954579503024 -0.014360515662864178 0.0052941644100294345 0.012783770044662768 0.14063523254152285 0.04729841550801811
leaf_weight=21.33596558868885 586.60696297883987 2.5249538496136656 123.27907248213887 268.12472407892346 4.3169660046696654 1.8694768473505967 167.09356823563576 1.8127613216638563 10.897247415035961 4.8437358960509291 272.94541954249144 34.500023450702429 2.8460424318909672 26.119276382029057
leaf_count=248 9672 34 2022 4192 55 27 2298 21 159 71 4003 500 41 381
internal_value=-2.96718e-05 0.00617604 0.00224125 0.00477862 -0.0101438 0.0215455 0.0181469 0.0869402 0.00981641 0.0224159 0.00619366 0.0293832 0.0463218 0.0564694
internal_weight=1529.12 942.509 750.397 622.801 127.596 192.112 170.776 3.68224 354.677 79.2063 275.47 68.3091 33.8091 28.9653
internal_count=23724 14052 11458 9381 2077 2594 2346 48 5189 1152 4037 993 493 422
is_linear=0
shrinkage=0.05


Tree=20
num_leaves=15
num_cat=0
split_feature=9 1 11 5 2 4 7 8 8 7 7 11 2 11
split_gain=17.1994 12.892 9.34202 9.16465 7.43258 7.35535 7.5769 12.3004 10.2744 11.8146 10.182 13.0211 9.92757 8.65003
threshold=0.010680839929855522 0.0046776229609807136 0.0088668301602570793 0.0026954165188413921 0.025186031384212028 0.15343691680920699 0.003552251156069539 0.35757588014438146 0.49842255556052667 0.0045134887919634076 0.002379534204313115 0.0037192907394402665 0.0047039039503660252 0.011278502681897345
decision_type=2 2 2 2 2 2 2 2 2 2 2 2 2 2
left_child=1 5 -3 4 -2 -1 7 10 12 -10 11 -7 13 -8
right_child=3 2 -4 -5 -6 6 8 -9 9 -11 -12 -13 -14 -15
leaf_value=0.0052448039909598525 0.0055511946304566927 -0.0062093642596092874 0.0043804098980264562 -7.5838954582943684e-05 0.038657465425825654 0.0007425631658395332 -0.01258029803504509 -0.008952909962379102 -0.013333370184952981 0.016720677720183472 0.0062109758702638199 -0.019253702666781575 -0.0021185160556960549 0.038047997119069699
leaf_weight=593.63516214489937 1500.781823605299 1649.6133434772491 238.35214325785637 1095.2955187261105 17.147185355424881 979.41812759637833 394.19644203782082 269.50938251614571 45.28783455491066 117.65089333057404 942.23692733049393 88.792766392230988 942.32915368676186 8.6211794316768628
leaf_count=1584 4003 4416 636 2926 46 2614 1053 720 121 314 2515 237 2516 23
internal_value=2.07188e-06 -0.00141835 -0.00487242 0.00340994 0.00592518 6.9937e-05 -0.000741031 0.00107766 -0.00349056 0.00836734 0.0024223 -0.000919584 -0.00492692 -0.0114967
internal_weight=8882.87 6269.64 1887.97 2613.22 1517.93 4381.68 3788.04 2279.96 1508.09 162.939 2010.45 1068.21 1345.15 402.818
internal_count=23724 16749 5052 6975 4049 11697 10113 6086 4027 435 5366 2851 3592 1076
is_linear=0
shrinkage=0.05


Tree=21
num_leaves=15
num_cat=0
split_feature=5 7 2 2 7 7 3 8 6 3 5 8 11 7
split_gain=13.2131 10.4872 9.76348 9.9368 7.10336 7.575 14.6934 10.9544 7.37027 8.1783 7.09571 7.36124 8.3115 9.876
threshold=0.011262382618103863 0.0059584613673802677 0.002280939890903686 0.015599163981111349 0.001257538979650805 0.003552251156069539 0.64893690000044879 0.32006034799619704 -0.0018481661193764647 0.92610439524997512 -0.0029012456557760188 0.19776269058341037 0.0041438889657509506 0.0023422169766073747
decision_type=2 2 2 2 2 2 2 2 2 2 2 2 2 2
left_child=2 -2 -1 4 -4 7 -7 10 -9 -10 11 12 -6 -14
right_child=1 -3 3 -5 5 6 -8 8 9 -11 -12 -13 13 -15
leaf_value=-0.0067654413880651847 0.0056978853664883464 -0.0022089262778158059 0.023319247994601847 -0.014380106336977323 -0.0099414916174747608 0.0056965666064037589 -0.0013710875422514859 0.016533325822102613 -0.0057808379159690684 0.0098186557309383592 -0.0011059373383016642 -0.013403823891650072 0.045451288290824156 -0.0006381812075273996
leaf_weight=676.58942076563835 1499.9764787554741 582.11743167042732 32.08762264251709 125.11941745877266 327.89302343130112 1227.4068918824196 1834.4609940052032 107.11260226368904 180.49799862504005 157.19036465883255 1399.6957619488239 285.14748811721802 11.961337387561796 410.89882883429527
leaf_count=1819 4005 1561 86 339 879 3283 4917 286 483 421 3747 765 32 1101
internal_value=3.5875e-06 0.00348728 -0.00106685 -0.000434732 -0.000142677 -0.000269369 0.00146211 -0.00210994 0.00510542 0.00148056 -0.00342764 -0.0065647 -0.0039671 0.00066554
internal_weight=8858.16 2082.09 6776.06 6099.47 5974.35 5942.27 3061.87 2880.4 444.801 337.688 2435.6 1035.9 750.753 422.86
internal_count=23724 5566 18158 16339 16000 15914 8200 7714 1190 904 6524 2777 2012 1133
is_linear=0
shrinkage=0.05


Tree=22
num_leaves=15
num_cat=0
split_feature=9 11 11 7 5 6 6 3 4 5 6 3 0 8
split_gain=35.2051 20.5354 8.77198 7.80434 17.4756 11.6142 8.02501 7.43894 7.90237 8.81895 7.38629 6.29076 8.98747 11.0585
threshold=0.0087708188584269802 0.0030786540126598728 0.0073512430764351476 0.0057206229499789868 -1.0000000180025095e-35 -0.00040007865070988848 -0.00026095161466512901 0.29300320607697589 0.71066266795438771 0.0073560833372420783 0.017609285257224033 0.26746713901767555 0.00087520742790432972 0.18999247284770396
decision_type=2 2 2 2 2 2 2 2 2 2 2 2 2 2
left_child=1 11 3 6 -5 -6 -3 8 9 -8 -4 12 13 -1
right_child=-2 2 10 4 5 -7 7 -9 -10 -11 -12 -13 -14 -15
leaf_value=0.036842726611292002 -0.0097302079503765529 0.0092518487161828006 -0.011962990357076708 -0.010499356131644801 0.051130830421877688 0.20618201489268048 0.03265643593358241 -0.0040343712829459533 -0.0350613394453912 0.15107327442749185 0.060173877351174236 0.01837984582272844 -0.03563280896076431 0.16686259722876895
leaf_weight=4.12431752681732 580.65862350165844 322.92882513254881 122.64114971458912 6.1026482582092285 2.8952615112066269 2.0721538402140123 9.5939140692353231 277.08446284383535 3.3662067577242842 1.8804538920521725 3.6542944312095633 187.53006472438574 1.8575214147567747 2.7099167183041573
leaf_count=44 9672 4680 2036 88 39 30 135 4334 48 27 41 2502 21 27
internal_value=-3.40556e-05 0.00590216 0.0021445 0.00456988 0.046179 0.11581 0.00382073 -0.00218719 0.032301 0.0520629 -0.00987575 0.0203072 0.0618915 0.0883983
internal_weight=1529.1 948.441 752.219 625.924 11.0701 4.96742 614.854 291.925 14.8406 11.4744 126.295 196.222 8.69176 6.83423
internal_count=23724 14052 11458 9381 157 69 9224 4544 210 162 2077 2594 92 71
is_linear=0
shrinkage=0.05


Tree=23
num_leaves=15
num_cat=0
split_feature=9 1 5 11 2 2 4 7 8 8 7 2 2 7
split_gain=15.7485 10.0118 9.6513 7.98387 7.27193 6.79958 6.66934 7.33371 10.8326 9.77658 13.8611 8.31147 9.09361 7.58388
threshold=0.010514236228153553 0.0046776229609807136 0.0026954165188413921 0.0088668301602570793 0.010489738363247117 0.025186031384212028 0.15343691680920699 0.003552251156069539 0.3169734594625116 0.49278774702751943 0.0045134887919634076 0.0046806988810233173 0.0034799604006751556 0.002379534204313115
decision_type=2 2 2 2 2 2 2 2 2 2 2 2 2 2
left_child=1 6 5 -3 -4 -2 -1 8 13 11 -11 12 -9 -8
right_child=2 3 4 -5 -6 -7 7 9 -10 10 -12 -13 -14 -15
leaf_value=0.004890964838585218 0.0054065076495868926 -0.0056905618587745205 -0.002419649965888854 0.004210322391329578 0.0073707571324948254 0.037138940160371399 -0.00048694788448163003 -0.0030298167198057691 -0.0070185861988893636 -0.015315154091385549 0.016446733930695678 -0.0024451615838771688 -0.018289261536795689 0.0058334199432659821
leaf_weight=586.56556820869446 1539.0055108368397 1627.3311470150948 885.17712387442589 232.73259633779526 241.38688588142395 17.068897515535355 1022.8853161036968 183.74832969903946 359.25454449653625 47.505160361528397 124.04164528846741 920.80877551436424 208.32647249102592 885.48913115262985
leaf_count=1565 4105 4359 2366 621 644 46 2730 491 960 127 331 2459 557 2363
internal_value=2.28528e-06 -0.00138282 0.0032028 -0.00445176 -0.000321877 0.00575459 -6.70963e-05 -0.000842198 0.00094631 -0.00357434 0.00765115 -0.00504111 -0.0111378 0.00244571
internal_weight=8881.33 6198.69 2682.64 1860.06 1126.56 1556.07 4338.62 3752.06 2267.63 1484.43 171.547 1312.88 392.075 1908.37
internal_count=23724 16563 7161 4980 3010 4151 11583 10018 6053 3965 458 3507 1048 5093
is_linear=0
shrinkage=0.05


Tree=24
num_leaves=15
num_cat=0
split_feature=7 0 8 9 9 9 7 6 3 6 7 7 2 3
split_gain=12.0227 10.2835 9.14739 8.20373 7.00331 7.07057 6.86868 7.19546 14.3888 7.94971 7.30903 10.7473 9.94015 6.3864
threshold=0.0018732274576334651 -0.00087423706572584744 0.33706487615046143 0.0022521896305469683 0.0025487701661894486 0.0078128357676212224 0.003849198189423694 -0.0034081310188110148 0.80469050959995825 -0.01688604394898972 0.0081018235179868333 0.0100535158509044 0.0059615427583931445 2.1127265945038727
decision_type=2 2 2 2 2 2 2 2 2 2 2 2 2 2
left_child=-1 4 3 -3 -2 -6 -4 8 9 -8 12 -12 -10 -7
right_child=1 2 6 -5 5 13 7 -9 10 -11 11 -13 -14 -15
leaf_value=-0.0052179858170383255 -0.032072078620850944 -0.019795430084442178 0.010941531541869946 0.0011025235075690185 0.0014953399156781228 -0.004533419742257138 0.051030159745420724 -0.0016908923627736783 -0.010975471741088826 0.015865263087277794 -0.032672006214057581 0.0090527383852317938 0.011997448958842843 0.0031715965589234037
leaf_weight=980.21029445528984 18.609169274568558 47.643059402704239 428.8485581278801 3283.658022403717 1328.8033994734287 1607.0276875495911 18.313133269548416 399.72415459156036 66.702700048685074 131.3368678689003 34.623090744018555 27.844587087631226 160.11738577485085 322.98811462521553
leaf_count=2632 50 128 1145 8787 3558 4311 49 1071 178 351 93 75 428 868
internal_value=4.07194e-06 0.000653965 0.00217916 0.000803649 -0.00148615 -0.0013115 0.00579432 0.00316229 0.00758191 0.0201685 0.0010708 -0.0140735 0.00524163 -0.00324399
internal_weight=8856.45 7876.24 4598.81 3331.3 3277.43 3258.82 1267.51 838.662 438.938 149.65 289.288 62.4677 226.82 1930.02
internal_count=23724 21092 12305 8915 8787 8737 3390 2245 1174 400 774 168 606 5179
is_linear=0
shrinkage=0.05


Tree=25
num_leaves=15
num_cat=0
split_feature=9 11 11 6 0 8 7 5 8 6 2 0 9 2
split_gain=32.7466 18.4873 8.24797 8.28114 8.34747 13.9358 7.57575 13.9925 6.85359 11.1784 13.3852 7.46591 9.26989 7.89972
threshold=0.0087708188584269802 0.0030786540126598728 0.0070220909309092281 0.017609285257224033 0.0053725184972406833 0.11302477337187974 0.0057206229499789868 0.0008952853201236586 0.091638668176827129 -0.0087748349923379345 0.0040600521174372723 0.0021112354251368059 0.0075751543776453809 0.0062137679073511727
decision_type=2 2 2 2 2 2 2 2 2 2 2 2 2 2
left_child=1 -1 6 4 -4 -6 8 -8 9 10 -3 12 13 -12
right_child=-2 2 3 -5 5 -7 7 -9 -10 -11 11 -13 -14 -15
leaf_value=0.019146771961379677 -0.0094645448119769666 0.15952971899057078 -0.01261912685719719 0.061604201188672859 0.19221557940562917 0.0040178822090264198 -0.012963848660166239 0.16967096381899455 0.00085219907997296715 0.0090267994027962619 0.090094737483219653 -0.022324364521208704 0.17882705190539072 -0.035044267512059003
leaf_weight=200.22896931320429 574.92027121409774 2.5689471662044516 141.8951131850481 4.1111734285950652 1.3204411678016175 3.8566436767578125 2.2693219333887091 1.9498265981674192 429.8589058406651 155.64613568782806 2.7966958060860616 3.9265058264136314 1.4026153162121771 2.2969359084963799
leaf_count=2594 9672 36 2333 45 20 61 34 24 6434 2322 40 56 20 33
internal_value=-3.82298e-05 0.0056417 0.00205487 -0.00838731 -0.0103438 0.0520186 0.00467415 0.0714385 0.00420349 0.012746 0.0573032 0.0321069 0.0650066 0.0336642
internal_weight=1529.05 954.128 753.899 151.183 147.072 5.17708 602.716 4.21915 598.497 168.638 12.9917 10.4228 6.49625 5.09363
internal_count=23724 14052 11458 2459 2414 81 8999 58 8941 2507 185 149 93 73
is_linear=0
shrinkage=0.05


Tree=26
num_leaves=15
num_cat=0
split_feature=6 11 8 7 7 5 0 3 2 5 11 8 7 0
split_gain=14.5638 11.7617 9.29162 7.82039 10.2323 21.929 8.74576 8.63249 7.52708 9.332 9.04135 7.44389 7.19562 6.797
threshold=0.0027955969660217379 0.0088668301602570793 0.33706487615046143 0.0041918966570881622 0.0044504586285981354 -0.0088805551708965504 -0.0046814377915970493 0.50157076533744205 0.0068635666259406897 -0.018624335806023077 0.0069865396132890506 0.03938518811782666 0.0010398669608766449 -0.00087423706572584744
decision_type=2 2 2 2 2 2 2 2 2 2 2 2 2 2
left_child=1 2 3 8 5 -5 -7 -6 -1 -10 -11 -9 -4 -14
right_child=-2 -3 12 4 7 6 -8 11 9 10 -12 -13 13 -15
leaf_value=-0.00054502118540351884 0.0028464840978415528 0.0040472730351342676 0.027771885797121056 0.023243318628672086 -0.011118663842434881 0.01881522257721191 -0.027879767537801539 0.019204637003894603 -0.035206984291087109 0.018433074556218156 -0.016655745555215578 -0.0011040509861539049 -0.00034241811110448877 -0.0089601616755765126
leaf_weight=2821.0711151957512 2987.1963843405247 837.90814116597176 15.367737025022505 29.183884620666504 211.38135778903961 10.853500276803969 131.77734133601189 50.159954249858856 10.472234457731245 132.53265923261642 21.310357809066772 449.1293620467186 311.84220921993256 859.29891863465309
leaf_count=7537 7971 2236 41 78 566 29 353 134 28 354 57 1201 835 2304
internal_value=2.52177e-06 -0.00143927 -0.00234883 -0.00116147 -0.00529665 -0.0162465 -0.0243265 -0.00264938 6.08984e-05 0.0104637 0.0135726 0.000936215 -0.00621946 -0.0066655
internal_weight=8879.49 5892.29 5054.38 3867.87 882.485 171.815 142.631 710.671 2985.39 164.315 153.843 499.289 1186.51 1171.14
internal_count=23724 15753 13517 10337 2361 460 382 1901 7976 439 411 1335 3180 3139
is_linear=0
shrinkage=0.05


Tree=27
num_leaves=15
num_cat=0
split_feature=5 7 8 2 2 3 4 2 6 8 7 7 7 7
split_gain=11.1543 9.19988 9.95168 8.70578 8.73948 7.79213 7.6324 7.05589 6.83312 6.73959 6.60054 6.33793 6.26156 8.7103
threshold=0.011262382618103863 0.0037885314200661381 0.27603029874904245 0.0019737770751631824 0.015599163981111349 0.46383446439326498 0.95954803765495744 0.0024078161190773718 -0.023412684608965909 0.18045777840288899 0.0093146721922798912 0.018767083715965093 0.0041242073450233202 0.0047194214555213521
decision_type=2 2 2 2 2 2 2 2 2 2 2 2 2 2
left_child=3 2 -2 -1 6 -4 8 -8 -5 -6 -11 -10 -3 -14
right_child=1 12 5 4 9 -7 7 -9 11 10 -12 -13 13 -15
leaf_value=-0.00775327639679652 0.0020539505759231392 -0.0089141915505273252 0.042749945871565609 0.025909933373647123 -0.031275342630193506 0.011846382168795709 0.050683929889331916 0.0070548374045632748 -0.00074016721634905934 0.032101779111516966 -0.010943791331466862 0.044203064761047753 0.01016972033701446 -0.00024195254231490664
leaf_weight=443.29036784172058 374.80424961447716 148.71074566245079 21.730777442455292 24.257940292358398 37.680774182081223 332.47788032889366 9.7068575918674451 204.50774151086807 5958.7564667165279 10.071241945028303 76.944478750228882 7.8547232151031485 254.7762855887413 949.54523181915283
leaf_count=1196 1001 397 58 65 103 887 26 547 15964 27 209 21 680 2543
internal_value=4.39396e-06 0.00320507 0.00773303 -0.000979496 -0.000505111 0.0137423 -0.000241737 0.00903183 -0.000573331 -0.013611 -0.00596168 -0.000681002 0.000765409 0.00196065
internal_weight=8855.12 2082.05 729.013 6773.07 6329.78 354.209 6205.08 214.215 5990.87 124.696 87.0157 5966.61 1353.03 1204.32
internal_count=23724 5566 1946 18158 16962 945 16623 573 16050 339 236 15985 3620 3223
is_linear=0
shrinkage=0.05


Tree=28
num_leaves=15
num_cat=0
split_feature=9 7 6 9 3 9 7 3 11 3 0 8 5 6
split_gain=30.6127 16.6788 10.7324 7.92832 10.2482 9.09991 13.5233 8.19796 7.91236 9.25466 7.54447 9.76672 7.47169 10.8219
threshold=0.0087708188584269802 0.0018732274576334651 -0.0087748349923379345 0.0054698621190128844 1.8150822391399337 0.0052763142598389852 0.0016410547383953419 1.2056055103177405 0.0070220909309092281 0.31487352007909492 0.0046198078308490025 0.11144016240689318 -0.00063395029508495711 -0.0027374205198562817
decision_type=2 2 2 2 2 2 2 2 2 2 2 2 2 2
left_child=1 2 -1 4 5 7 -7 -4 9 12 -10 -12 13 -3
right_child=-2 8 3 -5 -6 6 -8 -9 10 -11 11 -13 -14 -15
leaf_value=0.11160259545452206 -0.0092219839124593993 0.082294939828678762 0.02217961512628475 -0.0025938011411938524 0.12203843537678283 -0.0029606356529210012 0.20142546044005871 -0.025083647186605114 -0.011211356212636067 0.0029927465305723852 0.11588989280814735 0.0044613210398071887 0.045402878033347992 -0.017187711292667596
leaf_weight=3.057462975382804 569.77327335253358 3.4025213718414333 131.23669419810176 39.933404419571161 2.5427133291959754 1.5524990558624261 1.6906674131751058 9.8644662722945196 139.70630118623376 577.89282314106822 2.6488243341445905 7.634194441139698 24.168382905423641 13.906796894967554
leaf_count=36 9672 45 1661 546 33 21 23 130 2297 8588 38 124 318 192
internal_value=-4.23028e-05 0.00541029 0.0186817 0.017161 0.0225316 0.0207787 0.103586 0.0188754 0.00213492 0.00463016 -0.00816903 0.0331644 0.0274436 0.00236776
internal_weight=1529.01 959.238 189.878 186.82 146.887 144.344 3.24317 141.101 769.36 619.371 149.989 10.283 41.4777 17.3093
internal_count=23724 14052 2450 2414 1868 1835 44 1791 11602 9143 2459 162 555 237
is_linear=0
shrinkage=0.05


Tree=29
num_leaves=15
num_cat=0
split_feature=9 1 11 0 11 3 0 9 0 6 5 3 1 8
split_gain=13.9549 11.508 9.99574 7.07345 6.32779 5.99773 5.85595 9.65865 6.73791 6.35325 8.82153 8.82436 6.63448 5.64094
threshold=0.014257405877293365 0.0038328151861239377 0.0088668301602570793 0.0080226050321640409 0.0097632359222385705 2.531583592978536 -0.00054493818862773162 0.0014654606547742949 0.002165146407156399 -0.0020410834389546421 -0.011926427561377765 0.43762783714684078 0.0016121809577991815 0.31456449442272977
decision_type=2 2 2 2 2 2 2 2 2 2 2 2 2 2
left_child=1 6 13 5 -4 -2 7 -1 -8 10 11 -10 -11 -3
right_child=3 2 4 -5 -6 -7 8 -9 9 12 -12 -13 -14 -15
leaf_value=0.058995824857147799 0.0089077986328914682 -0.0032314158566829642 0.014010550301911713 -0.00061811490062942283 -0.00026775234146221116 -0.00044514916312479312 -0.0033311497072567708 0.0021506830152988373 0.025293771370270293 0.0068039188314735766 0.00061463836811911292 -0.024860642544163244 -0.0086811013821435044 -0.008791947962530312
leaf_weight=7.4963160455226889 776.7371768951416 1525.9754939079285 110.51897299289703 466.11887657642365 260.48126173019409 219.94388923048973 1459.9052948951721 2358.3509979248047 10.093099266290663 575.07646259665489 311.32596483826637 66.90700751543045 78.628465384244919 650.53711059689522
leaf_count=20 2073 4084 295 1246 695 587 3900 6293 27 1535 832 179 210 1748
internal_value=2.90295e-06 -0.00087754 -0.00360032 0.00446609 0.00398568 0.00684382 0.000547403 0.0023308 -0.00113899 0.00193227 -0.00313321 -0.0182865 0.00494136 -0.0048934
internal_weight=8878.1 7415.3 2547.51 1462.8 371 996.681 4867.78 2365.85 2501.94 1042.03 388.326 77.0001 653.705 2176.51
internal_count=23724 19818 6822 3906 990 2660 12996 6313 6683 2783 1038 206 1745 5832
is_linear=0
shrinkage=0.05


Tree=30
num_leaves=15
num_cat=0
split_feature=7 0 8 9 2 9 9 8 3 8 11 2 11 9
split_gain=10.5644 8.53623 7.66033 7.5861 7.16785 6.50005 6.31196 6.06723 5.97498 8.62236 6.21174 7.68975 5.9481 5.8704
threshold=0.0018732274576334651 -0.00087423706572584744 0.33706487615046143 0.0023601712432499929 0.003574903375890295 0.0025487701661894486 0.0078128357676212224 0.34314207873552849 2.1127265945038727 0.2127810300355599 0.0056858392003573391 0.0082318094480598684 0.014881465813066343 0.003471604090865468
decision_type=2 2 2 2 2 2 2 2 2 2 2 2 2 2
left_child=-1 5 3 4 -3 -2 -7 -4 9 10 -8 -12 -10 -5
right_child=1 2 7 13 -6 6 8 -9 12 -11 11 -13 -14 -15
leaf_value=-0.0048929884222426376 -0.030862512280756461 -0.02538126491083418 0.024557311655956298 0.0092297565955122649 0.019645438752184018 0.0014832356079334218 -0.0068216054314889423 0.0046898052333419404 0.0043696577683270581 -0.0078578824905853537 0.0074874979272381683 -0.0048200120414026637 -0.036508973665945327 0.00051489186327982682
leaf_weight=979.21983179450035 18.534725725650787 47.87602162361145 39.669197797775269 206.23259678483009 10.839938819408415 1328.6400274038315 262.31215766072273 1227.8270635604858 313.76887738704681 813.78998330235481 318.74769565463066 210.87988373637199 9.1584245562553388 3066.0893732905388
leaf_count=2632 50 129 106 552 29 3558 704 3284 843 2185 855 567 25 8205
internal_value=4.81035e-06 0.000613878 0.00200334 0.000744507 -0.0170686 -0.00133661 -0.0011686 0.0053116 -0.00299544 -0.00424348 -0.000529347 0.00258706 0.00321031 0.00106413
internal_weight=8853.59 7874.37 4598.53 3331.04 58.716 3275.83 3257.3 1267.5 1928.66 1605.73 791.94 529.628 322.927 3272.32
internal_count=23724 21092 12305 8915 158 8787 8737 3390 5179 4311 2126 1422 868 8757
is_linear=0
shrinkage=0.05


Tree=31
num_leaves=15
num_cat=0
split_feature=9 11 11 6 9 11 11 6 7 1 7 9 0 8
split_gain=28.494 15.2519 7.24701 6.84731 6.55823 12.7755 8.8588 8.13823 5.70937 8.43067 6.47713 7.61476 7.31364 19.0166
threshold=0.0087708188584269802 0.0030786540126598728 0.0073512430764351476 0.00035943694324695177 0.0083904078131345917 0.0089311397767915159 0.0079322206593843234 0.018980856609467956 0.0040851625454488482 -0.0044244811550952284 0.0046133034997587448 0.0053558653910245257 0.0043541401352081965 0.30681259233142927
decision_type=2 2 2 2 2 2 2 2 2 2 2 2 2 2
left_child=1 -1 3 8 7 6 -6 -4 -3 -10 12 -12 -11 -14
right_child=-2 2 4 -5 5 -7 -8 -9 9 10 11 -13 13 -15
leaf_value=0.017190309710735856 -0.0089680725221150479 0.0051252649377723147 -0.014722800197721439 -0.0020096801557306027 0.018034747416880881 -0.025976362020280055 0.14346419716262532 0.085648678362591227 -0.021112125590917907 0.033396907346775383 0.036836384905898398 -0.0096427963304971803 0.0098169486707617975 0.23287877555724359
leaf_weight=207.36472371220589 564.47769357636571 282.44795444607735 109.82286895811558 269.06473828479648 2.8301522918045503 5.653900220990181 2.8008732683956623 2.0573579221963874 10.79378907009959 32.099984228610992 15.962768286466597 19.671656493097544 2.2173200324177738 1.6789923831820486
leaf_count=2594 9672 4037 1875 4192 44 95 42 21 159 441 218 282 29 23
internal_value=-4.58931e-05 0.00517603 0.00188541 0.00404163 -0.00921277 0.0271157 0.0804234 -0.0128771 0.00850399 0.020082 0.0262894 0.011178 0.0412489 0.105938
internal_weight=1528.94 964.467 757.102 633.937 123.165 11.2849 5.63103 111.88 364.872 82.4245 71.6307 35.6344 35.9963 3.89631
internal_count=23724 14052 11458 9381 2077 181 86 1896 5189 1152 993 500 493 52
is_linear=0
shrinkage=0.05


Tree=32
num_leaves=15
num_cat=0
split_feature=9 1 11 0 9 0 0 3 6 5 3 1 1 11
split_gain=12.8434 10.5475 8.46035 6.51474 5.94566 5.73224 8.11891 5.67383 5.67182 9.63068 8.72151 6.68208 7.2936 5.30783
threshold=0.014257405877293365 0.0046776229609807136 0.0088668301602570793 0.0080226050321640409 0.0049771574818885172 -3.9685151254349788e-05 0.002165146407156399 5.5684298781736912 0.00048902863503468973 -0.011926427561377765 0.47097617729595459 0.0016121809577991815 0.0028648041839714378 0.0097632359222385705
decision_type=2 2 2 2 2 2 2 2 2 2 2 2 2 2
left_child=1 5 -3 7 -4 -1 -7 -2 9 10 -8 -10 -13 -6
right_child=3 2 4 -5 13 6 8 -9 11 -11 -12 12 -14 -15
leaf_value=0.0019736992465795087 0.0071049279351228546 -0.0049170240682771277 -0.0228392116346272 -0.00059467747157670916 0.014985091974764537 -0.0042112904669691078 0.014343005474536928 -0.019894877033024519 0.0077898646188632433 0.0015310093688940044 -0.020764888528272213 -0.033680090455982407 0.0062291029964168156 0.0010610724041645546
leaf_weight=2759.3826716840267 976.72750407457352 1965.9485065937042 20.220590502023697 466.0353918671608 96.254301607608795 1219.9008547067642 21.684958755970001 19.853382796049118 427.60541662573814 523.89943823218346 96.015715301036835 21.327259808778763 24.714632660150528 236.87805911898613
leaf_count=7364 2607 5272 54 1246 257 3260 58 53 1141 1400 257 57 66 632
internal_value=3.10696e-06 -0.000841654 -0.00363675 0.0042851 0.00348632 0.000430822 -0.00139236 0.00656705 0.00169111 -0.00137256 -0.0142967 0.00584113 -0.0122574 0.00508424
internal_weight=8876.45 7413.83 2319.3 1462.62 353.353 5094.53 2335.15 996.581 1115.25 641.6 117.701 473.647 46.0419 333.132
internal_count=23724 19818 6215 3906 943 13603 6239 2660 2979 1715 315 1264 123 889
is_linear=0
shrinkage=0.05


Tree=33
num_leaves=15
num_cat=0
split_feature=7 0 8 9 2 9 7 6 3 8 0 6 3 7
split_gain=9.78576 7.52132 7.14828 7.09441 6.69439 6.08567 5.91594 6.43056 13.0085 7.59395 8.65171 8.677 9.48264 6.67085
threshold=0.0018732274576334651 -0.00087423706572584744 0.33706487615046143 0.0023601712432499929 0.003574903375890295 0.0025487701661894486 0.003291501811641956 -0.0037550942293898487 0.78968848128695257 0.4869299986718893 0.0016808484991234012 0.016794053784780119 0.39255870662366205 0.0081018235179868333
decision_type=2 2 2 2 2 2 2 2 2 2 2 2 2 2
left_child=-1 5 3 4 -3 -2 -4 8 -8 10 -9 12 -12 -10
right_child=1 2 6 -5 -6 -7 7 9 13 -11 11 -13 -14 -15
leaf_value=-0.0047097688074458563 -0.029862169593653204 -0.02461877685181409 0.011454214170200601 0.00098834345465778693 0.018887868120255776 -0.0010774546886543898 0.019413680892871016 0.014234099087609531 0.0051691381988662457 -0.0085470337368689572 0.031760015903845716 0.031220544534790992 -0.01055417577203302 -0.012925223012196655
leaf_weight=978.71118977665901 18.466329842805862 47.753392726182938 283.57315427064896 3272.4968049228191 10.850873976945875 3256.3459703624249 152.76229798793793 124.92681336402893 277.44265213608742 192.1220575273037 14.590537071228026 16.741870611906052 143.07176715135574 62.392016023397446
leaf_count=2632 50 129 757 8757 29 8737 408 334 741 515 39 45 383 168
internal_value=5.40884e-06 0.000591524 0.00189561 0.000679556 -0.0165633 -0.00123977 0.0050912 0.00325757 0.00729478 -0.000789031 0.00419035 -0.00300405 -0.0066383 0.0018471
internal_weight=8852.25 7873.54 4598.72 3331.1 58.6043 3274.81 1267.62 984.05 492.597 491.453 299.331 174.404 157.662 339.835
internal_count=23724 21092 12305 8915 158 8787 3390 2633 1317 1316 801 467 422 909
is_linear=0
shrinkage=0.05


Tree=34
num_leaves=15
num_cat=0
split_feature=9 11 11 11 3 1 9 2 1 11 3 6 8 9
split_gain=26.6501 14.6238 6.23101 6.77176 5.14983 6.34313 6.78625 11.2629 12.1205 19.4062 11.3727 8.36697 6.91765 12.5862
threshold=0.0091733138753955588 0.0030786540126598728 0.0089311397767915159 0.014881465813066343 0.29300320607697589 0.0011500616682556329 0.0078128357676212224 0.0053126336630805295 0.0074046431552337076 0.0079322206593843234 0.5160915806196068 0.0015166086056933607 0.094521599002101067 0.0087708188584269802
decision_type=2 2 2 2 2 2 2 2 2 2 2 2 2 2
left_child=1 -1 4 -4 -3 -6 11 -8 9 10 -9 -7 13 -10
right_child=-2 2 3 -5 5 6 7 8 12 -11 -12 -13 -14 -15
leaf_value=0.016340663326853206 -0.0092452934358855047 0.020346256260255675 -0.018094259743251448 0.066627218413951222 -0.0027133287115477817 0.00700173947692508 0.0011129007826146697 0.16028249566557967 0.13986469218347314 0.25052527547066267 0.023722703311263894 -0.01809481560356151 0.0063318168631605071 -0.034840198960278894
leaf_weight=212.55049991607666 520.02117638662457 39.591492809355259 54.168639175593853 2.4659744016826144 367.79692175611854 231.89144724607468 31.841617096215487 2.048019193112852 2.8565395586192635 1.5766096673905838 5.9654373228549957 38.762290574610233 15.743328310549257 1.6130649149417875
leaf_count=2617 9021 534 961 42 5658 3352 472 30 39 25 91 617 239 26
internal_value=-5.05807e-05 0.00468882 0.00157876 -0.0144053 0.00280259 0.00181047 0.00681753 0.0217896 0.0438805 0.0901723 0.0586236 0.00340748 0.0219173 0.0768143
internal_weight=1528.89 1008.87 796.321 56.6346 739.687 700.095 332.298 61.6446 29.803 9.59007 8.01346 270.654 20.2129 4.4696
internal_count=23724 14703 12086 1003 11083 10549 4891 922 450 146 121 3969 304 65
is_linear=0
shrinkage=0.05


Tree=35
num_leaves=15
num_cat=0
split_feature=9 1 11 0 9 3 9 11 0 0 6 5 3 1
split_gain=11.9024 9.70168 7.81206 5.92454 5.53852 5.33893 5.12563 8.85767 5.12527 7.59313 5.29374 8.9601 8.16224 6.24491
threshold=0.014257405877293365 0.0046776229609807136 0.0088668301602570793 0.0080226050321640409 0.0049771574818885172 2.531583592978536 0.007948659238323429 0.0092304894598710698 -3.9685151254349788e-05 0.002165146407156399 0.00048902863503468973 -0.011926427561377765 0.47097617729595459 0.0016121809577991815
decision_type=2 2 2 2 2 2 2 2 2 2 2 2 2 2
left_child=1 8 -3 5 -4 -2 -6 -8 -1 -10 11 12 -11 -12
right_child=3 2 4 -5 6 -7 7 -9 9 10 13 -13 -14 -15
leaf_value=0.0018691237008601519 0.0082495162354470682 -0.0047220902445275379 -0.022065543324209111 -0.0005280293728384763 0.014362274575486167 -0.00057550457138438307 0.026777479181421884 -0.0028303446148842818 -0.0040404403694619178 0.013930409670460884 0.007560486200742636 0.0015074159109793529 -0.020031569735373154 -0.011825883917851478
leaf_weight=2759.3796317875385 776.5610423386097 1965.0357926785946 20.203866690397263 465.99751552939415 100.04005959630013 219.91453552246094 28.826286047697067 204.22728288173676 1219.6074035763741 21.69401627779007 427.63609740138054 523.89732754230499 95.888308107852936 46.010029673576355
leaf_count=7364 2073 5272 54 1246 267 587 77 545 3260 58 1141 1400 257 123
internal_value=3.31861e-06 -0.000810013 -0.0034914 0.00412564 0.0033537 0.0063019 0.00489551 0.000831833 0.000410286 -0.00131389 0.00166813 -0.0012921 -0.0137656 0.00567729
internal_weight=8874.92 7412.45 2318.33 1462.47 353.297 996.476 333.094 233.054 5094.11 2334.73 1115.13 641.48 117.582 473.646
internal_count=23724 19818 6215 3906 943 2660 889 622 13603 6239 2979 1715 315 1264
is_linear=0
shrinkage=0.05


Tree=36
num_leaves=15
num_cat=0
split_feature=5 7 8 11 2 2 8 7 11 9 3 9 3 7
split_gain=9.09061 7.97001 8.782 7.8341 11.501 14.5485 8.44836 12.2318 9.38931 8.07489 7.37834 7.31854 9.17151 6.84278
threshold=0.011262382618103863 0.0038115590600897756 0.27603029874904245 0.004245510018889358 0.0049962485392203793 0.0031221437541225617 0.25083399983812871 0.0023422169766073747 0.0016017465967571073 0.0068469638510950471 0.46383446439326498 0.003984888998009777 0.29300320607697589 0.0041242073450233202
decision_type=2 2 2 2 2 2 2 2 2 2 2 2 2 2
left_child=3 2 -2 6 5 -5 7 -1 -8 -6 -4 -7 -13 -3
right_child=1 13 10 4 9 11 8 -9 -10 -11 -12 12 -14 -15
leaf_value=-0.0028757172673524031 0.001789901180566993 -0.0099218638949073457 0.040929729348721161 -0.0052035969134195679 0.0030347841986699173 0.018203189579390457 -0.026206402317262557 -0.013372023829206693 0.0032541745942683883 -0.0029305738954043727 0.010868578882855563 -0.023464602532471707 0.0058994008980747274 0.0018110975141072934
leaf_weight=1224.5405562222004 381.60520622134209 138.57092094421387 21.733198791742325 345.16006454825401 749.97645771503448 119.35808944702148 28.443848550319672 358.91493621468544 550.02898082137108 2328.8476395905018 335.79134756326675 27.292154997587204 1036.5023196935654 1203.8924730122089
leaf_count=3292 1019 370 58 925 2006 319 77 963 1474 6254 896 73 2775 3223
internal_value=6.03129e-06 0.00289568 0.00706526 -0.000882581 0.000282632 0.00382838 -0.00336569 -0.00525487 0.00180558 -0.00147746 0.0126959 0.00646328 0.00514605 0.000600005
internal_weight=8850.66 2081.59 739.13 6769.07 4607.14 1528.31 2161.93 1583.46 578.473 3078.82 357.525 1183.15 1063.79 1342.46
internal_count=23724 5566 1973 18158 12352 4092 5806 4255 1551 8260 954 3167 2848 3593
is_linear=0
shrinkage=0.05


Tree=37
num_leaves=15
num_cat=0
split_feature=9 11 11 11 3 3 1 9 2 1 3 2 6 1
split_gain=24.8067 13.2128 5.83434 6.13095 4.95421 4.72229 5.36617 6.37003 9.74302 9.69605 13.8977 9.27883 8.41816 6.73452
threshold=0.0091733138753955588 0.0030786540126598728 0.0089311397767915159 0.014881465813066343 0.35931148316570904 0.30034324301862697 0.0011500616682556329 0.0078128357676212224 0.0053126336630805295 0.0074046431552337076 0.48700103086259383 0.0058937179402219876 0.0015166086056933607 0.0022663933974007722
decision_type=2 2 2 2 2 2 2 2 2 2 2 2 2 2
left_child=1 4 5 -4 -1 -3 -7 12 -9 10 -10 -12 13 -8
right_child=-2 2 3 -5 -6 6 7 8 9 -11 11 -13 -14 -15
leaf_value=0.036083329604876591 -0.0089900915003884654 0.018438132373649919 -0.017757489506428439 0.06060292978952847 0.01267339070533631 -0.0025194525990213496 0.031553845663984795 0.0011373224629402854 0.19115505471086025 0.02063896502142637 0.13327596242757175 0.016121251365564519 -0.018960540586076057 0.0035942384054922006
leaf_weight=25.643203631043434 515.1460670568049 44.711454503238201 53.177318524569273 2.6191129907965651 190.45541203767061 364.11552734673023 24.020941603928804 31.817831344902515 2.2077489346265819 20.657661508768797 2.3746105097234231 5.8631232343614101 37.790111396461725 208.26947047188878
leaf_count=258 9021 598 961 42 2359 5619 346 471 28 304 33 85 611 2988
internal_value=-5.57171e-05 0.00448448 0.00151327 -0.0140792 0.0154513 0.00268605 0.00167575 0.00626293 0.0205903 0.0404903 0.0797495 0.0498923 0.00292506 0.00648552
internal_weight=1528.87 1013.72 797.625 55.7964 216.099 741.828 697.117 333.001 62.921 31.1031 10.4455 8.23773 270.081 232.29
internal_count=23724 14703 12086 1003 2617 11083 10485 4866 921 450 146 118 3945 3334
is_linear=0
shrinkage=0.05


Tree=38
num_leaves=15
num_cat=0
split_feature=9 1 0 11 5 2 9 2 5 6 4 7 8 8
split_gain=11.1148 7.75386 6.32226 6.47378 5.99972 6.05608 5.69919 6.86151 7.33546 5.83392 5.60724 5.60382 8.93855 8.8784
threshold=0.010680839929855522 0.0046776229609807136 -0.0048701246407350249 0.0089311397767915159 0.0026954165188413921 0.025186031384212028 0.0054698621190128844 0.013746777926948272 0.004191990905081806 1.0000000180025095e-35 0.15343691680920699 0.003552251156069539 0.3169734594625116 0.49842255556052667
decision_type=2 2 2 2 2 2 2 2 2 2 2 2 2 2
left_child=1 10 -3 -4 5 -2 9 -8 -9 -5 -1 12 -12 -13
right_child=4 2 3 6 -6 -7 7 8 -10 -11 11 13 -14 -15
leaf_value=0.0045321458229915963 0.004444276224625841 -0.01884504673082182 -0.0043637992632897171 -0.026393338745488409 -7.8063471029935882e-05 0.034560813747992504 0.012370840157068831 0.015462850757481751 -0.035949534637020754 0.023073231977227777 0.0022245108860008259 -0.0043965926005137329 -0.0063675942332849789 0.0079671133490310953
leaf_weight=593.71232756972313 1500.1807796657085 67.526091814041138 1598.1827844977379 24.683787614107132 1094.2238431274891 16.880329012870789 155.86152759194374 11.975115329027178 16.494019061326981 7.857873171567916 1919.8468778431416 1343.5846403837204 359.35530504584312 162.7973800599575
leaf_count=1584 4003 181 4292 66 2926 46 416 32 44 21 5124 3592 962 435
internal_value=3.58417e-06 -0.00113918 -0.00382268 -0.0032638 0.00274394 0.00477938 0.00484236 0.00824798 -0.0143237 -0.0144486 1.44117e-05 -0.000694127 0.000869818 -0.00306042
internal_weight=8873.16 6261.88 1882.58 1815.06 2611.28 1517.06 216.872 184.331 28.4691 32.5417 4379.3 3785.58 2279.2 1506.38
internal_count=23724 16749 5052 4871 6975 4049 579 492 76 87 11697 10113 6086 4027
is_linear=0
shrinkage=0.05


Tree=39
num_leaves=15
num_cat=0
split_feature=7 9 9 7 11 8 2 11 8 5 8 7 6 4
split_gain=8.54215 6.74922 8.10857 9.11806 11.582 15.9801 10.7917 10.1391 9.03085 8.40182 6.76693 7.31165 13.6792 6.80343
threshold=0.0018732274576334651 0.0023601712432499929 0.0070281333406778451 0.0023422169766073747 0.004245510018889358 0.2831013433669391 0.0026447881293619017 0.0038771164731163971 0.25755542023791317 -0.0040029983331342622 0.49842255556052667 0.0045349748342238582 -0.0054469985670793459 0.64073664831642185
decision_type=2 2 2 2 2 2 2 2 2 2 2 2 2 2
left_child=-1 -2 3 7 5 6 -5 8 -3 -4 -6 13 -13 -12
right_child=1 2 9 4 10 -7 -8 -9 -10 -11 11 12 -14 -15
leaf_value=-0.0044015320199119528 -0.012812507734229463 0.0024833468429334362 -0.0029809876216441936 0.0064368456841138568 0.0038968458724727251 0.0070126519423550655 -0.017700154751880796 0.031292077080312904 0.019212772129289242 0.0012747697587149045 -0.0050947705471106686 0.023323697421596502 -0.022127028079071024 0.030010293786452091
leaf_weight=977.70981079339981 93.32336363196373 321.60062277317047 2062.5280559957027 58.047595053911209 1974.0638015270233 157.20940610766411 228.99830055236816 46.363281637430191 107.67859196662903 2649.5511920750141 37.826119095087051 20.181753039360046 92.11314782500267 21.73026379942894
leaf_count=2632 252 862 5545 156 5278 420 614 124 288 7093 101 54 247 58
internal_value=6.29203e-06 0.000553802 0.000714179 0.00271563 0.00154714 -0.00580118 -0.0128191 0.00907878 0.00667969 -0.000588021 0.00306842 -0.00644779 -0.0139586 0.00771397
internal_weight=8848.93 7871.22 7777.89 3065.81 2590.17 444.255 287.046 475.642 429.279 4712.08 2145.92 171.851 112.295 59.5564
internal_count=23724 21092 20840 8202 6928 1190 770 1274 1150 12638 5738 460 301 159
is_linear=0
shrinkage=0.05


Tree=40
num_leaves=15
num_cat=0
split_feature=9 7 6 11 3 6 0 8 9 3 9 11 3 2
split_gain=23.2152 11.6203 8.472 6.57091 7.22476 7.01358 6.94366 8.07836 6.56404 7.81793 7.18356 10.1997 7.18914 6.48907
threshold=0.0087708188584269802 0.0018732274576334651 -0.0087748349923379345 0.0070220909309092281 0.31487352007909492 0.017609285257224033 0.0053725184972406833 0.11302477337187974 0.0054698621190128844 1.8150822391399337 0.0052763142598389852 0.0026967164991642876 1.2056055103177405 0.0014239806581766645
decision_type=2 2 2 2 2 2 2 2 2 2 2 2 2 2
left_child=1 2 -1 4 13 6 -5 -8 9 10 12 -12 -4 -3
right_child=-2 3 8 5 -6 -7 7 -9 -10 -11 11 -13 -14 -15
leaf_value=0.092249648036021162 -0.0082715559082884565 0.087490963768098937 0.018235510867091638 -0.011862955501774009 0.0025393577835555233 0.054184606309904543 0.1329016000789176 0.0040752993575130471 -0.0038308663333582343 0.098839982845198363 -0.0056387708382071421 0.16088791124691104 -0.02539678733043433 0.017773749151771764
leaf_weight=3.5095349773764601 550.39606963843107 3.6375066787004462 140.4550717882812 137.44656247645617 584.44052170962095 4.4387107491493216 1.7792813181877125 3.8500546738505363 41.406168449670076 2.9741341769695273 1.6764077693223947 2.0365993455052376 10.120895728468893 40.490299999713898
leaf_count=36 9672 35 1661 2333 8588 45 20 61 546 33 20 24 130 520
internal_value=-5.68667e-05 0.00456494 0.0152416 0.00178353 0.00401232 -0.00771349 -0.00963379 0.0447938 0.0138813 0.0185448 0.016997 0.0857018 0.0153028 0.0235206
internal_weight=1528.66 978.262 202.179 776.083 628.568 147.515 143.076 5.62934 198.669 157.263 154.289 3.71301 150.576 44.1278
internal_count=23724 14052 2450 11602 9143 2459 2414 81 2414 1868 1835 44 1791 555
is_linear=0
shrinkage=0.05


Tree=41
num_leaves=15
num_cat=0
split_feature=9 1 11 11 0 3 8 7 5 8 3 11 0 8
split_gain=10.1654 8.10801 7.39027 5.40032 5.2729 5.22528 5.12447 5.63658 6.74431 5.02595 4.98984 9.23256 6.6094 6.35511
threshold=0.014257405877293365 0.0038328151861239377 0.0088668301602570793 0.0097632359222385705 0.0080226050321640409 5.5684298781736912 0.093040930659923929 0.0057502005284684422 0.015067615142661526 0.76306965653910852 0.51948208018615494 0.01968614190591576 0.010831885363361798 0.60125320032255647
decision_type=2 2 2 2 2 2 2 2 2 2 2 2 2 2
left_child=1 10 6 -4 5 9 7 -3 -9 -2 11 13 -12 -1
right_child=4 2 3 -5 -6 -7 -8 8 -10 -11 12 -13 -14 -15
leaf_value=-0.002060359680660952 0.0060603246565488168 -0.0008886089418686209 0.012755997284256089 -0.0004409440819313536 -0.00057718019493595524 -0.019530988166755567 -0.0055078134792623844 0.052053485067033146 -0.0042754269225379537 0.046217324023620311 0.0016270054722035748 -0.057400897819902034 -0.039626114915481597 0.027253124897802124
leaf_weight=1458.2637703120708 968.48224392533302 496.14187204837799 110.38183829188347 260.38492888212204 465.8712043762207 19.847581595182419 1654.8693840801716 11.217729419469835 10.096869349479674 7.8549562990665427 3371.8993110060692 7.474003165960311 9.7373539507389051 18.727080523967743
leaf_count=3897 2586 1328 295 695 1246 53 4447 30 27 21 9003 20 26 50
internal_value=3.52287e-06 -0.000748336 -0.00303631 0.00348795 0.00381368 0.00586709 -0.00414985 0.000193016 0.0253701 0.0063834 0.000447392 -0.00196919 0.00150822 -0.00168869
internal_weight=8871.25 7409.19 2543.09 370.767 1462.06 996.185 2172.33 517.456 21.3146 976.337 4866.1 1484.46 3381.64 1476.99
internal_count=23724 19818 6822 990 3906 2660 5832 1385 57 2607 12996 3967 9029 3947
is_linear=0
shrinkage=0.05


Tree=42
num_leaves=15
num_cat=0
split_feature=2 0 8 4 8 1 8 11 2 11 8 7 3 5
split_gain=7.94545 6.61079 7.93904 6.09213 7.58216 7.67872 6.63961 6.05052 17.3683 9.21223 6.77072 7.70981 5.90386 9.56081
threshold=0.0020316487768767548 -0.00087423706572584744 0.33706487615046143 0.7071471755048242 0.040604558799822187 0.0085913001589764341 0.40964864250299066 0.004245510018889358 0.0044958091530351131 0.0045720688365796514 0.2831013433669391 0.0024965887972572408 2.0686979627916142 0.0082462714989407215
decision_type=2 2 2 2 2 2 2 2 2 2 2 2 2 2
left_child=-1 3 7 -2 -5 6 -6 8 10 12 11 -3 13 -9
right_child=1 2 -4 4 5 -7 -8 9 -10 -11 -12 -13 -14 -15
leaf_value=-0.0062060408482416535 -0.00095841716830709399 -4.3436389190049216e-05 0.0049187828081661182 0.030594382585730558 -0.034729621529078235 0.017567385457410729 8.5044985250043386e-06 0.0076234535239984918 -0.021968517019104072 0.00070230790766933379 0.014004628160208138 -0.014354727707920746 -0.01935242061165536 0.033120522548708085
leaf_weight=486.36511731147766 3380.9392255246639 691.79822051525116 1289.5645854175091 8.5809015631675702 50.504262506961823 12.318862348794935 18.903951555490494 157.72419771552086 107.49313160777092 2399.5392750203609 72.121995568275452 108.92546135187149 14.585720807313917 47.942378550767899
leaf_count=1316 9077 1854 3450 23 137 33 51 422 288 6421 193 292 39 128
internal_value=6.51036e-06 0.000367901 0.0015525 -0.00130076 -0.0141172 -0.0188117 -0.0252684 0.000346698 -0.00300413 0.0016006 -0.000668621 -0.00199026 0.011387 0.013567
internal_weight=8847.31 8360.94 4889.69 3471.25 90.308 81.7271 69.4082 3600.13 980.339 2619.79 872.846 800.724 220.252 205.667
internal_count=23724 22408 13087 9321 244 221 188 9637 2627 7010 2339 2146 589 550
is_linear=0
shrinkage=0.05


Tree=43
num_leaves=15
num_cat=0
split_feature=9 11 2 6 9 6 1 3 0 8 5 7 2 4
split_gain=21.7336 11.0419 5.50866 4.89694 5.97233 7.78821 4.4621 4.14459 6.65681 6.82462 3.99968 8.44086 13.2714 6.04425
threshold=0.0091733138753955588 0.0030786540126598728 0.010350601511263416 0.0029802563379278178 0.0090563430630799437 0.0068150035496740346 -0.0038102275520734046 0.26746713901767555 0.00087520742790432972 0.18999247284770396 -0.013655106462805823 0.0032610959563433117 0.0049962485392203793 0.56947125697125711
decision_type=2 2 2 2 2 2 2 2 2 2 2 2 2 2
left_child=1 7 3 6 -5 -6 -3 8 9 -1 11 12 13 -8
right_child=-2 2 -4 4 5 -7 10 -9 -10 -11 -12 -13 -14 -15
leaf_value=0.02571869308739462 -0.008527806545507428 -0.005775307255097349 -0.02127421499652192 -0.0056487538509341325 -0.034756830054555599 0.13043463801162242 0.077033237737782367 0.012483851376464869 -0.035917227258717967 0.11689782366534561 0.005239047328595578 0.0093403996609202934 0.17637574912336798 -0.035017236604756141
leaf_weight=4.827981196343897 506.53149443864822 89.154269833117723 25.919190000742674 196.8012155033648 1.1752303875982755 1.8161409832537172 2.6771067678928402 211.6299636438489 2.0553082153201094 3.5695521682500839 455.44243698567152 22.542793937027454 2.127760786563158 2.1864834614098072
leaf_count=44 9021 1369 451 3154 20 31 39 2525 21 27 6625 335 30 32
internal_value=-5.91309e-05 0.00413849 0.00139983 0.0021592 -0.00458296 0.0655353 0.00450541 0.0140019 0.0447363 0.0644763 0.00639534 0.0242264 0.0722245 0.0266596
internal_weight=1528.46 1021.93 799.843 773.923 199.793 2.99137 574.131 222.083 10.4528 8.39753 484.977 29.5341 6.99135 4.86359
internal_count=23724 14703 12086 11635 3205 51 8430 2617 92 71 7061 436 101 71
is_linear=0
shrinkage=0.05


Tree=44
num_leaves=15
num_cat=0
split_feature=9 5 1 9 0 11 7 7 8 2 8 0 11 9
split_gain=9.24546 7.0088 6.54612 5.90623 5.92294 6.04111 5.88466 7.92725 7.36142 5.44242 5.42167 5.33831 5.25356 6.66146
threshold=0.010146079174009314 0.0026954165188413921 -0.0095648235093838685 0.023173773961777198 -0.0024548774435827351 0.0057178802231033317 0.0024776668693116447 0.0031457762489709405 0.42960330485877635 0.025186031384212028 0.13829089299487948 -0.011007184228189396 0.0014613150331545589 0.0014654606547742949
decision_type=2 2 2 2 2 2 2 2 2 2 2 2 2 2
left_child=12 6 11 4 5 10 -2 8 -8 -9 -4 -3 13 -1
right_child=1 2 3 -5 -6 -7 7 9 -10 -11 -12 -13 -14 -15
leaf_value=-0.017114849785530638 0.016587661861485321 -0.012292613138757062 0.0091207168691544941 0.0079800955688231236 -0.0050685062635563742 0.0081538752239331321 -0.0027999533353498182 0.0046508386057849023 -0.036280925957112485 0.033315424570267642 -0.023015747912311417 0.020854128924925205 -0.0012690920006706097 0.020455695968464159
leaf_weight=14.985414147377012 94.445686817169189 15.358724713325499 21.363343596458435 144.0273325741291 746.33359169960022 189.04777845740318 154.77678978443146 1361.4372745454311 18.365492224693298 16.763147532939911 34.030656754970551 58.083634048700333 5945.0485171675682 55.471198946237564
leaf_count=40 252 41 57 385 1998 505 413 3634 49 46 91 155 15910 148
internal_value=3.69581e-06 0.00234733 -0.000544492 -0.00148075 -0.00285606 0.00389901 0.00447035 0.00373264 -0.00635134 0.00499949 -0.0106219 0.0139223 -0.00110823 0.0124648
internal_weight=8869.54 2854.03 1208.25 1134.8 990.775 244.442 1645.79 1551.34 173.142 1378.2 55.394 73.4424 6015.51 70.4566
internal_count=23724 7626 3232 3036 2651 653 4394 4142 462 3680 148 196 16098 188
is_linear=0
shrinkage=0.05


Tree=45
num_leaves=15
num_cat=0
split_feature=7 9 2 11 5 9 2 11 7 8 11 7 4 2
split_gain=7.47441 6.22724 7.32172 9.9921 7.59252 7.23515 8.22567 13.1615 8.29812 7.30318 8.47434 6.85983 6.71566 6.62564
threshold=0.0018732274576334651 0.0023601712432499929 0.0046529904876449401 0.004245510018889358 -0.01520273718249915 0.013388711326503379 0.0034799604006751556 0.0066772383131052026 0.0065614045209183734 0.2831013433669391 0.006365560142972927 0.0029888612323961589 0.32347526816627353 0.0059250987684056596
decision_type=2 2 2 2 2 2 2 2 2 2 2 2 2 2
left_child=-1 -2 5 4 -4 6 12 9 -9 -8 -11 -5 -3 -13
right_child=1 2 3 11 -6 -7 7 8 -10 10 -12 13 -14 -15
leaf_value=-0.00411860027975397 -0.01233211206767173 -0.0059094026888943706 0.018940126178503342 0.0067170207837148723 -0.016197947736621914 -0.0077672923053648413 0.0016727528263505505 0.024757939062210316 -0.0005836261663400785 0.011401357733750159 -0.032010368539387483 -0.0039769948450449231 0.0026366997602137185 0.00050532247360424935
leaf_weight=976.73396271467209 93.152531504631042 321.99876859784126 17.155221402645111 348.40196534991264 148.01355844736099 153.87128007411957 896.37505280971527 134.42142555117607 42.522626906633377 356.92217892408371 11.60727423429489 1082.4626252949238 803.48181572556496 3458.8363791704178
leaf_count=2632 252 864 46 933 397 413 2400 359 114 954 31 2897 2151 9281
internal_value=6.77821e-06 0.000518823 0.00067277 -0.000452928 -0.0125483 0.00276385 0.00339503 0.00589551 0.0186679 0.00410881 0.0100341 -4.4358e-05 0.000191669 -0.000563081
internal_weight=8845.96 7869.22 7776.07 5054.87 165.169 2721.2 2567.33 1441.85 176.944 1264.9 368.529 4889.7 1125.48 4541.3
internal_count=23724 21092 20840 13554 443 7286 6873 3858 473 3385 985 13111 3015 12178
is_linear=0
shrinkage=0.05


Tree=46
num_leaves=15
num_cat=0
split_feature=9 2 7 8 4 1 5 9 5 5 9 5 11 6
split_gain=20.3331 9.76974 6.81167 6.06943 7.37057 5.49662 9.66717 5.45315 10.6838 12.4416 7.71206 5.77453 5.02679 9.28754
threshold=0.0053558653910245257 0.010489738363247117 0.0021785975544537863 0.0048685612819818029 0.58423467325452971 -0.0054032087079938689 -0.011161927676304115 0.030714632034214585 -0.010426134783612566 -0.025963127141575854 0.013248707695763412 -0.060687822275359966 0.013687134489865789 0.0068150035496740346
decision_type=2 2 2 2 2 2 2 2 2 2 2 2 2 2
left_child=2 7 3 4 -1 -5 -7 10 9 -9 11 -2 -13 -14
right_child=1 -3 -4 5 -6 6 -8 8 -10 -11 -12 12 13 -15
leaf_value=0.13194329142359815 0.12252502115801851 -0.01749941721584158 0.0032033292355675086 -0.013905626503575791 -0.0054298284383467194 0.10885899416269094 0.014905089854763496 0.02982413160885998 -0.020721566581853545 0.21943796486086226 -0.012131541619959647 -0.00089062990265119943 0.0090264141842094654 0.16947771478809659
leaf_weight=2.3878070600330821 0.95413601770996948 119.38262720406055 282.41430858150125 16.383896235376596 1.6519271060824392 2.7782474122941485 188.29286735504866 2.325989849865437 3.5871893540024749 1.3774366751313207 173.10366642475128 729.00630839914083 3.4266224838793269 1.224066764116287
leaf_count=28 17 2164 4152 215 19 39 2221 42 65 25 3134 11523 59 21
internal_value=-6.14704e-05 -0.00404667 0.00828469 0.01507 0.0757687 0.013888 0.0162712 -0.00229146 0.0407785 0.100348 -0.00263739 -0.000400194 -0.000560061 0.0512574
internal_weight=1528.3 1034.39 493.909 211.495 4.03973 207.455 191.071 915.005 7.29062 3.70343 907.715 734.611 733.657 4.65069
internal_count=23724 17050 6674 2522 47 2475 2260 14886 132 67 14754 11620 11603 80
is_linear=0
shrinkage=0.05


Tree=47
num_leaves=15
num_cat=0
split_feature=9 1 11 11 7 1 0 4 11 11 8 7 5 2
split_gain=8.63148 7.09312 6.79186 5.09455 6.54127 5.98676 5.31336 5.9257 5.25829 5.07283 4.70609 5.27588 6.25863 4.68056
threshold=0.014257405877293365 0.0038328151861239377 0.0088668301602570793 0.014881465813066343 0.010940470433647913 0.0068568488543713146 -0.019438778248737482 0.056904877739729784 0.014127757068064064 0.0097632359222385705 0.093040930659923929 0.0057502005284684422 0.015067615142661526 0.013083956619987168
decision_type=2 2 2 2 2 2 2 2 2 2 2 2 2 2
left_child=1 -1 10 4 6 -5 13 -8 -9 -4 11 -3 -13 -2
right_child=3 2 9 5 -6 -7 7 8 -10 -11 -12 12 -14 -15
leaf_value=0.00042921611806193941 -0.015153642595193931 -0.00078322154776819827 0.012409615857954345 0.024847992473231727 -0.023882569090926242 0.0016325160521891966 0.023059286892235614 0.0036801478404676225 -0.02862505299308344 -0.00038281973850801815 -0.0052004617338287165 0.050284843256294447 -0.0039650185088034697 0.012297999824539867
leaf_weight=4865.2011669576168 67.084455132484436 496.00366559624672 110.33880031108856 58.330947071313858 22.806793868541718 53.004194378852844 39.336130529642105 1188.0155086517334 12.731189250946043 260.36503550410271 1653.3440319001675 11.235364884138109 10.091757357120512 20.203941315412521
leaf_count=12996 179 1328 295 157 61 142 105 3174 34 695 4447 30 27 54
internal_value=3.83226e-06 -0.000689099 -0.00283 0.00351543 0.00266773 0.0137956 0.00312392 0.00396321 0.00333762 0.00342481 -0.00389818 0.000263804 0.0246144 -0.00879963
internal_weight=8868.09 7406.58 2541.38 1461.51 1350.18 111.335 1327.37 1240.08 1200.75 370.704 2170.67 517.331 21.3271 87.2884
internal_count=23724 19818 6822 3906 3607 299 3546 3313 3208 990 5832 1385 57 233
is_linear=0
shrinkage=0.05


Tree=48
num_leaves=15
num_cat=0
split_feature=7 9 9 7 11 8 2 5 5 11 3 8 7 8
split_gain=6.91355 5.81159 7.03071 8.67739 10.2323 14.0322 9.97569 9.64401 7.02004 6.87844 6.51381 15.9817 6.99158 6.34573
threshold=0.0018732274576334651 0.0023601712432499929 0.0070281333406778451 0.0023422169766073747 0.004245510018889358 0.2831013433669391 0.0026447881293619017 0.012220683655066351 -0.0040029983331342622 0.00375846170083143 0.44847237636785997 0.33120018886583336 0.006111212373484021 0.49842255556052667
decision_type=2 2 2 2 2 2 2 2 2 2 2 2 2 2
left_child=-1 -2 3 7 5 6 -5 9 -4 -3 11 12 -10 -6
right_child=1 2 8 4 13 -7 -8 -9 10 -11 -12 -13 -14 -15
leaf_value=-0.0039616094898510335 -0.011923908309766192 0.0041150688031109774 -0.0027535251717687305 0.0063836406207853835 0.0036024318297977983 0.0064638344606563081 -0.016827381959563872 0.03243138863792748 -0.0078074071980229909 0.02255858942899705 0.00046963802815398428 0.039609837977620396 0.014388623424792175 -0.0064195013356923127
leaf_weight=976.23433059453964 93.023093074560165 378.07620313763618 2060.7576586902142 58.050539642572403 1974.3923273086548 157.21481949090958 228.50796714425087 39.331755012273788 74.757534682750702 58.35512712597847 2469.7982298433781 37.009047985076904 67.523994565010071 171.68407469987869
leaf_count=2632 252 1013 5545 156 5278 420 614 105 200 156 6613 99 181 460
internal_value=7.08059e-06 0.000499472 0.000648101 0.00251169 0.00137154 -0.00553978 -0.0121253 0.00871821 -0.000564902 0.00658115 0.00113765 0.0103398 0.00272639 0.00280069
internal_weight=8844.72 7868.48 7775.46 3065.61 2589.85 443.773 286.559 475.763 4709.85 436.431 2649.09 179.291 142.282 2146.08
internal_count=23724 21092 20840 8202 6928 1190 770 1274 12638 1169 7093 480 381 5738
is_linear=0
shrinkage=0.05


Tree=49
num_leaves=15
num_cat=0
split_feature=9 9 11 7 5 0 9 8 8 2 4 1 6 5
split_gain=19.1012 9.24608 7.23345 7.97735 14.8077 7.7829 6.55357 7.52943 8.70516 6.87325 7.09113 9.32087 11.6071 7.07383
threshold=0.0087708188584269802 0.0031511389258477014 0.0070579508776844645 0.0057206229499789868 0.0010311521928933348 0.0033380634936078504 0.0030923893724681363 0.21066056679755663 0.098989513372330584 0.00165798863630679 0.35068127783796804 1.0000000180025095e-35 0.0002322184771548865 0.0010311521928933348
decision_type=2 2 2 2 2 2 2 2 2 2 2 2 2 2
left_child=1 6 3 -3 -5 -4 9 8 -8 10 -1 -12 13 -13
right_child=-2 2 5 4 -6 -7 7 -9 -10 -11 11 12 -14 -15
leaf_value=-0.0035500066918408043 -0.0076461727007561351 0.0036716591416604454 -0.013619431269195861 -0.015268955615978278 0.15995412048684615 0.018557046297912667 0.037847574601623551 -0.013065367747010956 0.17196636853448671 0.0061401120141250645 0.0084061827216295095 0.10096220699761267 0.16771045655861944 0.027103111712810459
leaf_weight=10.852504212409256 538.29718935489655 704.0118710398674 115.73317650705576 2.5334710441529742 2.3006177097558975 22.436758760362864 2.7326126210391513 2.2607664316892624 2.1711408235132694 96.176206525415182 11.262944731861355 4.7260583415627506 2.447291560471057 10.322314433753489
leaf_count=116 9672 9956 1978 38 26 362 35 31 28 1193 115 44 22 108
internal_value=-6.56186e-05 0.00405632 0.0020712 0.00411119 0.0681224 -0.00839445 0.0158185 0.0624254 0.0972288 0.0133594 0.030888 0.0438837 0.0667226 0.0502991
internal_weight=1528.26 989.968 847.016 708.846 4.83409 138.17 142.952 7.16452 4.90375 135.787 39.6111 28.7586 17.4957 15.0484
internal_count=23724 14052 12360 10020 64 2340 1692 94 63 1598 405 289 174 152
is_linear=0
shrinkage=0.05


Tree=50
num_leaves=15
num_cat=0
split_feature=6 11 2 2 1 1 9 8 7 7 5 0 3 2
split_gain=8.20699 7.46047 6.5253 6.82938 5.91142 6.28809 10.2564 5.63815 6.69075 9.25604 20.1719 7.84711 7.60748 7.16255
threshold=0.0027955969660217379 0.0088668301602570793 0.0060235945542126612 0.0080936594580494781 -0.0015444284735115306 0.0047802587696840699 0.0052763142598389852 0.33706487615046143 0.0041918966570881622 0.0044504586285981354 -0.0088805551708965504 -0.0046814377915970493 0.50157076533744205 0.0068635666259406897
decision_type=2 2 2 2 2 2 2 2 2 2 2 2 2 2
left_child=1 7 4 -4 -3 -6 -7 8 13 10 -10 -12 -11 -1
right_child=-2 2 3 -5 5 6 -8 -9 9 12 11 -13 -14 -15
leaf_value=-0.00034124665053029155 0.0021394501588728491 -0.0073552230401040036 -0.0089425967873727474 0.0038060219534542562 0.039056469700768953 -0.039529207281950828 0.019874224433935862 -0.0048279557898624065 0.022721860716998513 -0.010154176964063255 0.01792930994189133 -0.026301537810361226 0.0011747053173483794 0.010401714397486231
leaf_weight=2818.3542637228966 2985.1996565759182 23.967376857995987 127.37933859229088 599.25836771726608 30.31890657544136 8.5767112076282483 47.556842803955078 1181.1878682076931 29.179207623004913 210.83309629559517 10.85749441385269 131.20042559504509 498.70437493920326 164.1917552947998
leaf_count=7537 7971 64 340 1601 81 23 127 3180 78 566 29 353 1335 439
internal_value=4.24693e-06 -0.00107948 0.0032921 0.00157119 0.0146168 0.0207082 0.0107979 -0.00180487 -0.000880585 -0.00470961 -0.0151433 -0.022921 -0.00219158 0.000250163
internal_weight=8866.77 5881.57 837.058 726.638 110.42 86.4525 56.1336 5044.51 3863.32 880.775 171.237 142.058 709.537 2982.55
internal_count=23724 15753 2236 1941 295 231 150 13517 10337 2361 460 382 1901 7976
is_linear=0
shrinkage=0.05


Tree=51
num_leaves=15
num_cat=0
split_feature=2 0 8 8 4 8 1 8 11 2 11 8 7 4
split_gain=6.59055 5.64198 6.95396 5.71301 5.6902 7.11507 7.09122 6.26713 5.10359 15.5661 8.38996 6.12851 7.05078 5.85799
threshold=0.0020316487768767548 -0.00087423706572584744 0.33706487615046143 0.34314207873552849 0.7071471755048242 0.040604558799822187 0.0085913001589764341 0.40964864250299066 0.004245510018889358 0.0044958091530351131 0.0045720688365796514 0.2831013433669391 0.0024965887972572408 0.40590692843164827
decision_type=2 2 2 2 2 2 2 2 2 2 2 2 2 2
left_child=-1 4 8 -4 -2 -6 7 -7 9 11 -10 12 -3 -12
right_child=1 2 3 -5 5 6 -8 -9 10 -11 13 -13 -14 -15
leaf_value=-0.0056576126431327374 -0.00087529036965309907 3.4923322048366095e-05 0.023173414430420994 0.0039856778232607208 0.029664294213196066 -0.0336390838378589 0.016756727206284138 0.0001447801935517189 0.010790306161050839 -0.020759525708164916 -0.0061911106066242852 0.01338887343566361 -0.013661427753221373 0.0014951668429358162
leaf_weight=485.24425867199898 3379.2987331151962 691.53350272774696 40.036689460277557 1249.2156150043011 8.5918587744235975 50.231888264417648 12.328781127929686 18.889651268720627 220.35703134536743 107.1752941608429 280.73818466067314 72.150602728128433 108.74088761210442 2118.4973568022251
leaf_count=1316 9077 1854 107 3343 23 137 33 51 589 288 751 193 292 5670
internal_value=7.33405e-06 0.000336235 0.00143064 0.00458154 -0.00120583 -0.0136109 -0.0181759 -0.0244066 0.00030197 -0.00277695 0.00145334 -0.000567831 -0.00182613 0.000595784
internal_weight=8843.03 8357.79 4888.45 1289.25 3469.34 90.0422 81.4503 69.1215 3599.19 979.6 2619.59 872.425 800.274 2399.24
internal_count=23724 22408 13087 3450 9321 244 221 188 9637 2627 7010 2339 2146 6421
is_linear=0
shrinkage=0.05


Tree=52
num_leaves=15
num_cat=0
split_feature=9 7 6 0 9 3 9 7 3 3 8 5 5 2
split_gain=17.893 8.8433 6.50247 7.99713 5.37772 6.68385 6.00381 7.96857 6.29818 5.07968 5.79422 6.043 7.1282 5.53067
threshold=0.0091733138753955588 0.0018732274576334651 -0.0086207686452107486 0.0034668288672836667 0.0054698621190128844 1.8150822391399337 0.0052763142598389852 0.0016410547383953419 1.2056055103177405 0.30034324301862697 0.011934452627744107 -0.01520273718249915 -0.00063395029508495711 0.0014239806581766645
decision_type=2 2 2 2 2 2 2 2 2 2 2 2 2 2
left_child=1 2 3 -1 5 6 8 -8 -4 10 -3 -12 -13 -14
right_child=-2 9 4 -5 -6 -7 7 -9 -10 -11 11 12 13 -15
leaf_value=0.0065241582679800101 -0.0078848645556658208 0.1042673147427738 0.015164819842666797 0.13756886498050774 -0.0042225352249822745 0.086299063137766835 -0.0069221964486412867 0.1338835720979569 -0.025488474660212375 0.00023640936367027638 0.075212802805362688 -0.01638044821663668 0.090241802031993987 0.01622472485072262
leaf_weight=2.360634669661521 494.98069957643747 1.7902240455150593 148.48259451985359 2.2971142381429672 43.519422885030508 3.2700826153159133 1.7530055865645398 2.3541914224624634 10.180372457951306 762.16989316046238 3.6291879974305621 18.487924180924892 2.7550840005278578 30.063249174505472
leaf_count=25 9021 23 1659 20 570 32 21 23 129 11475 55 250 23 398
internal_value=-6.82938e-05 0.00367675 0.0127214 0.0711529 0.0114226 0.0155233 0.0141014 0.0737858 0.0125564 0.00131074 0.0157455 0.0128608 0.00845026 0.0224384
internal_weight=1528.09 1033.11 214.217 4.65775 209.56 166.04 162.77 4.1072 158.663 818.896 56.7257 54.9354 51.3063 32.8183
internal_count=23724 14703 2479 45 2434 1864 1832 44 1788 12224 749 726 671 421
is_linear=0
shrinkage=0.05


Tree=53
num_leaves=15
num_cat=0
split_feature=6 11 2 2 7 1 11 3 11 7 2 7 6 4
split_gain=7.46075 6.9836 6.1106 6.33798 5.66174 6.59916 5.48907 9.56838 5.34522 7.34985 9.6847 5.72718 5.84789 5.62855
threshold=0.0027955969660217379 0.0088668301602570793 0.0060235945542126612 0.0080936594580494781 0.0063227818293518203 -0.0056451436368305146 0.0081322549884417974 0.50157076533744205 0.0094544007294844155 0.0090980466973671573 0.0099883364161087139 0.010940470433647913 -0.00033448761227609214 0.88043051450504095
decision_type=2 2 2 2 2 2 2 2 2 2 2 2 2 2
left_child=1 6 4 -4 -3 -6 -1 -8 -5 -10 -11 12 13 -12
right_child=-2 2 3 8 5 -7 7 -9 9 10 11 -13 -14 -15
leaf_value=-0.0013692246069874844 0.0020402774914307642 0.047816788840928104 -0.0085936618723229923 0.013993325074630759 -0.03361438631930655 0.014136815985869647 -0.027275841875790019 -0.0035175565251207939 -0.0033571764204222104 0.041202656429106664 0.025891600456899689 -0.0034656053141879865 -0.023307839896809103 -0.010261494514679052
leaf_weight=4811.6792500317097 2984.9882996976376 11.226060569286345 127.35825818777084 104.00282061100006 7.8582161366939536 91.283459901809692 55.864142030477524 175.55669915676117 301.53510004281998 20.981511563062668 60.238120496273041 90.333361744880676 8.9844597876071912 13.108554661273955
leaf_count=12897 7971 30 340 278 21 244 150 470 805 56 161 242 24 35
internal_value=4.45618e-06 -0.00102903 0.00320087 0.00153568 0.0141627 0.0103519 -0.00173099 -0.00925272 0.0036887 0.00152443 0.0091258 0.00522794 0.0147665 0.0194303
internal_weight=8865 5880.01 836.91 726.542 110.368 99.1417 5043.1 231.421 599.184 495.181 193.646 172.664 82.3311 73.3467
internal_count=23724 15753 2236 1941 295 265 13517 620 1601 1323 518 462 220 196
is_linear=0
shrinkage=0.05


Tree=54
num_leaves=15
num_cat=0
split_feature=2 7 5 8 6 8 3 6 7 2 2 6 11 8
split_gain=6.15571 7.61692 5.42611 8.11158 5.08524 7.02198 13.8365 11.4303 5.388 10.646 8.82651 6.86126 6.28944 5.25304
threshold=0.0021665971983351245 0.001257538979650805 0.0089843916921579572 0.19188795913070375 -0.0031274208057132818 0.27854478521763154 0.72878119382190898 -0.01688604394898972 0.0081018235179868333 0.015599163981111349 0.01795311811135088 -0.020968344430784824 0.0096540291531257757 0.23538391769561165
decision_type=2 2 2 2 2 2 2 2 2 2 2 2 2 2
left_child=2 -2 -1 -4 5 13 7 -7 12 -10 -11 -12 -8 -3
right_child=1 4 3 -5 -6 6 8 -9 9 10 11 -13 -14 -15
leaf_value=-0.0061261619787334612 0.019485082919770708 0.0010281103466286865 -0.018352210147992345 0.032172750160961792 -0.00067904851059783454 0.04783436867646032 0.0020783314095543389 0.011135346502133395 -0.022730048204505943 0.040483375471947421 -0.031194716116884531 0.020580575679701077 0.027293756068470745 -0.007113198662232186
leaf_weight=555.13554725050926 51.735873132944107 1564.4608463644981 12.310083508491514 22.397132933139801 5309.9128899276257 22.808592528104782 645.05201208591461 304.08722987771034 60.138457179069519 15.232830524444578 13.994413048028944 11.789377868175508 25.71561536192894 226.86789152026176
leaf_count=1505 139 4188 33 60 14252 61 1724 813 162 41 38 32 69 607
internal_value=7.50391e-06 0.000360229 -0.00492706 0.0142524 0.000239566 0.00192729 0.00507406 0.013696 0.00142283 -0.00933412 0.010307 -0.00752099 0.00304503 -2.96875e-06
internal_weight=8841.64 8251.8 589.843 34.7072 8200.06 2890.15 1098.82 326.896 771.923 101.155 41.0166 25.7838 670.768 1791.33
internal_count=23724 22126 1598 93 21987 7735 2940 874 2066 273 111 70 1793 4795
is_linear=0
shrinkage=0.05


Tree=55
num_leaves=15
num_cat=0
split_feature=9 9 6 9 8 11 9 6 7 5 11 11 5 8
split_gain=16.6913 8.08289 5.66949 5.66057 6.48694 5.49591 6.41003 9.47498 6.33702 9.32325 6.03386 13.0991 5.1582 9.53307
threshold=0.0091733138753955588 0.0031511389258477014 0.0030593994899806021 0.0030923893724681363 0.21066056679755663 0.0070220909309092281 0.0083904078131345917 0.024751653919641625 0.0057206229499789868 0.0013919011574203223 0.0089311397767915159 0.0079322206593843234 -0.012448677184365365 0.1302993693163266
decision_type=2 2 2 2 2 2 2 2 2 2 2 2 2 2
left_child=1 2 3 -1 -5 8 7 -7 -3 -10 11 -8 -13 -14
right_child=-2 5 -4 4 -6 6 10 -9 9 -11 -12 12 13 -15
leaf_value=0.015152989185091836 -0.0076639663464441428 0.0031811718932027605 -0.016657252347790859 0.095803781486852174 -0.010993331414226287 -0.012869261141843303 -0.0026067154057245641 0.12660789832595903 -0.0095253565400208948 0.14520715997766762 -0.014552486270189072 0.16344690261589323 0.16704237489620544 0.013058355731770872
leaf_weight=126.75037168338895 491.13001984730363 733.8058195412159 13.358074214309452 4.565637879073619 2.0649652294814587 125.56590270251036 9.2716293260455149 1.2295444756746281 1.9650594331324094 1.9293421879410741 9.9264609776437265 1.7573086358606813 1.4838815741240967 3.1153610423207283
leaf_count=1439 9021 10376 173 52 28 2164 144 12 30 18 180 21 21 45
internal_value=-7.09963e-05 0.00352581 0.0143986 0.0175089 0.062544 0.00173326 -0.00691246 -0.0115167 0.00351877 0.0671313 0.0159328 0.0352959 0.0905804 0.0627392
internal_weight=1527.92 1036.79 146.739 133.381 6.6306 890.05 152.35 126.795 737.7 3.8944 25.5546 15.6282 6.35655 4.59924
internal_count=23724 14703 1692 1519 80 13011 2587 2176 10424 48 411 231 87 66
is_linear=0
shrinkage=0.05


Tree=56
num_leaves=15
num_cat=0
split_feature=9 8 5 11 9 3 8 3 1 4 5 4 7 7
split_gain=7.23767 6.14888 6.3658 6.4064 10.3017 7.00408 6.55865 5.71513 6.34127 6.67157 5.06589 5.60018 5.00997 7.74999
threshold=0.010146079174009314 0.76306965653910852 0.0089843916921579572 0.0056534216831269401 0.014099217710110716 2.2476998305945233 0.55673639584400059 0.39746835797033714 0.0040669703069970012 0.37459180306718759 0.015755377671729309 0.2772513643877354 0.0024776668693116447 0.0031457762489709405
decision_type=2 2 2 2 2 2 2 2 2 2 2 2 2 2
left_child=-1 2 12 4 5 6 -4 -5 10 -10 -9 -12 -2 -14
right_child=1 -3 3 7 -6 -7 -8 8 9 -11 11 -13 13 -15
leaf_value=-0.00097942994687717842 0.013396011539528513 0.027155981620416988 -0.029837334625638385 -0.020875485784472306 0.0037866728393137839 0.0022743326957096579 0.0093587926121169677 -0.0015912275499284285 0.010119388928706109 -0.003705678026726496 0.00072082808565578267 0.026608801388466947 -0.0060095136657890734 0.0040746683059507309
leaf_weight=6011.3251886963844 120.18780109286308 24.236952900886536 84.129469573497772 29.191159099340439 91.750629901885986 31.560621738433838 12.223168283700941 51.694137156009674 110.27151188254356 418.23671799898148 31.463954776525497 62.163651138544083 216.87601736187935 1568.3063732683659
leaf_count=16098 321 65 226 78 246 85 33 138 295 1120 84 166 579 4190
internal_value=4.75309e-06 0.00207896 0.00186405 -0.00154486 -0.00899827 -0.0181688 -0.024865 0.000784007 0.00172232 -0.000821123 0.0109724 0.017909 0.00351483 0.00284957
internal_weight=8863.62 2852.29 2828.06 922.685 219.664 127.913 96.3526 703.021 673.83 528.508 145.322 93.6276 1905.37 1785.18
internal_count=23724 7626 7561 2471 590 344 259 1881 1803 1415 388 250 5090 4769
is_linear=0
shrinkage=0.05


Tree=57
num_leaves=15
num_cat=0
split_feature=7 3 9 2 11 5 9 11 7 2 7 8 5 7
split_gain=5.99739 5.35272 5.22367 6.55464 8.7452 6.99355 6.43237 7.68538 10.7668 9.85994 12.365 8.39072 7.8671 6.51194
threshold=0.0018732274576334651 2.34915876472953 0.0023601712432499929 0.0046529904876449401 0.004245510018889358 -0.01520273718249915 0.013388711326503379 0.0066515406245617669 0.0052221259730554038 0.0038452897711292538 0.0058232343276420897 0.16025034124804577 0.012748086728694144 0.0051240737928553133
decision_type=2 2 2 2 2 2 2 2 2 2 2 2 2 2
left_child=1 -1 -2 6 5 -5 7 8 12 -9 13 -12 -4 -11
right_child=2 -3 3 4 -6 -7 -8 9 -10 10 11 -13 -14 -15
leaf_value=-0.0029542991560933636 -0.01132801187359867 -0.022323203988276905 0.0013347111552391578 0.018420769166487005 -7.6315221559812357e-05 -0.015299170752119038 -0.0073510824869389597 0.0021669190114904382 -0.052492809017650778 0.020559746389248418 0.031705524801468432 -0.0075248971002666171 0.010358029174840402 0.050837665939945889
leaf_weight=938.04397493600845 92.771134078502655 37.080147236585617 1996.2785781025887 17.164522111415863 4887.4642494916916 147.63108056783676 153.6560537815094 151.9398675262928 8.9595238864421827 37.076183706521988 19.808045089244843 43.699716150760651 274.81168961524963 34.082419067621231
leaf_count=2532 252 100 5348 46 13111 397 413 407 24 99 53 117 734 91
internal_value=7.81988e-06 -0.00369082 0.000466368 0.000607142 -0.000458297 -0.011787 0.00258591 0.0031808 0.00221076 0.0108978 0.0207486 0.00471106 0.00242657 0.0350618
internal_weight=8840.47 975.124 7865.34 7772.57 5052.26 164.796 2720.31 2566.66 2280.05 286.606 134.666 63.5078 2271.09 71.1586
internal_count=23724 2632 21092 20840 13554 443 7286 6873 6106 767 360 170 6082 190
is_linear=0
shrinkage=0.05


Tree=58
num_leaves=15
num_cat=0
split_feature=9 11 1 0 7 5 6 9 8 1 6 2 0 2
split_gain=15.6104 7.613 7.21142 6.34166 5.57046 6.59821 12.0756 4.39347 7.23018 8.80995 15.4893 6.88245 4.32843 4.28492
threshold=0.0087708188584269802 0.0070220909309092281 -0.0038102275520734046 0.0033380634936078504 0.0053406369994718371 0.0055106576142277498 -0.00012624968657795323 0.0073854264646939791 0.11144016240689318 0.00317971817365754 0.00028952128675169075 0.0078524743201998735 -0.0048701246407350249 0.0019375051523759139
decision_type=2 2 2 2 2 2 2 2 2 2 2 2 2 2
left_child=1 2 12 -3 13 -6 -7 -5 11 10 -10 -9 -1 -4
right_child=-2 3 4 7 5 6 -8 8 9 -11 -12 -13 -14 -15
leaf_value=-0.031019509444187007 -0.0070383309450377856 -0.011629435853255599 0.017331008940252531 -0.0047177253830274317 0.0082723526933864075 0.014166873803580744 0.19435667093150863 0.041517029406183646 0.1657075917162569 -0.034870861809325158 -0.034871244854111555 0.18896003512101073 -0.00099058633078774844 0.0057335649386694955
leaf_weight=12.818253144621847 527.01220488548279 120.91110508143902 93.00234467536211 11.625112138688566 4.5628544092178327 2.0015445724129681 1.7364426478743551 1.9398981593549245 1.9940962195396408 4.3586602360010147 1.8605273030698297 1.3369334153831003 188.0523935444653 554.53866387531161
leaf_count=198 9672 2090 985 195 59 23 19 23 32 71 30 18 2777 7532
internal_value=-7.36537e-05 0.00359411 0.0053822 -0.00704204 0.00792096 0.0486204 0.0978721 0.0169537 0.0388798 0.0138273 0.0688934 0.101673 -0.00290684 0.00739923
internal_weight=1527.75 1000.74 856.712 144.026 655.842 8.30084 3.73799 23.1152 11.4901 8.21328 3.85462 3.27683 200.871 647.541
internal_count=23724 14052 11593 2459 8618 101 42 369 174 133 62 41 2975 8517
is_linear=0
shrinkage=0.05


Tree=59
num_leaves=15
num_cat=0
split_feature=9 1 2 8 2 1 11 0 1 2 8 11 9 11
split_gain=6.68565 5.83739 5.67428 5.23603 10.3259 10.0839 5.34097 6.34429 8.09948 6.01626 5.71396 5.32338 6.11601 6.02691
threshold=0.014257405877293365 0.0046776229609807136 0.009235787607926425 0.31456449442272977 0.0066596382743004763 0.01549076432252394 0.005919566593774358 -0.00015204324886663022 0.0065845348371332329 0.0052301484125941893 0.4494258747519686 0.0089311397767915159 0.0055193425402524469 0.0080253640646755688
decision_type=2 2 2 2 2 2 2 2 2 2 2 2 2 2
left_child=1 -1 3 11 5 6 -5 8 -8 -9 -11 13 -13 -3
right_child=-2 2 -4 4 -6 -7 7 9 -10 10 -12 12 -14 -15
leaf_value=0.00034107588382982376 0.0030963105080346037 -0.0020317080090236409 0.0038298531274929114 -0.011931961352669924 -0.018902634212524434 0.0089201947585317697 -0.021516995482246934 -0.018147392941037906 0.035328764790146253 -0.010144329126563607 0.040198480994848837 -0.023582819380209341 0.014104550290409027 -0.018023149664476441
leaf_weight=5090.1184196472168 1460.6656476855278 1246.914657086134 291.70783242583275 250.32331988215446 149.68652665615082 116.64162367582321 8.5546905696392077 42.540505856275558 23.423227578401566 11.862965404987337 10.738597720861433 12.325814604759215 85.015517443418503 61.841698795557022
leaf_count=13603 3906 3347 781 679 404 316 23 115 63 32 29 33 227 166
internal_value=4.89638e-06 -0.00060517 -0.00268881 -0.00363023 -0.00748336 -0.00380018 -0.00807059 0.00188197 0.0201215 -0.00707171 0.0137749 -0.00194831 0.0093324 -0.00278734
internal_weight=8862.36 7401.7 2311.58 2019.87 613.771 464.085 347.443 97.12 31.9779 65.1421 22.6016 1406.1 97.3413 1308.76
internal_count=23724 19818 6215 5434 1661 1257 941 262 86 176 61 3773 260 3513
is_linear=0
shrinkage=0.05


Tree=60
num_leaves=15
num_cat=0
split_feature=7 3 9 7 5 11 8 7 2 3 4 9 2 2
split_gain=5.56655 5.05026 4.86635 6.17297 10.2765 6.81052 18.9702 7.98941 6.91147 7.46796 6.73258 6.25617 6.02435 8.37572
threshold=0.0018732274576334651 2.34915876472953 0.0023601712432499929 0.0023422169766073747 0.012220683655066351 0.004245510018889358 0.21811244738514149 0.0030858751309370304 0.0026447881293619017 0.75732546162508374 0.97531314706023997 0.0052424367085911099 0.0049962485392203793 0.0034799604006751556
decision_type=2 2 2 2 2 2 2 2 2 2 2 2 2 2
left_child=1 -1 -2 4 10 6 7 8 11 -10 -4 -5 13 -7
right_child=2 -3 3 5 -6 12 -8 -9 9 -11 -12 -13 -14 -15
leaf_value=-0.0028411761250762124 -0.010942925180496298 -0.021674185023108191 0.002327185239942861 0.014882171905436715 0.023505325806337917 -0.0021940851223207531 0.003604909911045106 -0.060562259209326896 -0.023496346241772048 -0.0072891910796651256 0.038552054410769247 -0.021748153199957182 -0.00032367483793378397 0.0052292766928452349
leaf_weight=937.65239942073822 92.62784081697464 37.001844584941864 622.99632596969604 40.544751286506653 68.130175024271011 535.92263716459274 357.42649513483047 8.5261242985725385 131.37508270144463 154.85922423005104 13.09611541032791 16.359865725040436 4516.6859133541584 1305.8655984997749
leaf_count=2532 252 100 1670 109 182 1435 957 23 354 417 35 44 12120 3494
internal_value=8.09137e-06 -0.00355615 0.000449816 0.0005856 0.00504973 0.000140788 -0.00450704 -0.0127519 -0.0115639 -0.0147279 0.003073 0.00435109 0.00065911 0.00306923
internal_weight=8839.07 974.654 7864.42 7771.79 704.223 7067.57 709.092 351.665 343.139 286.234 636.092 56.9046 6358.47 1841.79
internal_count=23724 2632 21092 20840 1887 18953 1904 947 924 771 1705 153 17049 4929
is_linear=0
shrinkage=0.05


Tree=61
num_leaves=15
num_cat=0
split_feature=9 2 9 5 8 9 5 7 8 0 11 6 1 5
split_gain=14.5869 8.69471 5.19899 9.56604 12.5161 6.389 5.04176 4.80319 4.99469 6.00293 4.76608 7.11289 4.51546 8.12208
threshold=0.0053558653910245257 0.010489738363247117 0.030714632034214585 -0.016973996530287153 0.33120018886583336 0.013248707695763412 -0.0555452373374258 0.0021785975544537863 0.0048685612819818029 -1.0000000180025095e-35 0.013687134489865789 0.0068150035496740346 -0.0054032087079938689 -0.011161927676304115
decision_type=2 2 2 2 2 2 2 2 2 2 2 2 2 2
left_child=7 2 5 4 -4 6 -2 8 9 -1 -8 -12 -10 -14
right_child=1 -3 3 -5 -6 -7 10 -9 12 -11 11 -13 13 -15
leaf_value=0.11127643486304949 0.087419644668701557 -0.016568749858948871 0.21804548019292339 -0.010467701398671717 0.019303105234039313 -0.011097123041526951 -0.0007526894306911664 0.002550353356142415 -0.013957014821915288 -0.0072652262642132334 0.010050255293375505 0.14448378948435278 0.093596304857384238 0.012060642566071219
leaf_weight=2.7138214558362961 1.6370417177677143 113.65576773136854 1.3842241950333121 4.1350434571504584 1.8522052615880964 165.92186217755079 724.48853524774313 286.94614535197616 16.413713064044714 1.7609747946262349 3.3504726588726035 1.3930470682680605 3.1019511818885794 198.84080313891172
leaf_count=27 28 2164 23 76 33 3134 11512 4152 215 20 59 21 39 2221
internal_value=-7.6564e-05 -0.00353438 -0.00189592 0.0399232 0.104305 -0.00223967 -0.00022885 0.00682729 0.0123348 0.0646265 -0.000425611 0.0495299 0.0112632 0.0133131
internal_weight=1527.6 1017.82 904.162 7.37147 3.23643 896.791 730.869 509.777 222.831 4.4748 729.232 4.74352 218.356 201.943
internal_count=23724 17050 14886 132 56 14754 11620 6674 2522 47 11592 80 2475 2260
is_linear=0
shrinkage=0.05


Tree=62
num_leaves=15
num_cat=0
split_feature=4 9 11 7 5 4 7 11 6 1 5 8 4 11
split_gain=6.40679 6.33806 5.38931 11.8622 7.57407 6.16519 5.5817 8.7826 8.82032 7.75218 7.46656 7.09317 8.19176 7.05709
threshold=0.95954803765495744 0.010680839929855522 0.014127757068064064 0.0093146721922798912 0.0085966478849563675 0.62582535848121668 0.003552251156069539 0.0052490030581461298 0.0020884386866159006 0.019089722862620617 0.011035989614264255 0.21811244738514149 0.13510058147486734 0.0050032771067480128
decision_type=2 2 2 2 2 2 2 2 2 2 2 2 2 2
left_child=1 2 3 6 -5 -6 7 10 9 -9 -1 -8 -13 -12
right_child=-2 -3 -4 4 5 -7 11 8 -10 -11 13 12 -14 -15
leaf_value=0.00075240758523335513 -0.0069792909176824673 0.0023794247709559811 -0.019172572911370873 0.032524415859173046 -0.013188028687275286 0.031813028397902433 -0.0052913200366854762 0.0007724155280372007 0.02124861030022443 0.052801686077081571 -0.0083635902523186822 0.01241436665633806 -0.0012462563229912035 0.015088456225579833
leaf_weight=2708.9483118355274 316.60516184568405 2503.26995870471 38.861489534378052 44.109803199768066 23.588930457830429 11.236430317163466 1211.6020022928715 187.76837530732155 96.287122368812561 7.4430566430091849 385.23058804869652 121.10366699099541 1169.8385323286057 34.991464495658875
leaf_count=7242 849 6694 104 118 63 30 3245 503 257 20 1040 324 3141 94
internal_value=5.12796e-06 0.000263933 -0.000612683 -0.000492515 0.0187625 0.0013316 -0.000749115 0.00056372 0.00886457 0.0027562 -0.000209548 -0.0025436 3.52507e-05 -0.00641076
internal_weight=8860.88 8544.28 6041.01 6002.15 78.9352 34.8254 5923.21 3420.67 291.499 195.211 3129.17 2502.54 1290.94 420.222
internal_count=23724 22875 16181 16077 211 93 15866 9156 780 523 8376 6710 3465 1134
is_linear=0
shrinkage=0.05


Tree=63
num_leaves=15
num_cat=0
split_feature=2 0 8 4 8 1 8 8 3 11 3 9 4 9
split_gain=5.12839 4.7247 6.06973 5.33066 6.67132 6.55375 5.9644 5.24789 4.71178 5.093 4.67832 10.4084 5.69234 5.26936
threshold=0.0020316487768767548 -0.00087423706572584744 0.33706487615046143 0.7071471755048242 0.040604558799822187 0.0085913001589764341 0.40964864250299066 0.34314207873552849 2.1573600451903601 0.014881465813066343 1.3359753872303901 0.007300268334183087 0.47751926378408599 0.009731537349474453
decision_type=2 2 2 2 2 2 2 2 2 2 2 2 2 2
left_child=-1 3 -3 8 -5 6 -6 -4 10 -10 -2 -12 13 -13
right_child=1 2 7 4 5 -7 -8 -9 9 -11 11 12 -14 -15
leaf_value=-0.0049966987113291596 -0.00050236446225822274 0.00024515845939355573 0.022070493975814849 0.028735057993062321 -0.032640748634697479 0.015983959974795001 0.00035376913919200518 0.0036731737058788901 0.006083305799523743 -0.032857517828031306 0.013145663475302534 -0.023142475565736977 0.0048977952396859724 -0.0079539354888144616
leaf_weight=483.80417361855507 2534.3279814720154 3597.9697583913803 40.004801452159882 8.6000263690948469 49.948058843612671 12.335288196802138 18.872079938650131 1248.5937042236328 307.32310584187508 8.632444500923155 64.45282381772995 69.319993555545807 69.434940576553345 324.03351646661758
leaf_count=1316 6805 9637 107 23 137 33 51 3343 828 24 173 186 187 874
internal_value=8.26219e-06 0.000298119 0.00129975 -0.00111351 -0.0131399 -0.0175774 -0.0235929 0.00424432 -0.000793919 0.00501938 -0.00139385 -0.00567904 -0.00830077 -0.0106306
internal_weight=8837.65 8353.85 4886.57 3467.28 89.7555 81.1554 68.8201 1288.6 3377.52 315.956 3061.57 527.241 462.788 393.354
internal_count=23724 22408 13087 9321 244 221 188 3450 9077 852 8225 1420 1247 1060
is_linear=0
shrinkage=0.05


Tree=64
num_leaves=15
num_cat=0
split_feature=11 4 11 2 3 2 4 8 1 9 8 11 5 4
split_gain=13.7043 8.68599 7.94836 9.04851 7.83116 6.76657 6.69236 19.6964 11.2384 6.50625 11.032 5.32941 6.19852 11.6049
threshold=0.0068467847198277502 0.91509978688838201 0.0070220909309092281 0.0075649011254460214 0.31487352007909492 0.0033529785338916591 0.90039711012970514 0.37607283652255813 0.0032947823855299699 0.025273856757767856 0.27355928128467971 0.005919566593774358 0.0024204206571828766 0.74114237840151176
decision_type=2 2 2 2 2 2 2 2 2 2 2 2 2 2
left_child=4 -2 3 -3 11 6 -6 -8 -9 -4 -11 -1 -13 -14
right_child=1 2 9 -5 5 -7 7 8 -10 10 -12 12 13 -15
leaf_value=0.013319850486156002 -0.0098496072302885034 0.1918096398395483 0.00048596349573354895 0.0047226150305341042 0.0052995843787973984 -0.0011382458000737071 0.015604713176176725 0.23735899119504211 0.05362126360083537 0.14377436773237046 -0.012557224542030105 0.016334384714340826 0.14872574191841723 -0.008261023794165696
leaf_weight=52.682716995477676 390.36217273399234 1.3225027732551091 28.388890210539103 1.2639949582517145 333.29532152414322 675.0310914106667 26.39446393400431 1.6496299058198922 1.6795966699719427 2.2426706403493872 2.2714956291019917 5.787232354283331 3.2546758130192757 1.8442953415215013
leaf_count=560 7083 20 508 21 4287 10664 319 21 20 43 44 73 38 23
internal_value=-7.9229e-05 -0.00769649 0.0159864 0.100382 0.00286537 0.00182214 0.00732695 0.03006 0.144663 0.00935204 0.0651094 0.0199008 0.0517489 0.0919437
internal_weight=1527.47 425.852 35.4896 2.5865 1101.62 1038.05 363.019 29.7237 3.32923 32.9031 4.51417 63.5689 10.8862 5.09897
internal_count=23724 7719 636 41 16005 15311 4647 360 41 595 87 694 134 61
is_linear=0
shrinkage=0.05


Tree=65
num_leaves=15
num_cat=0
split_feature=5 4 9 3 2 5 11 11 11 6 2 7 2 8
split_gain=6.13254 6.21869 5.11646 7.03295 6.70583 6.4892 6.30814 9.73297 6.38639 5.76635 7.53093 6.32258 5.55311 5.38179
threshold=-0.066705350568643143 0.95954803765495744 0.0068049030100779248 1.5047763036666486 0.0031021589481421761 0.0036623313839658582 0.0017230051694595546 0.0022938787970164204 0.0028772201465729233 0.026415941827387292 0.016186943639037877 0.014755063973937147 0.0027615292762120879 0.19188795913070375
decision_type=2 2 2 2 2 2 2 2 2 2 2 2 2 2
left_child=-1 2 3 4 -2 9 -5 -8 12 10 11 -4 -9 -12
right_child=1 -3 5 6 -6 -7 7 8 -10 -11 13 -13 -14 -15
leaf_value=0.014767754269323537 0.0020972266715563698 -0.0070105402747265358 0.0031658867850256978 0.021646165208764848 -0.0024489843400855114 -0.00092041918148655095 -0.052997818984845124 0.049079481915738764 -0.017603655183748502 -0.0063246516127994021 0.041507268927875381 -0.039868112638886531 -0.011178028447803284 0.0068696744872661754
leaf_weight=69.796725124120712 1240.710107088089 314.95776480436325 2536.517739713192 11.232256203889845 2342.7475001215935 2030.5124439299107 16.435026228427887 7.4843848943710309 65.069860756397247 162.71044790744781 21.787698209285736 8.5639587342739087 7.8165847063064575 23.10821321606636
leaf_count=188 3318 845 6777 30 6283 5444 44 20 175 435 59 23 21 62
internal_value=5.41813e-06 -0.000111806 0.000144582 -0.00125388 -0.000874938 0.00122386 -0.0138229 -0.0179383 -0.010769 0.00280559 0.00337918 0.00302108 0.0182966 0.0236791
internal_weight=8859.45 8789.65 8474.7 3691.5 3583.46 4783.2 108.038 96.8059 80.3708 2752.69 2589.98 2545.08 15.301 44.8959
internal_count=23724 23536 22691 9891 9601 12800 290 260 216 7356 6921 6800 41 121
is_linear=0
shrinkage=0.05


Tree=66
num_leaves=15
num_cat=0
split_feature=7 3 9 7 5 11 8 7 2 3 4 9 9 11
split_gain=4.82437 4.81149 4.45737 5.85832 9.31733 6.44472 17.558 7.5294 6.58112 7.03489 6.13287 5.8561 5.81047 6.2108
threshold=0.0018732274576334651 2.34915876472953 0.0023601712432499929 0.0023422169766073747 0.012220683655066351 0.004245510018889358 0.21811244738514149 0.0030858751309370304 0.0026447881293619017 0.75732546162508374 0.97531314706023997 0.0052424367085911099 0.0070281333406778451 0.0040027336779777005
decision_type=2 2 2 2 2 2 2 2 2 2 2 2 2 2
left_child=1 -1 -2 4 10 6 7 8 11 -10 12 -5 13 -4
right_child=2 -3 3 5 -6 -7 -8 -9 9 -11 -12 -13 -14 -15
leaf_value=-0.0026139477629116606 -0.01049591516733548 -0.021019094291964933 0.0039828680650275941 0.014506068582061701 0.022481295783873312 0.00062000699972304359 0.0033949260951772284 -0.05893335010187261 -0.022811464821060928 -0.0070687233461469981 0.036859721547881107 -0.020960864130536858 -0.0048374217852476063 0.028458435199825157
leaf_weight=936.80497938394547 92.428834915161133 36.908194690942764 399.79646456241608 40.575800657272339 68.061792939901352 6357.3662712872028 357.38321793079376 8.4643361866474134 131.07070997357368 154.74516916275024 13.110734403133391 16.319700628519058 195.43161010742188 27.716097682714462
leaf_count=2532 252 100 1071 109 182 17049 957 23 354 417 35 44 525 74
internal_value=8.28937e-06 -0.00331159 0.000419433 0.000549277 0.00489845 0.000115884 -0.00440724 -0.0123473 -0.0111967 -0.0142881 0.00301698 0.00433286 0.00230471 0.00556965
internal_weight=8836.18 973.713 7862.47 7770.04 704.117 7065.93 708.559 351.176 342.711 285.816 636.055 56.8955 622.944 427.513
internal_count=23724 2632 21092 20840 1887 18953 1904 947 924 771 1705 153 1670 1145
is_linear=0
shrinkage=0.05


Tree=67
num_leaves=15
num_cat=0
split_feature=9 11 1 6 0 8 7 7 5 6 3 3 9 5
split_gain=13.0683 6.37838 6.28288 6.19308 5.86496 5.63184 5.30835 4.83119 5.2643 8.30133 4.54985 4.29226 4.24668 5.72949
threshold=0.0087708188584269802 0.0070220909309092281 -0.0038102275520734046 0.017609285257224033 0.0053725184972406833 0.11302477337187974 0.0068052137805927043 0.0053406369994718371 0.0055106576142277498 -0.00012624968657795323 1.6644990741364065 0.73768823680009199 0.0041882141276425337 -0.018624335806023077
decision_type=2 2 2 2 2 2 2 2 2 2 2 2 2 2
left_child=1 2 -1 4 10 -6 -7 -4 -9 -10 12 -5 13 -3
right_child=-2 3 7 11 5 6 -8 8 9 -11 -12 -13 -14 -15
leaf_value=-0.0029115635152192395 -0.006536567213729568 0.092644574889705622 0.0066850134069842797 0.10122949798701103 0.10550425990363743 -0.034959004084617759 0.092342873073595538 0.007540710407171896 0.01336448237285775 0.15541125439861767 0.083650506318412809 0.0047880370645965609 -0.014998889788129653 0.0013227578941109493
leaf_weight=200.87535026296973 518.0110862031579 1.9614006578922278 657.8406713232398 2.1838796436786643 2.1153752431273452 2.6769568249583249 1.1798109933733938 4.6344707719981653 2.0325332209467888 2.082263819873333 1.2648721635341633 2.4458014667034149 114.19754973426461 13.814313210546967
leaf_count=2975 9672 33 8517 21 20 41 20 59 23 19 21 24 2050 229
internal_value=-8.06635e-05 0.00323273 0.00484 -0.00659698 -0.00851612 0.0399429 0.00398349 0.00717591 0.0440858 0.0852462 -0.0107213 0.0502807 -0.0116397 0.0126768
internal_weight=1527.32 1009.31 867.465 141.84 137.21 5.97214 3.85677 666.59 8.74927 4.1148 131.238 4.62968 129.973 15.7757
internal_count=23724 14052 11593 2459 2414 81 61 8618 101 42 2333 45 2312 262
is_linear=0
shrinkage=0.05


Tree=68
num_leaves=15
num_cat=0
split_feature=5 4 9 11 7 2 7 11 6 8 7 2 2 5
split_gain=5.70736 5.71382 4.85471 4.93318 8.83489 5.65733 4.89449 8.30664 8.16574 7.80391 7.97567 9.20809 7.57837 9.88888
threshold=-0.066705350568643143 0.95954803765495744 0.010680839929855522 0.014127757068064064 0.0090980466973671573 0.01452088753791757 0.003552251156069539 0.0052490030581461298 0.0020884386866159006 0.21620603423673487 0.0068052137805927043 0.010350601511263416 0.005094266649085015 0.044304490222386812
decision_type=2 2 2 2 2 2 2 2 2 2 2 2 2 2
left_child=-1 2 3 4 5 6 7 -2 -9 -8 11 12 -11 -14
right_child=1 -3 -4 -5 -6 -7 9 8 -10 10 -12 -13 13 -15
leaf_value=0.014258057823829183 -0.00020908728695301338 -0.0067220560741001511 0.0020198971746790305 -0.018390609443481146 0.015299816789626684 -0.04213692070197933 -0.0052921729642813132 0.0027383686864666558 0.020531247127501113 -0.0062460923584616111 0.010089038359703721 -0.030194005206298731 0.0037208049255008195 -0.0269931384521645
leaf_weight=69.689536184072495 3128.1782951653004 314.78075510263443 2440.7533880472183 38.815087974071503 87.106133669614792 8.241929739713667 1190.9573840498924 195.20822960138321 96.289875417947769 378.66144701838493 179.86242765188217 26.83573192358017 675.31243655085564 27.264997601509094
leaf_count=188 8376 845 6527 104 233 22 3191 523 257 1018 481 72 1813 74
internal_value=5.63928e-06 -0.00010738 0.000138348 -0.000622899 -0.00050784 -0.000740951 -0.000683109 0.000543163 0.00861585 -0.00237477 0.000322954 -0.00126227 -0.000544206 0.00252889
internal_weight=8857.96 8788.27 8473.49 6032.73 5993.92 5906.81 5898.57 3419.68 291.498 2478.89 1287.94 1108.07 1081.24 702.577
internal_count=23724 23536 22691 16164 16060 15827 15805 9156 780 6649 3458 2977 2905 1887
is_linear=0
shrinkage=0.05


Tree=69
num_leaves=15
num_cat=0
split_feature=2 7 5 8 4 6 8 3 6 8 8 7 2 8
split_gain=4.51196 7.37369 4.9353 7.39672 4.9952 4.05718 6.18629 12.959 10.7143 4.82699 5.39464 4.99639 4.75687 5.94176
threshold=0.0021665971983351245 0.001257538979650805 0.0089843916921579572 0.16331799968673597 0.13166775710177567 -0.0031274208057132818 0.27854478521763154 0.72878119382190898 -0.01688604394898972 0.23538391769561165 0.11793668795516364 0.0086590636491494094 0.015599163981111349 0.2642500908749828
decision_type=2 2 2 2 2 2 2 2 2 2 2 2 2 2
left_child=2 -2 4 -4 -1 6 9 8 -8 10 -3 -11 -7 -14
right_child=1 5 3 -5 -6 12 7 -9 -10 11 -12 -13 13 -15
leaf_value=-0.020541082952110601 0.019120427182777087 -0.0018649938880496821 -0.024112862049956073 0.028044528050193047 -0.0038821039830698387 -0.00042272097194738132 0.046062926443323014 0.001119022306700292 0.010520550439328931 -0.0086478562341150301 0.0040221371082696028 0.025146877905361895 -0.028349357537044276 -0.0025960806627438136
leaf_weight=49.411106824874878 51.774039953947067 835.79807767271996 9.2834327816963178 25.384066015481949 503.85780876874924 5207.2299432754517 22.793778598308563 771.33405664563179 303.92732813954353 215.21143579483032 728.13581010699272 11.522567361593245 34.192023605108261 64.925627559423447
leaf_count=135 139 2239 25 68 1370 13980 61 2066 813 576 1949 31 94 178
internal_value=8.71828e-06 0.000310419 -0.00422316 0.0140776 -0.00536988 0.000191583 0.00169941 0.0046542 0.0130002 -0.000112504 0.000875935 -0.00693042 -0.000629261 -0.01148
internal_weight=8834.78 8246.84 587.936 34.6675 553.269 8195.07 2888.72 1098.06 326.721 1790.67 1563.93 226.734 5306.35 99.1177
internal_count=23724 22126 1598 93 1505 21987 7735 2940 874 4795 4188 607 14252 272
is_linear=0
shrinkage=0.05


Tree=70
num_leaves=15
num_cat=0
split_feature=11 4 7 3 2 4 8 1 6 9 3 6 6 11
split_gain=12.1823 8.03352 7.08871 6.90528 5.99903 5.87744 15.4023 6.98287 5.05185 5.51891 8.65207 6.59054 9.76882 4.96132
threshold=0.0068467847198277502 0.91509978688838201 0.0041918966570881622 0.31487352007909492 0.0033529785338916591 0.90039711012970514 0.37607283652255813 0.0032947823855299699 0.00094999830083538576 0.025273856757767856 3.0489892921836308 -0.0020410834389546421 -0.0011835833093039344 0.0023612484905479983
decision_type=2 2 2 2 2 2 2 2 2 2 2 2 2 2
left_child=3 -2 -3 -1 5 -5 13 -8 9 11 -11 -4 -13 -7
right_child=1 2 8 4 -6 6 7 -9 -10 10 -12 12 -14 -15
leaf_value=0.018458836675439721 -0.0094454309348454002 0.13649368458277256 0.00010656944092460029 0.0049104918940311411 -0.001118741925178117 0.048447486497669133 0.18509688285373063 0.049189219289429632 -0.022701295935076884 0.13483675130946363 -0.034599723412200453 0.17628086540331156 0.016367952887015026 0.00092795782808390763
leaf_weight=65.156906045973301 384.35242753848433 1.1667277850210656 18.640858635306362 336.32054384797812 674.59863037616014 7.6801991239190164 2.0353220775723453 1.7644562572240827 8.3520144894719106 2.3589203171432014 1.1070149354636667 1.4165569208562372 2.9312203004956272 19.285646114498377
leaf_count=694 7083 19 331 4287 10664 74 21 20 153 41 21 21 50 245
internal_value=-8.39835e-05 -0.0073307 0.0152639 0.00266797 0.00168026 0.00682403 0.0277422 0.121987 0.0112002 0.0219033 0.080719 0.0130359 0.0684695 0.0144621
internal_weight=1527.17 420.326 35.9733 1106.84 1041.68 367.086 30.7656 3.79978 34.8066 26.4546 3.46594 22.9886 4.34778 26.9658
internal_count=23724 7719 636 16005 15311 4647 360 41 617 464 62 402 71 319
is_linear=0
shrinkage=0.05


Tree=71
num_leaves=15
num_cat=0
split_feature=9 3 8 5 7 2 3 3 8 2 0 3 7 1
split_gain=5.39039 6.87941 6.38396 6.18321 7.11572 12.0536 6.74754 6.66317 9.41836 6.61321 7.12531 7.40588 6.41423 6.39803
threshold=0.0070281333406778451 1.5047763036666486 0.56464800920956726 -0.0046614495390686983 0.002721698622460625 0.005094266649085015 0.554197500196833 0.44847237636785997 0.33120018886583336 0.0099883364161087139 0.0078176433143167853 4.6856609021149556 0.010940470433647913 0.0022663933974007722
decision_type=2 2 2 2 2 2 2 2 2 2 2 2 2 2
left_child=1 -1 -3 4 -2 -6 -7 8 -5 -9 12 -12 -11 -14
right_child=3 2 -4 7 5 6 -8 9 -10 10 11 -13 13 -15
leaf_value=-0.00098254264530482508 0.010901424679975355 -0.0099183633445912491 -0.055714394673181206 -0.0038902168263485835 -0.0069885689329965781 0.012620753968292819 0.0026301301093175438 -0.00077905699676112132 -0.031907739011693935 0.014278880833014224 -0.0079600801951231048 0.038483689445619085 0.022494044742462142 -0.020816300429486498
leaf_weight=3867.8285388052464 262.0421307682991 116.85140666365623 8.1399238705635053 148.75327137112617 304.26073691248894 194.29789838194847 1298.2971282601357 2244.7926298677921 37.57166251540184 220.92941692471504 103.32525679469109 9.3610891997814161 12.321864128112791 27.68846994638443
leaf_count=10368 700 314 22 398 813 520 3472 6017 101 591 276 25 33 74
internal_value=5.78479e-06 -0.00135563 -0.0129008 0.00112344 0.00320422 0.00208171 0.00393066 -0.000404007 -0.00953984 0.000246092 0.00640532 -0.0041019 0.0109428 -0.00747814
internal_weight=8856.46 3992.82 124.991 4863.64 2058.9 1796.86 1492.6 2804.74 186.325 2618.42 373.626 112.686 260.94 40.0103
internal_count=23724 10704 336 13020 5505 4805 3992 7515 499 7016 999 301 698 107
is_linear=0
shrinkage=0.05


Tree=72
num_leaves=15
num_cat=0
split_feature=7 3 2 11 2 11 7 6 3 5 8 11 9 7
split_gain=4.42642 4.49619 4.1837 8.37447 7.70191 9.49425 9.79355 7.59415 7.10251 6.58419 6.38352 9.68766 6.26881 6.24736
threshold=0.0018732274576334651 2.34915876472953 0.0046529904876449401 0.004245510018889358 0.0034799604006751556 0.0067426283908447304 0.0059996865013638356 0.0053167750678897929 0.29300320607697589 -0.01520273718249915 0.2831013433669391 0.0061300676706282477 0.013523055347217313 0.0029888612323961589
decision_type=2 2 2 2 2 2 2 2 2 2 2 2 2 2
left_child=1 -1 4 9 -2 10 8 -8 -7 -4 12 -12 -6 -5
right_child=2 -3 3 13 5 6 7 -9 -10 -11 11 -13 -14 -15
leaf_value=-0.0024983027264621764 -0.0010078805527461237 -0.020315687212924673 0.01779054912930093 0.0063672497439093622 0.0015116500128721738 -0.017655220220541307 0.010260800656818156 -0.024661097485398679 0.028820466965058945 -0.014912329678166948 0.010065885744588233 -0.019466644217488394 -0.016591144914480837 -0.00057663228931764633
leaf_weight=936.28081411123276 1231.4748708605766 36.799292117357254 17.173414081335068 348.77861633896828 906.37728768587112 8.9825131893157941 69.034427374601364 20.100442260503769 96.907561868429184 148.30353176593781 388.98294317722321 29.903598755598068 50.486496269702911 4543.8889392018318
leaf_count=2532 3307 100 46 934 2428 24 185 54 259 400 1041 80 136 12198
internal_value=8.9998e-06 -0.00317211 0.000402806 -0.000455784 0.00195259 0.00427357 0.014598 0.00238571 0.024878 -0.0115184 0.00280998 0.00795761 0.000556502 -8.16308e-05
internal_weight=8833.47 973.08 7860.39 5058.14 2802.25 1570.78 195.025 89.1349 105.89 165.477 1375.75 418.887 956.864 4892.67
internal_count=23724 2632 21092 13578 7514 4207 522 239 283 446 3685 1121 2564 13132
is_linear=0
shrinkage=0.05


Tree=73
num_leaves=15
num_cat=0
split_feature=9 9 9 5 1 11 1 4 2 9 5 1 6 11
split_gain=11.7424 6.58021 6.58152 10.2672 6.89038 5.50485 19.8615 5.39382 5.16355 5.02435 5.49458 8.33763 5.09135 4.5581
threshold=0.012572761749778619 0.0031511389258477014 0.012344865439399331 0.034567090880682771 -0.015210314962560425 0.0031072845425029016 -0.0059023504588722022 0.85979416234724193 0.010489738363247117 0.0030923893724681363 0.00047712714061776492 0.001969459838125979 0.0029802563379278178 0.013687134489865789
decision_type=2 2 2 2 2 2 2 2 2 2 2 2 2 2
left_child=1 9 8 4 -4 6 -2 -7 13 12 -11 -12 -1 -3
right_child=5 2 3 -5 -6 7 -8 -9 -10 10 11 -13 -14 -15
leaf_value=0.012361763643357093 0.2190377733115077 0.0006674567933968882 0.13503952235463779 0.18092124616930919 0.0050703521005598384 -0.013752833276271645 -0.034827711373021271 0.0055204208541692369 -0.016911350953354814 0.0047033208932155063 0.16221939020470844 0.025208465636011385 -0.0202347249772886 0.049921264454032534
leaf_weight=133.56352208927274 1.1820284239947798 1051.766787212342 1.1787739396095265 1.1599816121160973 7.560084916651248 216.28451149538159 2.21268730983138 43.623522214591503 42.382879246026278 3.7185741104185563 2.0198320746421814 2.4660894423723221 13.159592069685457 4.7183276638388625
leaf_count=1431 20 15829 22 22 142 4226 36 833 824 43 22 29 167 78
internal_value=-8.616e-05 0.00191525 0.000566558 0.0411542 0.0226017 -0.00969173 0.0535674 -0.010518 0.000200936 0.0115674 0.049645 0.086899 0.00943819 0.000887427
internal_weight=1527 1263.69 1108.77 9.89884 8.73886 263.303 3.39472 259.908 1098.87 154.928 8.2045 4.48592 146.723 1056.49
internal_count=23724 18609 16917 186 164 5115 56 5059 16731 1692 94 51 1598 15907
is_linear=0
shrinkage=0.05


Tree=74
num_leaves=15
num_cat=0
split_feature=5 4 9 0 4 11 7 2 5 11 4 8 2 3
split_gain=5.23477 5.14842 4.25115 4.74697 5.68698 4.60461 8.26478 5.33194 4.67803 6.67185 8.71793 4.78319 4.57431 8.08016
threshold=-0.066705350568643143 0.95954803765495744 0.010680839929855522 -0.019438778248737482 0.28948890420904405 0.014127757068064064 0.0090980466973671573 0.01452088753791757 0.0052279990256110234 0.013297268085721618 0.5261685637492387 0.2199296641342352 0.013083956619987168 1.6253056947993019
decision_type=2 2 2 2 2 2 2 2 2 2 2 2 2 2
left_child=-1 2 5 4 12 6 7 -2 11 10 -10 -8 13 -4
right_child=1 -3 3 -5 -6 -7 8 -9 9 -11 -12 -13 -14 -15
leaf_value=0.013667102675617843 -0.00063976923865873632 -0.0063840931384080762 -0.053390031860777593 0.0023255652585488897 -0.037915231927601933 -0.017757908125501067 0.051160725743695096 -0.040901519338878631 -0.030341244228391736 0.043577543126277943 0.01795031023391724 0.014982092706623304 0.017424481534153758 -0.0026018313919362918
leaf_weight=69.571683168411255 5896.7313323318958 314.49619141221046 9.3595529198646528 2349.3299839794636 14.59512224793434 38.767870366573334 13.741460829973219 8.2346595823764783 17.97919237613678 8.6085197627544385 19.462295234203339 27.25886744260788 18.981513142585754 47.961830317974091
leaf_count=188 15805 845 25 6284 39 104 37 22 48 23 52 73 51 128
internal_value=5.87983e-06 -0.000102302 0.000130917 0.00189179 -0.00931956 -0.000581582 -0.000470452 -0.000695916 0.0148236 0.00388667 -0.00523902 0.0271075 -0.00384982 -0.0108946
internal_weight=8855.08 8785.51 8471.01 2440.23 90.898 6030.78 5992.02 5904.97 87.0503 46.05 37.4415 41.0003 76.3029 57.3214
internal_count=23724 23536 22691 6527 243 16164 16060 15827 233 123 100 110 204 153
is_linear=0
shrinkage=0.05


Tree=75
num_leaves=15
num_cat=0
split_feature=5 7 8 3 7 11 7 2 7 0 2 7 3 11
split_gain=4.19118 6.07597 6.83258 6.91305 6.78831 7.38607 8.162 6.11263 6.84477 7.06855 5.42354 6.87244 7.32666 6.52187
threshold=0.011262382618103863 0.0038115590600897756 0.27603029874904245 0.46383446439326498 0.0041242073450233202 0.0058742402214081828 0.0041672487063309791 0.0038452897711292538 0.0044141983829040768 -0.0039520001146926579 0.015599163981111349 0.003552251156069539 0.64893690000044879 0.0052490030581461298
decision_type=2 2 2 2 2 2 2 2 2 2 2 2 2 2
left_child=10 2 -2 -4 -3 6 -6 -7 9 -9 11 13 -13 -1
right_child=1 4 3 -5 5 7 -8 8 -10 -11 -12 12 -14 -15
leaf_value=-0.0012040612625926986 0.00096405982596167988 -0.010514087273976101 0.037978834572930963 0.0088212423644964417 -0.01761893015602067 -0.018539290537364844 0.028943790892302274 -0.018283140312161144 -0.00016395606355403127 0.020090377097220946 -0.011011249943135046 0.0042262581618613274 -0.00070539847544532925 -0.0084123536516325821
leaf_weight=3163.5649372637272 381.48630625009537 138.52509248256683 21.641662031412125 335.03732377290726 11.986902207136152 41.455364584922791 43.805280268192291 14.210458338260649 1014.1577362120152 77.174431771039963 122.69654569029808 1271.9082791209221 1846.3746592998505 348.34872317314148
leaf_count=8515 1019 370 58 896 32 111 117 38 2719 206 339 3405 4964 935
internal_value=9.46279e-06 0.00197222 0.00561547 0.0105904 -3.27657e-05 0.00117437 0.0189398 0.00031022 0.00101703 0.0141232 -0.000594948 -0.000402187 0.00130616 -0.00191906
internal_weight=8832.37 2079.48 738.165 356.679 1341.32 1202.79 55.7922 1147 1105.54 91.3849 6752.89 6630.2 3118.28 3511.91
internal_count=23724 5566 1973 954 3593 3223 149 3074 2963 244 18158 17819 8369 9450
is_linear=0
shrinkage=0.05


Tree=76
num_leaves=15
num_cat=0
split_feature=2 11 6 9 3 5 4 9 7 2 9 3 3 5
split_gain=11.1525 7.33936 10.2883 8.46268 8.07195 10.9732 9.15485 5.62658 14.2542 7.99089 11.1961 7.76953 5.11236 8.21959
threshold=0.010489738363247117 0.0038459536920093297 -0.0089520484789393263 0.017274197195704565 1.1489695561911903 0.017989087401029752 0.80131415135926887 0.003857019715977648 0.0026766716177020851 0.0042512526137289258 0.0065742544128909019 0.62607272040566475 0.30034324301862697 0.026854091340749023
decision_type=2 2 2 2 2 2 2 2 2 2 2 2 2 2
left_child=1 2 4 7 6 -6 -1 -4 -9 10 11 -10 13 -3
right_child=-2 12 3 -5 5 -7 -8 8 9 -11 -12 -13 -14 -15
leaf_value=0.15931433293260169 -0.015299584560095142 0.010732589019580432 0.011602805712203491 0.10379911658506265 -0.012070095207138145 0.12569054260009185 0.026525821476522018 -0.0025791907031182722 0.1289566416325236 0.0015139897799592494 0.21626216394980441 -0.035028888388525151 -0.0020473896528017872 0.12839288111876956
leaf_weight=2.8225033916532984 111.70383707806468 48.735789313912392 170.50623270124197 2.1661349199712268 6.4283445999026281 1.8648596853017805 2.403101310133934 225.02368574589491 1.5243419669568532 2.74508111551404 1.5933426208794115 1.3728221952915189 946.51764146238565 1.5309566929936398
leaf_count=35 2232 633 1813 39 90 29 27 3025 22 43 27 20 15664 25
internal_value=-8.97467e-05 0.00111076 0.00666805 0.00523554 0.0495764 0.0189076 0.0982488 0.00470545 -0.000358038 0.0687189 0.109802 0.051252 -0.0012222 0.0143161
internal_weight=1526.94 1415.23 418.45 404.932 13.5188 8.2932 5.2256 402.766 232.259 7.23559 4.49051 2.89716 996.784 50.2667
internal_count=23724 21492 5170 4989 181 119 62 4950 3137 112 69 42 16322 658
is_linear=0
shrinkage=0.05


Tree=77
num_leaves=15
num_cat=0
split_feature=6 11 2 2 7 1 11 3 0 5 8 5 7 7
split_gain=4.9219 5.311 5.90374 5.57157 5.25972 6.09801 5.18108 8.61797 5.02535 4.80769 4.62802 6.53627 5.39996 4.87942
threshold=0.0027955969660217379 0.0088668301602570793 0.0060235945542126612 0.0074609229893482223 0.0063227818293518203 -0.0056451436368305146 0.0081322549884417974 0.50157076533744205 -0.0022751429643670337 -0.039230939470647423 0.33706487615046143 -0.0322304452812446 0.0010398669608766449 0.0045638602709475902
decision_type=2 2 2 2 2 2 2 2 2 2 2 2 2 2
left_child=1 6 4 8 -3 -6 9 -8 -4 -1 -11 -12 -13 -14
right_child=-2 2 3 -5 5 -7 7 -9 -10 10 11 12 13 -15
leaf_value=0.023968124230688146 0.0016601684069980954 0.046111503562143712 0.012116643325477908 0.0028742856995131374 -0.032369052704699905 0.013604659786459706 -0.025913459193056855 -0.0033231664378572086 -0.016549127127220672 -0.00035366983974924131 -0.034685316567210828 0.025879133092834558 -0.0062932237930327824 0.0010674642837602329
leaf_weight=19.05795830488205 2982.3159628510475 11.203949451446531 19.479115873575211 634.98795610666275 7.8328322768211356 91.133031904697418 55.604582995176315 175.36904066801071 71.076019883155823 3702.1093301773071 17.156389892101288 15.335977137088774 724.55621656775475 326.65486010909081
leaf_count=51 7971 30 52 1699 21 244 150 470 190 9917 46 41 1961 881
internal_value=6.03791e-06 -0.000834138 0.00285724 0.00121965 0.0136419 0.00996599 -0.00144673 -0.00876155 -0.0103829 -0.0010951 -0.00119491 -0.00406873 -0.00357623 -0.00400595
internal_weight=8853.87 5871.56 835.713 725.543 110.17 98.9659 5035.84 230.974 90.5551 4804.87 4785.81 1083.7 1066.55 1051.21
internal_count=23724 15753 2236 1941 295 265 13517 620 242 12897 12846 2929 2883 2842
is_linear=0
shrinkage=0.05


Tree=78
num_leaves=15
num_cat=0
split_feature=7 3 9 7 5 11 8 7 5 11 2 8 3 11
split_gain=4.01827 4.22983 4.08003 5.6094 8.3519 5.97408 15.7414 7.06281 6.28072 8.40513 6.61057 6.06633 5.86947 5.7304
threshold=0.0018732274576334651 2.34915876472953 0.0023601712432499929 0.0023422169766073747 0.012220683655066351 0.004245510018889358 0.21811244738514149 0.0030858751309370304 -0.010426134783612566 0.0041718101937116402 0.0026447881293619017 0.11144016240689318 0.76615693174049515 0.0040341483687593646
decision_type=2 2 2 2 2 2 2 2 2 2 2 2 2 2
left_child=1 -1 -2 4 13 6 7 8 9 11 -10 -5 -12 -4
right_child=2 -3 3 5 -6 -7 -8 -9 10 -11 12 -13 -14 -15
leaf_value=-0.0023693845276707517 -0.010071043206038596 -0.019676136018782833 0.0015366190805207068 0.016500463076762728 0.021428985522483963 0.00057003048922342817 0.0031129252686817638 -0.057170581502326012 0.0029635450591478864 0.055614396208146066 -0.025010178142571032 -0.024336554022240015 -0.0095363977311304429 0.018537900653622104
leaf_weight=935.76822063326836 92.206036508083344 36.688825875520706 581.66864731907845 19.166989088058472 67.938614249229431 6354.5525536239147 357.22773224115372 8.3735442459583265 51.710033386945724 7.386142522096633 114.10875037312508 17.304416090250015 132.38096281886101 54.180130422115326
leaf_count=2532 252 100 1560 52 182 17049 957 23 139 20 309 47 357 145
internal_value=9.59992e-06 -0.00302233 0.000384803 0.000508946 0.00476571 8.47368e-05 -0.00427305 -0.0118023 -0.0106917 0.00697509 -0.01329 -0.00287528 -0.0166998 0.00298528
internal_weight=8830.66 972.457 7858.2 7766 703.787 7062.21 707.659 350.431 342.057 43.8575 298.2 36.4714 246.49 635.849
internal_count=23724 2632 21092 20840 1887 18953 1904 947 924 119 805 99 666 1705
is_linear=0
shrinkage=0.05


Tree=79
num_leaves=15
num_cat=0
split_feature=9 9 11 1 4 9 8 8 7 9 4 6 9 8
split_gain=10.7231 5.60955 5.45637 13.8151 5.47147 7.85317 8.31318 5.70956 5.62745 9.21654 6.2514 4.36728 4.29815 4.68025
threshold=0.012666054605322476 0.0031511389258477014 0.0031072845425029016 -0.0055301633080252297 0.91509978688838201 0.025273856757767856 0.38934556669091147 0.25515994347822085 0.0041047212878718509 0.01751175239149733 0.98091652783117611 0.0030593994899806021 0.0030923893724681363 0.21066056679755663
decision_type=2 2 2 2 2 2 2 2 2 2 2 2 2 2
left_child=1 11 3 -2 -4 8 7 -7 9 10 -6 12 -1 -14
right_child=2 -3 4 -5 5 6 -8 -9 -10 -11 -12 -13 13 -15
leaf_value=0.011107975319131406 0.16890870943000136 0.00053707885852182565 -0.012725642253528693 -0.034788611700460687 -0.034623044417782703 0.059538150776899557 -0.034562211502209249 0.18550458855565435 -0.020031245480062833 0.15528498280382608 0.10698387898707856 -0.01671631227124569 0.074631291441104627 -0.012282711665667587
leaf_weight=136.939966134727 1.4700899831950667 1113.8534815274179 226.93505036458373 1.9188754782080639 2.948524743318564 2.6475922651588908 1.5327967964112756 1.3624971359968183 13.750025399029253 1.3166187964379785 1.0594099201261995 13.385141335427759 5.4158941954374304 2.1693433150649071
leaf_count=1439 20 17010 4508 32 55 42 30 25 265 25 20 173 52 28
internal_value=-8.87575e-05 0.0017874 -0.00944789 0.0535727 -0.0102969 0.0120922 0.06448 0.102337 -0.00313119 0.0405112 0.00280765 0.0106068 0.0131373 0.0497743
internal_weight=1526.71 1271.76 254.941 3.38897 251.553 24.6175 5.54289 4.01009 19.0746 5.32455 4.00793 157.91 144.525 7.58524
internal_count=23724 18702 5022 52 4970 462 97 67 365 100 75 1692 1519 80
is_linear=0
shrinkage=0.05


Tree=80
num_leaves=15
num_cat=0
split_feature=5 4 1 8 2 3 4 5 2 0 1 7 0 11
split_gain=4.65992 4.75893 3.95005 5.6674 7.3396 4.81959 4.7547 5.29964 5.00197 4.47212 5.38768 7.56017 6.6573 7.23276
threshold=-0.066705350568643143 0.95954803765495744 0.0036209282164984462 0.082035189826462226 0.013083956619987168 5.5684298781736912 0.15745176157587812 0.044304490222386812 0.0017206213244314447 -0.00023127185633454119 0.012195334302394592 0.0064907487486843109 -0.0034112487162550062 0.0069865396132890506
decision_type=2 2 2 2 2 2 2 2 2 2 2 2 2 2
left_child=-1 2 5 4 9 6 8 -8 -2 10 12 -12 13 -4
right_child=1 -3 3 -5 -6 -7 7 -9 -10 -11 11 -13 -14 -15
leaf_value=0.012911769036805801 0.025855512146998556 -0.0061380762647755245 0.019397090672554167 -0.0024126758938063267 0.030186001119202277 -0.026373492734433492 0.00022194706051621368 0.022946656138846899 0.0036797207563282566 0.0048983307978333075 0.020658376494093952 -0.034644189325336291 -0.016866246665205267 -0.021917445063283008
leaf_weight=69.392910778522491 26.187133520841599 314.25842988491058 32.544601410627365 2406.9660370349884 23.851821541786194 16.114746123552322 4510.8710397481918 25.802813857793808 877.93052470684052 394.64799872040749 35.469789206981659 7.4837957322597495 94.780313044786453 15.705800920724867
leaf_count=188 70 845 87 6480 64 43 12065 69 2345 1057 95 20 254 42
internal_value=5.73124e-06 -9.62415e-05 0.000127969 -0.00132567 0.00300262 0.000930176 0.00101104 0.000351196 0.00432203 0.00188595 -0.00450613 0.011023 -0.0091697 0.00594896
internal_weight=8852.01 8782.61 8468.36 3011.45 604.484 5456.91 5440.79 4536.67 904.118 580.632 185.984 42.9536 143.031 48.2504
internal_count=23724 23536 22691 8099 1619 14592 14549 12134 2415 1555 498 115 383 129
is_linear=0
shrinkage=0.05


Tree=81
num_leaves=15
num_cat=0
split_feature=2 4 4 0 4 0 9 4 9 5 3 6 11 5
split_gain=3.80846 4.2695 4.38441 5.01204 4.00192 3.59631 6.63097 6.43673 5.63123 5.82784 5.18776 9.50825 5.1048 5.05453
threshold=0.0014239806581766645 0.13166775710177567 0.35898477755654246 -0.00023127185633454119 0.42727414503324196 0.0009142759422006609 0.0046095660750181565 0.37459180306718759 0.0043331128706190535 -0.0092738721367257807 2.0686979627916142 -0.022106962150382051 0.0082892382053634389 0.081784525068783295
decision_type=2 2 2 2 2 2 2 2 2 2 2 2 2 2
left_child=1 -1 3 -3 -4 -2 7 -7 9 -9 11 12 -8 -13
right_child=5 2 4 -5 -6 6 10 8 -10 -11 -12 13 -14 -15
leaf_value=-0.037885188175003699 -0.00073085111246462043 -0.0047303208186355358 -0.035640433710289146 0.03809118653489027 -0.0065964778167382915 -0.031448436486547771 0.030899374402947894 0.020844832686195483 0.019308251387544224 0.0027952947326209572 -0.0052391836848671219 0.00048161491333558045 0.0081861726944830442 0.039770172332867712
leaf_weight=11.170845419168471 5016.4128124117851 18.164356797933582 13.839691519737242 10.954186469316481 82.928051054477692 10.824987173080443 35.916307538747787 51.212655156850815 84.04215806722641 352.82863509654999 351.82484251260757 2701.3906956017017 79.48240926861763 8.2111943662166578
leaf_count=31 13494 50 38 30 227 29 96 137 225 948 944 7239 214 22
internal_value=9.33379e-06 -0.0082605 -0.00563168 0.0113788 -0.0107503 0.000139732 0.00132785 0.00668671 0.0075325 0.00508309 0.00048626 0.00119931 0.0152554 0.000600675
internal_weight=8829.2 137.057 125.886 29.1185 96.7677 8692.15 3675.73 498.908 488.083 404.041 3176.83 2825 115.399 2709.6
internal_count=23724 376 345 80 265 23348 9854 1339 1310 1085 8515 7571 310 7261
is_linear=0
shrinkage=0.05


Tree=82
num_leaves=15
num_cat=0
split_feature=2 0 5 0 9 5 5 8 4 11 7 6 0 0
split_gain=10.3245 6.87032 9.12879 7.11145 6.53649 6.5157 7.01726 5.83145 5.64547 7.77446 12.3947 8.80301 6.0243 5.53545
threshold=0.010489738363247117 -0.0043836566051889013 -0.0555452373374258 0.0049109945953907481 0.027432215814648449 -0.03737066421724413 -0.014291970322532556 0.29238533919694248 0.95115234457155251 0.0066236321193115797 0.0044141983829040768 0.004867627409120002 0.0068593019453852136 0.0045352452811225101
decision_type=2 2 2 2 2 2 2 2 2 2 2 2 2 2
left_child=1 4 -3 13 -1 -6 7 -7 -5 11 -11 -10 -12 -4
right_child=-2 2 3 8 5 6 -8 -9 9 10 12 -13 -14 -15
leaf_value=-0.0098818193686586661 -0.014884107312444668 0.10564241087452773 0.0032295053889758677 -0.011062728233852834 -0.034616006494371902 0.17793091674912453 -0.0089046164117492291 0.047965554785934172 -0.018278482874769818 0.17184869806856529 0.09171794498158703 0.11620027252928862 -0.0023053654566036687 0.028565899529401445
leaf_weight=177.3601496219635 109.47373716160655 2.1374679766595355 1035.6706754490733 145.69922647997737 2.22708435729146 1.6446801163256171 1.948247868567704 1.8162222281098364 15.016554627567535 1.6918502859771241 2.3543874621391279 1.3242400661110867 6.1635892726480961 22.01601629331708
leaf_count=3224 2232 38 14726 2594 42 27 38 34 239 27 33 22 109 339
internal_value=-8.99339e-05 0.00105297 0.00240201 0.00222259 -0.00793165 0.0373632 0.0669989 0.109727 -0.00719862 0.0140061 0.0482351 -0.00738047 0.0236829 0.00375689
internal_weight=1526.54 1417.07 1232.07 1229.94 184.996 7.63623 5.40915 3.4609 172.25 26.5506 10.2098 16.3408 8.51798 1057.69
internal_count=23724 21492 18127 18089 3365 141 99 61 3024 430 169 261 142 15065
is_linear=0
shrinkage=0.05


Tree=83
num_leaves=15
num_cat=0
split_feature=9 3 8 2 5 7 2 3 3 8 11 8 7 3
split_gain=4.56305 6.50655 5.91494 5.57011 5.25727 6.81105 10.8616 6.58388 6.10227 8.60657 6.13413 6.08377 6.00279 10.664
threshold=0.0070281333406778451 1.5047763036666486 0.56464800920956726 0.012559882880154583 -0.0046614495390686983 0.002721698622460625 0.005094266649085015 0.554197500196833 0.44847237636785997 0.33120018886583336 0.010846242824220578 0.22547973433923754 0.0031457762489709405 0.71124433481633909
decision_type=2 2 2 2 2 2 2 2 2 2 2 2 2 2
left_child=1 3 -3 -1 5 -2 12 -8 9 10 11 -6 -7 -14
right_child=4 2 -4 -5 8 6 7 -9 -10 -11 -12 -13 13 -15
leaf_value=-0.0010526644573866757 0.010486506363236801 -0.0096212429294715504 -0.053870809043576967 0.020485299515742829 -0.0035978696339522762 -0.01751180036845694 0.012197927492297951 0.0023261873825887775 0.0002480031556532963 -0.030562476703797137 -0.017418661952285041 0.025229911952799045 -0.019936798512172286 0.0048696696130050236
leaf_weight=3835.0742972791195 261.91007798910141 116.69293054938316 8.0747640132904035 30.255724936723709 71.263714879751205 90.939363896846771 194.18005800247192 1297.455207079649 2616.8289400935173 37.401534527540207 52.782025247812271 24.625989973545074 60.485577076673508 152.69883519411087
leaf_count=10287 700 314 22 81 191 243 520 3472 7016 101 141 66 162 408
internal_value=6.20045e-06 -0.00124683 -0.012485 -0.000884077 0.00103483 0.00295404 0.00185543 0.00361128 -0.000374105 -0.00912308 -0.00372955 0.00380556 -0.00675649 -0.00216853
internal_weight=8850.67 3990.1 124.768 3865.33 4860.57 2057.67 1795.76 1491.64 2802.9 186.073 148.672 95.8897 304.124 213.184
internal_count=23724 10704 336 10368 13020 5505 4805 3992 7515 499 398 257 813 570
is_linear=0
shrinkage=0.05


Tree=84
num_leaves=15
num_cat=0
split_feature=7 3 3 11 2 8 5 9 9 7 9 0 5 1
split_gain=3.66315 3.91933 3.86017 3.88002 7.13513 9.39522 5.72532 9.11768 7.1923 4.84074 4.54329 4.33402 5.42582 4.17795
threshold=0.0018732274576334651 2.34915876472953 0.2456657225478828 0.0027379263939469075 0.0022052682076546784 0.032129929045861226 -0.0033588043809636508 0.0071162959700119188 0.0026308588568438765 0.0017788818216918998 0.0023601712432499929 0.0023266997128000189 0.0098183525371675854 0.004551126964124649
decision_type=2 2 2 2 2 2 2 2 2 2 2 2 2 2
left_child=1 2 -1 4 11 -6 7 -5 -8 -9 -7 12 -4 -12
right_child=-2 -3 3 6 5 10 8 9 -10 -11 13 -13 -14 -15
leaf_value=-0.025764772371110575 0.00036804590782005112 -0.018946044992452921 -0.0033890928383490978 -0.027699599539411885 -0.018344901763998923 0.038865869116525238 0.032309948474270746 -0.014286070628346567 -0.004709341554404823 0.034142216991942795 0.0049976984524344719 -0.020785384420343386 0.038781174378940249 0.022201587248891874
leaf_weight=17.144888520240784 7856.5679456293583 36.560135692358017 317.09280848503113 60.327228635549545 33.033181250095367 13.003804773092268 14.058416873216627 9.9685629308223742 196.66988492012024 10.69731619954109 175.82890278100967 35.454328060150146 7.8156844973564139 44.151231229305267
leaf_count=47 21092 100 866 163 89 35 38 27 529 29 474 96 21 118
internal_value=9.84175e-06 -0.00288606 -0.00225825 -0.00181928 0.000398949 0.00661003 -0.00658224 -0.0178808 -0.00223966 0.010782 0.0101482 -0.00418602 -0.00237469 0.00845061
internal_weight=8828.37 971.806 935.246 918.101 626.38 266.017 291.721 80.9931 210.728 20.6659 232.984 360.363 324.908 219.98
internal_count=23724 2632 2532 2485 1699 716 786 219 567 56 627 983 887 592
is_linear=0
shrinkage=0.05


Tree=85
num_leaves=15
num_cat=0
split_feature=2 0 5 0 9 5 5 0 4 1 6 11 6 11
split_gain=9.73214 6.42693 7.69496 6.63683 5.96923 5.69401 5.69933 5.89915 5.2795 7.61486 11.7169 5.04041 5.44717 7.26903
threshold=0.010489738363247117 -0.0043836566051889013 -0.0555452373374258 0.0049109945953907481 0.027432215814648449 -0.03737066421724413 -0.0060286073551978131 -0.015972456935086549 0.95115234457155251 0.017092508034991485 -0.014880448610745164 0.004245510018889358 -0.009149089522027247 0.0038116413797285222
decision_type=2 2 2 2 2 2 2 2 2 2 2 2 2 2
left_child=1 4 -3 11 -1 -6 7 -7 -5 -10 -11 12 13 -4
right_child=-2 2 3 8 5 6 -8 -9 9 10 -12 -13 -14 -15
leaf_value=-0.0096324864963900671 -0.014570705398999359 0.092643347753644412 0.06861030481405414 -0.010798346775398001 -0.034571283747730511 0.04703823654282549 -0.034511121211457121 0.16890460781581268 -7.0470273936195635e-05 0.017909688170506061 0.17769265815224516 0.00062575722964764975 0.0066337937823962249 -0.0066990196199546827
leaf_weight=175.6918716058135 107.85592405125499 2.3528343290090552 8.1397584676742536 144.18512924015522 2.1549350470304489 3.0517832525074478 1.2346148081123818 1.4720090739428999 21.454200170934204 3.8009250089526176 1.6434198133647431 606.98975199833512 441.13497734069824 5.2843748480081549
leaf_count=3224 2232 38 93 2594 42 50 25 24 337 68 25 9499 5397 76
internal_value=-9.16621e-05 0.00100918 0.00230683 0.00213439 -0.00771915 0.0347606 0.0607063 0.0866927 -0.00700462 0.013331 0.0661415 0.00360727 0.00758861 0.038965
internal_weight=1526.45 1418.59 1234.99 1232.63 183.605 7.91334 5.75841 4.52379 171.084 26.8985 5.44434 1061.55 454.559 13.4241
internal_count=23724 21492 18127 18089 3365 141 99 74 3024 430 93 15065 5566 169
is_linear=0
shrinkage=0.05


Tree=86
num_leaves=15
num_cat=0
split_feature=5 4 5 8 2 7 7 0 8 8 9 3 5 7
split_gain=4.26462 4.32018 3.94737 4.78247 4.25033 7.54127 4.22166 5.0736 3.8967 4.37685 5.79411 3.89139 5.1155 4.082
threshold=-0.066705350568643143 0.95954803765495744 -0.014922527269301789 0.23538391769561165 0.0028595488250151421 0.0018300840239957022 0.0030645698706937403 0.0016380631061235337 0.54779444912899955 0.72425818679654619 0.024556457569792096 0.94720474764911777 -0.0048414542536824234 0.003449405966315636
decision_type=2 2 2 2 2 2 2 2 2 2 2 2 2 2
left_child=8 -2 3 -3 -4 -6 7 -7 -1 10 -10 -8 -13 -14
right_child=1 2 4 -5 5 6 11 -9 9 -11 -12 12 13 -15
leaf_value=0.023838751129151771 0.00012210307109539518 -0.038326890092238601 -0.018261629886281314 -0.0045355306756761265 0.041333324692635252 0.023491503847038256 -0.0049650940451441391 -0.01855844947028706 -0.044481757966710694 0.028127697832548273 0.0070495503891858926 0.048967830618390551 0.04033213121089152 0.00042891642745121223
leaf_weight=35.773816108703613 8466.3125641047955 19.39906108379364 42.034410506486893 22.75081878900528 10.073566824197767 8.1752759814262372 90.455224126577377 58.534961879253387 8.5370060503482836 9.84035477042198 15.10906934738159 7.8611255288124076 7.4132874310016623 47.314172565937042
leaf_count=97 22691 52 113 61 27 22 244 158 23 27 41 21 20 127
internal_value=5.99242e-06 -9.14921e-05 -0.00585039 -0.0200877 -0.00364303 -0.000969351 -0.00290851 -0.0134053 0.0123644 0.000106241 -0.0115549 0.00166692 0.0112517 0.00583414
internal_weight=8849.58 8780.32 314.012 42.1499 271.862 229.828 219.754 66.7102 69.2602 33.4864 23.6461 153.044 62.5886 54.7275
internal_count=23724 23536 845 113 732 619 592 180 188 91 64 412 168 147
is_linear=0
shrinkage=0.05


Tree=87
num_leaves=15
num_cat=0
split_feature=0 3 6 11 6 1 8 11 0 0 5 6 0 7
split_gain=3.5075 5.01716 9.90307 5.89472 4.55493 5.0093 5.88648 5.40358 4.95109 5.88531 6.74672 6.09341 6.04679 4.87313
threshold=8.3836565118313596e-05 2.0686979627916142 -0.022106962150382051 0.0082892382053634389 -0.0028091198733423352 0.019089722862620617 0.28754194446643527 0.0043393569839587738 0.0020626090063731914 0.00099292930438255218 0.0091952785214149766 -0.0014645769658268991 0.0002077655621650809 0.0010398669608766449
decision_type=2 2 2 2 2 2 2 2 2 2 2 2 2 2
left_child=-1 2 3 -2 5 6 -4 -7 9 10 13 -11 -12 -6
right_child=1 -3 4 -5 8 7 -8 -9 -10 11 12 -13 -14 -15
leaf_value=-0.00098423305707093407 0.031825180027208452 -0.0045579257152517007 0.0018425506103848365 0.0081523898584998766 0.019393309261591177 -0.044210791070281891 0.0083989063470260566 -0.0028103969479875983 -0.0028642522335754618 -0.005813674527347882 -0.021561319798010306 0.0084530423242048687 0.017619426184695523 -0.0054060506718434835
leaf_weight=4424.8482970893383 38.125008881092072 370.65042415261269 1121.3388345837593 84.761334925889969 20.810106366872787 8.2132213115692121 492.80590617656708 195.18432635068893 1079.8431088924408 91.551652491092682 11.56963938474655 410.09115758538246 66.150282353162766 411.85599908232689
leaf_count=11915 102 995 3002 228 57 22 1320 523 2899 246 31 1100 177 1107
internal_value=9.94795e-06 0.00100907 0.00152079 0.0154968 0.00108148 0.00291245 0.00384424 -0.00448215 -0.000509372 0.0020033 -0.00177682 0.00584931 0.0117869 -0.00421327
internal_weight=8827.8 4402.95 4032.3 122.886 3909.41 1817.54 1614.14 203.398 2091.87 1012.03 510.386 501.643 77.7199 432.666
internal_count=23724 11809 10814 330 10484 4867 4322 545 5617 2718 1372 1346 208 1164
is_linear=0
shrinkage=0.05


Tree=88
num_leaves=15
num_cat=0
split_feature=11 4 6 7 3 9 7 9 3 11 7 0 11 0
split_gain=9.23882 6.89599 6.21675 8.3768 5.50763 4.60886 11.1578 6.18257 5.22267 4.53918 5.39827 6.17843 5.05307 6.07223
threshold=0.0068467847198277502 0.91509978688838201 0.00094999830083538576 0.0044141983829040768 0.31487352007909492 0.0058216748288343508 0.0060524812913642081 0.025273856757767856 2.4022667510834705 0.005919566593774358 0.0038949329515708198 -0.0004290247831761122 0.0028488090083331617 0.00087520742790432972
decision_type=2 2 2 2 2 2 2 2 2 2 2 2 2 2
left_child=4 -2 3 -3 9 6 -5 -7 -9 12 -11 -12 13 -1
right_child=1 2 -4 5 -6 7 -8 8 -10 10 11 -13 -14 -15
leaf_value=0.048601966050072526 -0.00856767975456099 0.12919735169726401 -0.02305192397633192 0.15438591830028323 0.0013657769581032955 -0.0010510727474246952 -0.035083323396792217 0.11563376078293829 -0.0026526886907813321 0.10386638706854344 -0.035513656795178948 0.053371338240355927 0.0001552956388098484 -0.023204336209958064
leaf_weight=13.336402729153635 371.94525200128555 1.8219369836151624 8.6041549108922464 1.8473031818866759 1049.6446280404925 19.238562092185024 1.3411714434623716 2.323004979640245 1.55973245203495 2.8684288300573817 2.8662132024765006 6.1500901505351058 38.955431535840034 3.7782704010605803
leaf_count=97 7083 24 159 27 15311 343 21 34 28 33 34 67 430 33
internal_value=-9.35223e-05 -0.0065265 0.0141402 0.0255155 0.00225887 0.0183355 0.0746893 0.0105643 0.068117 0.0160538 0.0441223 0.0251155 0.0101044 0.0327499
internal_weight=1526.28 408.681 36.7359 28.1317 1117.6 26.3098 3.18847 23.1213 3.88274 67.9548 11.8847 9.0163 56.0701 17.1147
internal_count=23724 7719 636 477 16005 453 48 405 62 694 134 101 560 130
is_linear=0
shrinkage=0.05


Tree=89
num_leaves=15
num_cat=0
split_feature=11 6 6 11 5 8 2 2 7 7 8 8 8 2
split_gain=4.19133 6.79127 6.87506 6.39629 8.91621 5.9408 5.72488 5.33497 8.95833 9.41475 8.38131 10.803 7.40199 8.01769
threshold=0.0089940979141916455 0.024751653919641625 0.0027955969660217379 0.0096540291531257757 0.055387696399861165 0.76306965653910852 0.015009369485387968 0.0093168253006255201 0.0073817555224171593 0.006111212373484021 0.24422180340528224 0.45368098165190002 0.17397459575781329 0.0071949443535120573
decision_type=2 2 2 2 2 2 2 2 2 2 2 2 2 2
left_child=1 2 -1 4 7 -5 -7 8 9 12 -11 -12 13 -2
right_child=3 -3 -4 5 -6 6 -8 -9 -10 10 11 -13 -14 -15
leaf_value=-0.0013022366278769234 0.025925387626814646 -0.01282163201947103 0.0019705309005472169 0.00034121116333398648 -0.044611174461171556 0.063085998911535907 0.0024071644471467908 0.018609234364679997 0.029764206506800114 0.0017254491208159109 -0.050822918572462406 0.018569879083119797 0.036258134472366178 -0.026253577344210258
leaf_weight=5073.2447431981564 13.842813134193422 109.30440419912338 2347.0457015037537 1025.7187219262123 7.4522461593151084 7.4563845396041861 8.1205644309520704 121.43647909164429 28.39845609664917 38.889070212841034 22.437538623809818 7.4778524339199057 22.444358378648758 15.725189805030821
leaf_count=13626 37 292 6272 2748 20 20 22 325 76 104 60 20 60 42
internal_value=6.20668e-06 -0.000449307 -0.000267057 0.00260575 0.00934217 0.000806618 0.031453 0.0108277 0.00449491 -0.00144474 -0.0135802 -0.033477 0.0146086 -0.00182502
internal_weight=8848.99 7529.59 7420.29 1319.4 278.104 1041.3 15.5769 270.652 149.215 120.817 68.8045 29.9154 52.0124 29.568
internal_count=23724 20190 19898 3534 744 2790 42 724 399 323 184 80 139 79
is_linear=0
shrinkage=0.05


Tree=90
num_leaves=15
num_cat=0
split_feature=11 9 0 9 4 8 11 2 0 5 3 6 4 8
split_gain=3.54399 6.58348 3.41175 6.20855 6.00871 4.68349 5.11448 4.67467 4.96303 5.24405 4.45411 7.65203 5.06089 4.73101
threshold=0.0014613150331545589 0.0014654606547742949 0.0009142759422006609 0.0046095660750181565 0.37459180306718759 0.095916637171342647 0.0066236321193115797 0.002793267812019972 0.0047165977484891737 -0.0055204798736170112 2.0686979627916142 -0.022106962150382051 0.40184115111143243 0.43392119302866422
decision_type=2 2 2 2 2 2 2 2 2 2 2 2 2 2
left_child=1 -1 -2 4 -4 6 -6 8 9 -5 11 13 -12 -9
right_child=2 -3 3 7 5 -7 -8 10 -10 -11 12 -13 -14 -15
leaf_value=0.01849177804567707 -0.0007437437666126598 -0.019421563248357223 -0.030533777808846491 0.019831817221055273 -0.0025964827994073994 0.010392860727735598 0.031893975487096049 0.0088319403495476755 0.013523612806848308 -0.012779413052409939 -0.027711498624981696 0.0010308984777742847 -0.0028928378654684526 0.033303516809164845
leaf_weight=14.552782863378523 5066.3282695710659 53.706720858812332 10.805721700191496 13.39038500189781 144.68990340828896 346.25813737511635 11.610922336578367 90.115815907716751 25.383254408836365 155.29093143343925 21.99431961774826 2536.6876575350761 310.73880577087402 25.293596774339676
leaf_count=40 13636 148 29 36 389 929 31 242 68 417 59 6798 834 68
internal_value=1.02545e-05 -0.0113385 9.87005e-05 0.00125466 0.0063567 0.0071499 -3.43336e-05 0.000430722 -0.00708887 -0.0101906 0.000919623 0.00160376 -0.0045334 0.0141952
internal_weight=8826.85 68.2595 8758.59 3692.26 513.365 502.559 156.301 3178.89 194.065 168.681 2984.83 2652.1 332.733 115.409
internal_count=23724 188 23536 9900 1378 1349 420 8522 521 453 8001 7108 893 310
is_linear=0
shrinkage=0.05


Tree=91
num_leaves=15
num_cat=0
split_feature=9 4 11 1 9 6 9 3 8 2 5 6 11 11
split_gain=8.97314 5.78037 4.9565 11.0379 4.60535 3.97165 4.0194 6.42658 6.94779 7.9471 5.95411 7.86627 4.91881 12.8158
threshold=0.012666054605322476 0.99859187030540875 0.0031072845425029016 -0.0055301633080252297 0.0031511389258477014 0.0030593994899806021 0.0025487701661894486 0.26746713901767555 0.050967935380889222 0.0029119081572739291 -0.00063395029508495711 -0.00040007865070988848 0.0020008526124000495 0.0018216023405519186
decision_type=2 2 2 2 2 2 2 2 2 2 2 2 2 2
left_child=4 2 3 -2 5 6 7 10 9 -9 -1 -12 13 -8
right_child=1 -3 -4 -5 -6 -7 12 8 -10 -11 11 -13 -14 -15
leaf_value=-0.010030667678738645 0.14171829110540898 0.10845705480396289 -0.010134141997001217 -0.034741924870328782 0.00045614614878064286 -0.016647234769978436 0.013051495179438266 0.014014611846881034 -0.0109029520068387 0.12593702468139362 0.0049140024923768517 0.090311022982344488 0.014511609293913772 0.12138242917394565
leaf_weight=5.5541747286915806 1.6930549070239069 1.0468851141631592 243.99365789070725 1.8595665469765652 1115.9974071234465 13.33332362398505 8.0906681790947896 10.947251461446283 51.827533975243568 1.8547592684626568 4.7414549402892598 6.2528940662741634 54.741058990359306 4.1205604970455161
leaf_count=47 20 18 4952 32 17010 173 73 104 528 20 39 48 623 37
internal_value=-9.32691e-05 -0.0087846 -0.00928042 0.0493528 0.00159806 0.00949068 0.0118434 0.00436354 -0.00275522 0.03023 0.0321656 0.0534825 0.0209125 0.0496067
internal_weight=1526.05 248.593 247.546 3.55262 1277.46 161.464 148.13 81.1781 64.6295 12.802 16.5485 10.9943 66.9523 12.2112
internal_count=23724 5022 5004 52 18702 1692 1519 786 652 124 134 87 733 110
is_linear=0
shrinkage=0.05


Tree=92
num_leaves=15
num_cat=0
split_feature=9 3 8 2 5 8 3 11 11 3 3 3 7 5
split_gain=3.93867 6.15904 5.56272 5.12956 5.22102 7.03966 5.96525 4.9747 7.21916 8.27519 5.96813 5.36147 5.70073 4.70045
threshold=0.0070281333406778451 1.5047763036666486 0.56464800920956726 0.012559882880154583 -0.01520273718249915 0.42960330485877635 0.53933518677537429 0.0043870824491161484 0.0051048645661622974 0.74288338638126905 0.81504022115907482 0.26746713901767555 0.0034103036180770279 -0.0046614495390686983
decision_type=2 2 2 2 2 2 2 2 2 2 2 2 2 2
left_child=1 3 -3 4 5 7 -7 10 -9 11 -1 -10 -13 -2
right_child=13 2 -4 -5 -6 6 -8 8 9 -11 -12 12 -14 -15
leaf_value=0.02175922247911391 0.0027767203305751617 -0.0093304375647918301 -0.052399429928261181 0.019710878218483732 -0.00042513292310188562 0.027494040899897217 -0.003248800708321556 -0.036574562957209837 0.023176254495050574 0.012565068135760108 -0.019509717030369945 0.016651800768155024 -0.021936287999299964 -0.00037071730778248804
leaf_weight=22.029941141605377 2056.9569070935249 116.58803132176399 8.0124073326587659 30.22726246714592 3528.9365250468254 22.692294359207153 51.793791353702545 31.711568176746368 8.1766094267368299 31.387835443019867 14.544352769851683 10.464897871017454 112.06855794787407 2802.2231601774693
leaf_count=59 5505 314 22 81 9469 61 139 85 22 84 39 28 301 7515
internal_value=5.85666e-06 -0.00115853 -0.0121 -0.000805707 -0.000967468 -0.00724512 0.00611705 -0.0115653 -0.014757 -0.0104888 0.00534797 -0.0160248 -0.0186407 0.000961636
internal_weight=8847.81 3988.63 124.6 3864.03 3833.81 304.87 74.4861 230.384 193.809 162.098 36.5743 130.71 122.533 4859.18
internal_count=23724 10704 336 10368 10287 818 200 618 520 435 98 351 329 13020
is_linear=0
shrinkage=0.05


Tree=93
num_leaves=15
num_cat=0
split_feature=2 4 4 0 4 2 9 4 9 0 0 6 4 1
split_gain=3.44261 4.00503 4.15287 4.62718 3.73281 2.91846 3.33002 3.68306 4.62272 2.79126 5.82637 7.04049 7.02193 5.49873
threshold=0.0014239806581766645 0.13166775710177567 0.35898477755654246 -0.00023127185633454119 0.42727414503324196 0.0012136271864110692 0.0038110277119292745 0.77768375856143079 0.0024716091131182466 0.0009142759422006609 0.002481383311122094 -0.0033003439425104233 0.31215783888110049 0.0084137616851890865
decision_type=2 2 2 2 2 2 2 2 2 2 2 2 2 2
left_child=1 -1 3 -3 -4 -6 7 8 -7 -2 13 12 -12 -11
right_child=9 2 4 -5 5 6 -8 -9 -10 10 11 -13 -14 -15
leaf_value=-0.036702357352939405 -0.0006329289121125212 -0.0043062284021916494 -0.034461935189575486 0.036796264344874673 0.0038150079731025044 -0.016250945210588435 -0.045744301885846182 -0.032149577416217968 0.026967505092475943 0.0058973730144376933 -0.040548125687049547 -0.0033246112320068841 0.0023172682235895812 -0.0026584555943631061
leaf_weight=11.063802719116209 5014.1229239702225 18.121987074613575 13.729930579662321 11.005813866853712 38.261253148317337 14.863197892904283 7.3589863777160636 11.701164513826368 10.599757373332976 911.52707669138908 9.6160051524639112 1036.9145555198193 1480.5599600374699 236.52056875824928
leaf_count=31 13494 50 38 30 105 41 20 32 29 2444 26 2785 3966 633
internal_value=1.04263e-05 -0.0078624 -0.00532281 0.0112242 -0.0103167 -0.00631211 -0.0150149 -0.00893011 0.0017401 0.000134287 0.00118103 -0.000160815 0.00204066 0.0041347
internal_weight=8825.97 136.706 125.642 29.1278 96.5143 82.7844 44.5231 37.1641 25.463 8689.26 3675.14 2527.09 1490.18 1148.05
internal_count=23724 376 345 80 265 227 122 102 70 23348 9854 6777 3992 3077
is_linear=0
shrinkage=0.05


Tree=94
num_leaves=15
num_cat=0
split_feature=2 0 5 0 9 5 0 1 1 5 1 2 7 5
split_gain=8.69212 5.74246 6.77736 5.91669 5.59483 5.07736 5.01786 8.98825 14.7129 6.0968 5.67026 5.61007 5.52405 4.92542
threshold=0.010489738363247117 -0.0043836566051889013 -0.0555452373374258 0.0049109945953907481 0.027432215814648449 -0.03737066421724413 0.0045352452811225101 0.012497607431236296 0.015873038974368998 -0.011926427561377765 -0.0065382084829449291 0.0038226031116606525 0.0020886081206761028 -0.014291970322532556
decision_type=2 2 2 2 2 2 2 2 2 2 2 2 2 2
left_child=1 4 -3 6 -1 -6 -4 9 -9 10 -8 12 -11 -7
right_child=-2 2 3 -5 5 13 7 8 -10 11 -12 -13 -14 -15
leaf_value=-0.0092734608650174438 -0.013982077416246179 0.084059530058701717 0.0028522269308405047 -0.0067038375427063345 -0.034510996991672253 0.087766527426247271 0.15546670387833286 0.21056457423122046 0.011423363994733645 -0.017085204922443205 0.019401555344543076 -0.024431808088991556 0.077615795224693362 -0.0089124977548465222
leaf_weight=173.31283593922853 104.9189263433218 2.5201036483049384 1045.0397147089243 169.29548688977957 2.0571466982364655 4.0709616467356682 1.3113582581281664 1.6256657168269151 2.159695316106081 2.719864882528781 1.8400792703032554 9.4806983359158021 3.5494474247097969 1.9477000050246696
leaf_count=3224 2232 38 14726 3024 42 61 21 22 35 34 29 146 52 38
internal_value=-9.41828e-05 0.000931274 0.0021472 0.00198033 -0.00737791 0.0333021 0.00335726 0.026621 0.0969468 0.0125369 0.0760202 -0.000165515 0.0365309 0.0564802
internal_weight=1525.85 1420.93 1239.54 1237.02 181.389 8.07581 1067.73 22.6868 3.78536 18.9014 3.15144 15.75 6.26931 6.01866
internal_count=23724 21492 18127 18089 3365 141 15065 339 57 282 50 232 86 99
is_linear=0
shrinkage=0.05


Tree=95
num_leaves=15
num_cat=0
split_feature=5 4 5 8 2 7 7 0 5 1 8 6 0 4
split_gain=3.84051 3.85282 3.74046 4.47763 4.01497 7.16428 3.99874 4.72823 3.9656 3.87238 3.68022 4.22302 3.31227 5.2164
threshold=-0.066705350568643143 0.95954803765495744 -0.014922527269301789 0.23538391769561165 0.0029691015043069487 0.0018300840239957022 0.0030645698706937403 0.001717550168059048 -0.0096848910555934458 0.0001771986886873969 0.54779444912899955 0.038618411790241745 -0.019438778248737482 0.28948890420904405
decision_type=2 2 2 2 2 2 2 2 2 2 2 2 2 2
left_child=10 12 3 -3 9 -6 7 -7 -8 -4 -1 -12 13 -2
right_child=1 2 4 -5 5 6 8 -9 -10 -11 11 -13 -14 -15
leaf_value=0.022925803157349357 -0.0041382814355970495 -0.037079907932537008 -0.037821604241267764 -0.0043547572939927823 0.045198478254484128 0.024694638383302426 0.029304466608450676 -0.017690070794909651 -0.00031891446354340549 -0.0069022702987657824 -0.016233480958459643 0.019491982973429064 0.00021809170533347141 -0.03676363743994477
leaf_weight=35.646257966756821 76.235057860612869 19.346360921859741 14.830739945173262 22.737339496612549 8.2244742512702924 7.4396883845329276 12.28992712497711 56.936934947967529 139.8956250846386 31.924629241228104 18.395434528589249 15.030970990657805 8373.2645933926105 14.597846031188963
leaf_count=97 204 52 40 61 22 20 33 154 377 86 50 41 22448 39
internal_value=5.84247e-06 -8.65707e-05 -0.0055285 -0.0193989 -0.00337887 -0.000606038 -0.00234558 -0.0127919 0.00207336 -0.0167098 0.0117497 -0.000168684 0.000115073 -0.00938153
internal_weight=8846.8 8777.72 313.626 42.0837 271.542 224.787 216.562 64.3766 152.186 46.7554 69.0727 33.4264 8464.1 90.8329
internal_count=23724 23536 845 113 732 606 584 174 410 126 188 91 22691 243
is_linear=0
shrinkage=0.05


Tree=96
num_leaves=15
num_cat=0
split_feature=11 1 7 6 8 5 7 11 6 8 7 7 5 8
split_gain=3.2594 4.78346 4.73559 4.67715 5.07841 4.50902 4.74397 3.47271 3.3603 3.3096 6.74156 8.03694 7.28099 6.20417
threshold=0.0016017465967571073 -0.0003722733042975153 0.0010398669608766449 0.00048902863503468973 0.10684746038056503 -0.0020061770394058064 0.00076617902792945906 0.0017230051694595546 0.0019375883393689113 0.33706487615046143 0.0046669072567590711 0.004932296145600085 -0.0071778085483863502 0.43392119302866422
decision_type=2 2 2 2 2 2 2 2 2 2 2 2 2 2
left_child=1 5 3 4 -2 -1 -7 -4 -5 -9 -11 12 -12 -13
right_child=2 -3 7 8 -6 6 -8 9 -10 10 11 13 -14 -15
leaf_value=-0.016262294367613415 -0.019680882484795225 -0.016683066952410831 -0.022143774307155487 0.060280533879753677 0.024823607178026605 0.053289656292570611 0.0035659311603073321 -0.0005056368989976598 0.018181479209002923 0.0044338164944137488 -0.031113551472505982 0.0055583845173801018 -0.0038236925568738535 -0.0025870862990818827
leaf_weight=13.744107276201246 13.152665197849275 67.16136172413826 17.621696621179581 7.6567442119121578 12.503875494003294 7.2607301771640804 14.135508954524992 6400.6188928186893 12.442608237266539 1136.9982923865318 39.719988435506821 363.37142518162727 63.541277080774307 655.4451692700386
leaf_count=38 36 185 48 21 34 20 39 17200 34 3047 107 977 170 1768
internal_value=1.0491e-05 -0.00886241 0.00011455 0.0161578 0.00200866 0.00608467 0.0204395 2.99533e-05 0.0342189 7.50749e-05 0.0017204 -0.0010291 -0.0143209 0.00031808
internal_weight=8825.37 102.302 8723.07 45.7559 25.6565 35.1403 21.3962 8677.32 20.0994 8659.7 2259.08 1122.08 103.261 1018.82
internal_count=23724 282 23442 125 70 97 59 23317 55 23269 6069 3022 277 2745
is_linear=0
shrinkage=0.05


Tree=97
num_leaves=15
num_cat=0
split_feature=2 0 5 0 9 4 11 9 6 4 1 1 5 0
split_gain=8.22629 5.40361 5.8394 5.52844 5.10286 4.79532 6.65142 8.30003 7.46671 4.92755 5.18085 4.51212 4.50009 4.49819
threshold=0.010489738363247117 -0.0043836566051889013 -0.0555452373374258 0.0049109945953907481 0.027432215814648449 0.95115234457155251 0.0066236321193115797 0.0089428244970269771 0.004867627409120002 0.95954803765495744 0.017590730389775988 0.017092508034991485 -0.03737066421724413 0.0045352452811225101
decision_type=2 2 2 2 2 2 2 2 2 2 2 2 2 2
left_child=1 4 -3 13 -1 -5 8 -8 11 -9 -11 -7 -6 -4
right_child=-2 2 3 5 12 6 7 9 -10 10 -12 -13 -14 -15
leaf_value=-0.0090475294210572901 -0.013698206036957728 0.075294055225391066 0.0027519618959414636 -0.010225392532200768 -0.034475092561027619 -0.030836259056903195 0.12272557280545141 0.085992164225123638 0.099353072130734896 -0.034769589541015784 0.061830545330052278 0.041483048400909384 0.051563258885822874 0.024973100183079491
leaf_weight=171.86440748721361 103.56305249035358 2.7168890424072734 1047.6423828005791 140.98835618793964 1.9977361820638178 12.264096654951578 2.5113296955823889 2.0689000710844976 1.487980905920266 4.2163548208773136 2.0691284202039242 2.6170600876212111 6.3521015681326372 23.280380371958017
leaf_count=3224 2232 38 14726 2594 42 196 26 35 22 73 35 43 99 339
internal_value=-9.30007e-05 0.000897801 0.00207191 0.00191137 -0.00719302 -0.00651511 0.0126921 0.0430205 -0.0074396 0.0190611 -0.00296963 -0.0181179 0.0309782 0.00323502
internal_weight=1525.64 1422.08 1241.86 1239.15 180.214 168.223 27.2349 10.8657 16.3691 8.35438 6.28548 14.8812 8.34984 1070.92
internal_count=23724 21492 18127 18089 3365 3024 430 169 261 143 108 239 141 15065
is_linear=0
shrinkage=0.05


Tree=98
num_leaves=15
num_cat=0
split_feature=11 6 11 5 6 5 8 11 6 7 7 8 7 11
split_gain=3.7023 6.49932 6.04369 8.24969 6.00188 7.92825 9.32093 8.70097 8.5269 7.50553 7.80281 7.18308 6.59005 9.13506
threshold=0.0089940979141916455 0.024751653919641625 0.0096540291531257757 0.055387696399861165 0.00028952128675169075 -0.0023167209721429737 0.10527696966596277 0.0066515406245617669 0.0010884822649988291 0.0049973189200781766 0.0056507621063656621 0.40311917583338391 0.0046133034997587448 0.0075507869329150528
decision_type=2 2 2 2 2 2 2 2 2 2 2 2 2 2
left_child=1 4 3 -2 -1 6 7 -6 -8 11 -11 12 13 -7
right_child=2 -3 -4 -5 5 9 8 -9 -10 10 -12 -13 -14 -15
leaf_value=-0.0015733613642378913 0.010432671415617588 -0.012525623509022511 0.00070050977498033293 -0.042827735109409647 0.00088661285892926685 -0.00019290435447835157 0.020416299856189982 -0.015367136494019796 0.004555795289455474 0.01619360602881954 -0.0029054593298657415 -0.014881509948362509 -0.015813949357164323 -0.039068092645511664
leaf_weight=3959.700277864933 270.39805430173874 109.31134948134422 1040.8725698590279 7.4714702367782584 445.73209610581398 1109.7005606591702 90.695702314376831 100.99419039487839 1290.8393620550632 114.27465748786926 100.51462113857269 112.93412354588509 77.306691259145737 15.320086717605589
leaf_count=10648 724 292 2790 20 1191 2968 243 270 3451 306 269 304 207 41
internal_value=5.57293e-06 -0.000422571 0.0024494 0.00900058 -0.000244221 0.00127762 0.00341016 -0.00211587 0.00559701 -0.00140993 0.00725584 -0.0028251 -0.00169265 -0.000722291
internal_weight=8846.07 7527.32 1318.74 277.87 7418.01 3458.31 1928.26 546.726 1381.54 1530.05 214.789 1315.26 1202.33 1125.02
internal_count=23724 20190 3534 744 19898 9250 5155 1461 3694 4095 575 3520 3216 3009
is_linear=0
shrinkage=0.05


Tree=99
num_leaves=15
num_cat=0
split_feature=7 2 11 2 11 8 6 5 4 7 2 5 9 7
split_gain=3.21105 3.76063 7.71871 6.98791 8.93159 9.42756 8.54649 6.11705 6.08488 5.87239 7.387 7.67978 6.89522 6.82904
threshold=0.0018732274576334651 0.0046529904876449401 0.004245510018889358 0.0034799604006751556 0.0067426283908447304 0.2642500908749828 0.0070938968773059394 -0.01520273718249915 0.012659779422029878 0.0029888612323961589 0.0059250987684056596 -0.022711839373398213 0.007300268334183087 0.0051897932681553086
decision_type=2 2 2 2 2 2 2 2 2 2 2 2 2 2
left_child=-1 3 7 8 -5 -6 -7 -3 -2 -4 11 12 -11 -13
right_child=1 2 9 4 5 6 -8 -9 -10 10 -12 13 -14 -15
leaf_value=-0.0027024280670449197 -0.032088046507432716 0.017135454042312381 0.0061436569065471403 0.0026077144587922404 0.024543962619031599 0.0089422446099602804 -0.033316416526042995 -0.014381937573337032 -0.000607465981315158 0.038664614443071461 0.0005395996798266766 -0.0035684643559153574 0.0031554528039347074 -0.014559038396020175
leaf_weight=970.59364226460457 15.54636976122856 17.183590978384018 348.69932949542999 1374.7246950268745 101.95631772279739 78.739505410194397 14.108331501483915 147.91202607750893 1214.8613319993019 16.83918833732605 3456.690151154995 823.29938971996307 72.66879791021347 170.63059389591217
leaf_count=2632 42 46 934 3685 273 211 38 400 3265 45 9294 2205 196 458
internal_value=1.07121e-05 0.000346007 -0.000468358 0.00181595 0.00402756 0.0140473 0.00252099 -0.0111015 -0.00100523 -0.000109276 -0.000589525 -0.00419198 0.00983581 -0.00545525
internal_weight=8824.45 7853.86 5053.92 2799.94 1569.53 194.804 92.8478 165.096 1230.41 4888.83 4540.13 1083.44 89.508 993.93
internal_count=23724 21092 13578 7514 4207 522 249 446 3307 13132 12198 2904 241 2663
is_linear=0
shrinkage=0.05


Tree=100
num_leaves=15
num_cat=0
split_feature=11 4 6 7 3 6 9 6 8 11 11 0 4 7
split_gain=7.8093 6.32048 5.69231 6.23781 4.69831 4.21942 6.06095 5.92148 4.39614 4.03796 4.41171 5.22041 7.00211 4.36064
threshold=0.0068467847198277502 0.91509978688838201 0.00094999830083538576 0.0044141983829040768 0.31487352007909492 -0.0020410834389546421 0.025273856757767856 -0.0011835833093039344 0.28754194446643527 0.005919566593774358 0.0028488090083331617 0.00087520742790432972 0.30896217750688826 0.0038949329515708198
decision_type=2 2 2 2 2 2 2 2 2 2 2 2 2 2
left_child=4 -2 3 -3 9 6 -5 -7 -8 10 11 12 -1 -11
right_child=1 2 -4 5 -6 7 8 -9 -10 13 -12 -13 -14 -15
leaf_value=-0.012111012585685664 -0.0080680835331551626 0.10721810820812049 -0.02269211272582608 -0.0040684573263242993 0.0012165811380001786 0.13267816524215209 0.10461898204930686 0.01676007158624639 -0.0024883854727299568 0.091335768106530768 -0.00031936569645464136 -0.02297820704780033 0.065861409597944037 0.023216732672784266
leaf_weight=4.0324672833085087 365.17060079425573 2.0959374643862274 8.3692561909556371 17.893089953809984 1053.4890835881233 1.7751796990633009 2.5034378767013541 2.9039720781147471 1.551895137876272 3.1453253142535678 39.423947434872389 3.726444110274314 10.068523377180098 9.2839711569249612
leaf_count=32 7083 24 159 322 15311 21 34 48 28 33 430 33 65 101
internal_value=-9.27099e-05 -0.00607059 0.0135944 0.0241673 0.00204827 0.0176301 0.00844016 0.0607372 0.0636311 0.0146224 0.00901414 0.0296545 0.0435636 0.0404548
internal_weight=1525.43 402.263 37.0928 28.7235 1123.17 26.6276 21.9484 4.67915 4.05533 69.6807 57.2514 17.8274 14.101 12.4293
internal_count=23724 7719 636 477 16005 453 384 69 62 694 560 130 97 134
is_linear=0
shrinkage=0.05


Tree=101
num_leaves=15
num_cat=0
split_feature=9 11 7 3 4 8 0 4 11 2 2 3 3 1
split_gain=3.57497 4.20082 6.71036 4.94828 6.24726 6.46387 4.69974 5.10194 4.98286 4.61574 3.75924 4.99794 4.64676 3.65501
threshold=0.014257405877293365 0.014881465813066343 0.010940470433647913 1.9811806658286566 0.87714658001583568 0.53936321062804149 -0.019438778248737482 0.056904877739729784 0.014127757068064064 0.009235787607926425 0.013083956619987168 1.6049158639372354 4.6856609021149556 0.0046776229609807136
decision_type=2 2 2 2 2 2 2 2 2 2 2 2 2 2
left_child=13 2 6 4 5 -3 10 9 -9 -8 11 -2 -13 -1
right_child=1 3 -4 -5 -6 -7 7 8 -10 -11 -12 12 -14 -15
leaf_value=0.00030757541514992007 -0.050486732347035351 0.018415790121010699 -0.025446545322786576 0.034100367470301367 -0.024512830330456398 -0.021785846232921905 0.010923075508621788 0.0025059809550147297 -0.028955518113495601 0.051239076532425133 0.0097133921812037147 -0.0028243438988439398 -0.038613967941962569 -0.0020931123146133721
leaf_weight=5083.0365596115589 8.6204820871353132 64.752525955438614 22.713750392198563 20.075923413038254 13.646613925695418 11.824623733758925 29.857562959194183 1185.6803746521473 12.720211297273634 9.3141946494579297 20.083224684000015 47.189392656087875 11.227095693349836 2304.1709421575069
leaf_count=13603 23 175 61 55 37 32 80 3174 34 25 54 126 30 6215
internal_value=5.30186e-06 0.0022682 0.00150024 0.0116495 0.00665393 0.0122081 0.00196228 0.00275245 0.00217204 0.0205093 -0.00926244 -0.0149473 -0.00970277 -0.000441232
internal_weight=8844.91 1457.71 1347.41 110.3 90.2238 76.5771 1324.69 1237.57 1198.4 39.1718 87.1202 67.037 58.4165 7387.21
internal_count=23724 3906 3607 299 244 207 3546 3313 3208 105 233 179 156 19818
is_linear=0
shrinkage=0.05


Tree=102
num_leaves=15
num_cat=0
split_feature=2 4 4 0 4 5 1 2 4 4 8 4 0 2
split_gain=3.07332 3.79427 3.8332 4.30248 3.51905 2.92278 3.05934 4.14934 2.63295 6.25673 6.68231 5.11094 5.12393 6.84041
threshold=0.0014239806581766645 0.13166775710177567 0.35898477755654246 -0.00023127185633454119 0.42727414503324196 0.0010311521928933348 1.0000000180025095e-35 0.0012136271864110692 0.55016462188742621 0.5261685637492387 0.098989513372330584 0.61406689131879977 0.0009565247868062748 0.0081592665224359193
decision_type=2 2 2 2 2 2 2 2 2 2 2 2 2 2
left_child=1 -1 3 -3 -4 6 7 -6 9 -2 -11 12 -10 -14
right_child=8 2 4 -5 5 -7 -8 -9 11 10 -12 -13 13 -15
leaf_value=-0.035655288672517348 -0.00029583183201660615 -0.0040999719163358744 -0.033338285105189991 0.035491577069276768 0.015008738899492353 0.0034362048741075064 -0.031949123061246809 -0.026328745706826313 0.00096084918966845157 -0.024258815934991424 -0.0038064502625197102 0.000335366367515079 0.014710874228950564 -0.0042669967771060777
leaf_weight=10.956478387117384 4386.2233440279961 18.098728358745579 13.614787906408308 11.052579194307325 13.118305176496508 41.590103149414062 16.583389490842819 11.299555361270903 303.86033716797829 54.376382768154144 150.4016752243042 3521.0744825303555 209.7989656329155 61.371354222297668
leaf_count=31 11803 50 38 30 36 114 46 31 817 146 404 9451 562 165
internal_value=1.06618e-05 -0.00743877 -0.00497259 0.010911 -0.00978545 -0.00590288 -0.0153761 -0.0041205 0.000127555 -0.000694661 -0.00923733 0.00104911 0.00541957 0.0104158
internal_weight=8823.42 136.314 125.357 29.1513 96.2061 82.5914 41.0013 24.4179 8687.11 4591 204.778 4096.11 575.031 271.17
internal_count=23724 376 345 80 265 227 113 67 23348 12353 550 10995 1544 727
is_linear=0
shrinkage=0.05


Tree=103
num_leaves=15
num_cat=0
split_feature=2 11 6 9 3 5 4 0 5 8 1 6 4 8
split_gain=7.55465 4.94471 8.47268 6.92712 5.806 9.15118 5.9956 4.43774 6.92058 4.44193 5.55477 6.38181 6.54591 4.1332
threshold=0.010489738363247117 0.0038459536920093297 -0.0089520484789393263 0.017274197195704565 1.1489695561911903 0.016382310881646166 0.80131415135926887 0.0049109945953907481 -0.024013387532873808 0.016140332272397296 -0.0038102275520734046 0.0014424028526576354 0.41438060742963923 0.011934452627744107
decision_type=2 2 2 2 2 2 2 2 2 2 2 2 2 2
left_child=1 2 4 7 6 -6 -1 8 -4 10 -10 13 -13 -12
right_child=-2 -3 3 -5 5 -7 -8 -9 9 -11 11 12 -14 -15
leaf_value=0.12352163525082654 -0.013269602906487016 -0.0010965487206794165 0.10125123604772782 0.088019497103236005 -0.018649758791313264 0.091772758151176276 0.022486901760140413 -0.026577937726850288 -0.024329811283929071 0.0026556673435687525 0.0060302625310609736 0.030990330668834165 0.15362090592622757 0.069946684008042714
leaf_weight=3.4450754672288886 101.56020095571876 992.6096513569355 1.8359569646418084 2.4389296956360331 5.9002928771078569 2.7511753551661968 2.5590850785374641 11.90525785833597 4.5187719203531769 377.33559589833021 10.711024671792986 2.2461328767240039 2.1109031923115253 3.3112152367830268
leaf_count=35 2232 16322 29 39 81 38 27 183 58 4482 113 25 23 37
internal_value=-9.45459e-05 0.000845316 0.00531678 0.00400172 0.042682 0.0164647 0.0804587 0.00350673 0.00439754 0.00395325 0.025336 0.037547 0.0904026 0.0211235
internal_weight=1525.24 1423.68 431.069 416.414 14.6556 8.65147 6.00416 413.975 402.07 400.234 22.898 18.3793 4.35704 14.0222
internal_count=23724 21492 5170 4989 181 119 62 4950 4767 4738 256 198 48 150
is_linear=0
shrinkage=0.05


Tree=104
num_leaves=15
num_cat=0
split_feature=5 4 5 8 2 7 7 0 3 5 7 8 8 9
split_gain=3.49306 3.53597 3.54254 4.16579 3.83777 6.54513 3.72242 4.54257 3.6272 4.59417 3.77971 3.41115 3.94008 5.27371
threshold=-0.066705350568643143 0.95954803765495744 -0.014922527269301789 0.23538391769561165 0.0028595488250151421 0.0018300840239957022 0.0030645698706937403 0.0016380631061235337 0.94720474764911777 -0.0048414542536824234 0.003449405966315636 0.54779444912899955 0.72425818679654619 0.024556457569792096
decision_type=2 2 2 2 2 2 2 2 2 2 2 2 2 2
left_child=11 -2 3 -3 -4 -6 7 -7 -8 -10 -11 -1 13 -13
right_child=1 2 4 -5 5 6 8 -9 9 10 -12 12 -14 -15
leaf_value=0.022013580869054396 0.00011075266850069047 -0.035901644354379425 -0.017125540206640318 -0.004306033987924107 0.038688922584107922 0.022512692805464536 -0.0045932321162952799 -0.017259355627897127 0.046821043556693379 0.039075097472503637 0.00072154470173687538 -0.042582533166434428 0.026522670048400521 0.00653220354665767
leaf_weight=35.491640686988831 8461.7212145030499 19.284609436988831 41.875934153795242 22.727067857980728 10.100008279085158 8.1884738206863386 90.292883217334747 58.256638765335083 7.8581293225288382 7.4344137310981742 47.251923948526382 8.5730784535408038 9.7346639633178693 15.078306466341017
leaf_count=97 22691 52 113 61 27 22 244 158 21 20 127 23 27 41
internal_value=5.6685e-06 -8.2369e-05 -0.00529877 -0.0188094 -0.00320629 -0.000665197 -0.00247782 -0.012358 0.00181752 0.0110725 0.00593557 0.0112216 -0.00025099 -0.0112707
internal_weight=8843.87 8774.99 313.27 42.0117 271.258 229.382 219.282 66.4451 152.837 62.5445 54.6863 68.8777 33.386 23.6514
internal_count=23724 23536 845 113 732 619 592 180 412 168 147 188 91 64
is_linear=0
shrinkage=0.05


Tree=105
num_leaves=15
num_cat=0
split_feature=11 9 3 9 8 0 0 6 4 1 1 8 7 8
split_gain=2.99976 6.12177 3.17419 3.23555 2.86582 2.67557 5.64709 6.31724 6.50723 5.09746 9.82721 5.50594 5.25101 5.49688
threshold=0.0014613150331545589 0.0014654606547742949 0.45949597920296203 0.0023601712432499929 0.10374770483195032 0.0009142759422006609 0.002481383311122094 -0.0033003439425104233 0.31215783888110049 0.0084137616851890865 0.0091266359784524954 0.072851272315814453 0.0051240737928553133 0.0048685612819818029
decision_type=2 2 2 2 2 2 2 2 2 2 2 2 2 2
left_child=1 -1 -3 4 -4 -2 9 8 -8 12 -11 -12 13 -7
right_child=5 2 3 -5 -6 6 7 -9 -10 10 11 -13 -14 -15
leaf_value=0.018285998398892521 -0.00065456160196416017 0.0064051883752410223 -0.030323066690641876 -0.035840762115529085 0.010178497489799871 0.042770148199863009 -0.039227615489667828 -0.0032144519029628756 0.002136368491271772 -0.035269316204626158 -0.017266557002343419 0.0041803570863250044 -0.0024793798371861324 0.0068892551823648181
leaf_weight=14.547210425138472 5063.5681277513504 10.445833921432493 7.8996455371379879 25.184904277324677 9.7685589492320997 10.827050954103468 9.5695173740386945 1034.9792106747627 1480.4179881215096 20.92787367105484 35.891422986984253 180.03586548566818 163.28643721342087 755.4049745798111
leaf_count=40 13636 29 22 70 27 29 26 2781 3966 56 96 482 438 2026
internal_value=1.05822e-05 -0.0104625 -0.018309 -0.0243333 -0.00793019 9.17434e-05 0.00111548 -0.000213691 0.00187071 0.00399288 -0.00255523 0.000615452 0.00566143 0.00739626
internal_weight=8822.75 67.8462 53.2989 42.8531 17.6682 8754.91 3691.34 2524.97 1489.99 1166.37 236.855 215.927 929.518 766.232
internal_count=23724 188 148 119 49 23536 9900 6773 3992 3127 634 578 2493 2055
is_linear=0
shrinkage=0.05


Tree=106
num_leaves=15
num_cat=0
split_feature=9 4 11 1 0 11 3 11 2 4 8 5 2 5
split_gain=7.34915 4.86237 4.3297 9.52067 3.91575 8.34448 9.57416 8.39061 3.76607 5.33044 9.98916 6.56172 4.92037 6.79838
threshold=0.012666054605322476 0.99859187030540875 0.0031072845425029016 -0.0059023504588722022 0.0099968457535057221 0.0048646863525692967 2.7035108074298395 0.0043870824491161484 0.0033529785338916591 0.90787266351408036 0.34821787237967278 0.0077231647163350453 0.003075675311163662 0.0085966478849563675
decision_type=2 2 2 2 2 2 2 2 2 2 2 2 2 2
left_child=8 2 3 -2 -4 6 -6 -8 9 12 -11 -12 -1 -14
right_child=1 -3 4 -5 5 -7 7 -9 -10 10 11 -13 13 -15
leaf_value=0.0010894067901766678 0.12466441859262156 0.093894325087549635 -0.012983589502971033 -0.034721324011007942 0.00097721631278464101 -0.0039870235268851103 0.047704246124657596 0.2383563532727509 -0.00051670825817946517 0.013376993709382121 0.14002231178872487 0.01845054152319598 0.0078311519163048893 0.04689893910690128
leaf_weight=330.34435372799635 1.8685891404747965 1.1632795892655838 181.38017789646983 1.8791713900864113 2.8134491778910151 50.758258439600468 1.2148050144314768 1.0993513800203798 851.06634176895022 28.350760787725449 2.8326482735574237 1.8250220306217668 54.485413450747728 13.995847627520559
leaf_count=3865 19 18 3806 33 55 1046 23 22 13561 306 26 19 734 191
internal_value=-9.50264e-05 -0.00808366 -0.00857587 0.0447465 -0.00941813 0.00215374 0.0629413 0.138274 0.00141301 0.00521614 0.0245257 0.0923867 0.00361801 0.0158156
internal_weight=1525.08 242.177 241.014 3.74776 237.266 55.8859 5.12761 2.31416 1282.9 431.834 33.0084 4.65767 398.826 68.4813
internal_count=23724 5022 5004 52 4952 1146 100 45 18702 5141 351 45 4790 925
is_linear=0
shrinkage=0.05


Tree=107
num_leaves=15
num_cat=0
split_feature=9 3 8 2 5 8 3 11 11 11 3 8 3 11
split_gain=3.36381 5.87142 5.20526 4.71199 4.80535 6.53356 5.58482 4.64382 6.7184 7.76064 5.60897 5.40328 4.18012 5.68802
threshold=0.0070281333406778451 1.5047763036666486 0.56464800920956726 0.012559882880154583 -0.01520273718249915 0.42960330485877635 0.53933518677537429 0.0043870824491161484 0.0051048645661622974 0.0058990775890529592 0.81504022115907482 0.27355928128467971 0.74288338638126905 0.0067426283908447304
decision_type=2 2 2 2 2 2 2 2 2 2 2 2 2 2
left_child=1 3 -3 4 5 7 -7 10 -9 11 -1 -10 -11 -14
right_child=-2 2 -4 -5 -6 6 -8 8 9 12 -12 -13 13 -15
leaf_value=0.02116898672974963 0.00088929949015568413 -0.0090929809906255977 -0.050950648281657546 0.018950710014921046 -0.00036095573245237505 0.026635277845989916 -0.0031060085389497168 -0.035248624534390746 0.020303358804238517 -0.020151508122975628 -0.018852453582994963 -0.021103081031664934 -0.021016442138689754 0.035368085534723308
leaf_weight=22.033786475658417 4856.8437686264515 116.46397793292999 7.9332505464553824 30.187275469303131 3527.2644869983196 22.711368560791016 51.752821117639542 31.606835633516312 29.102167993783951 104.02463781833649 14.52632239460945 10.803731888532637 9.3374173343181628 8.5854157209396345
leaf_count=59 13020 314 22 81 9469 61 139 85 78 280 39 29 25 23
internal_value=5.83026e-06 -0.00107057 -0.0117624 -0.00072617 -0.000881188 -0.00690776 0.005965 -0.011075 -0.0141634 -0.0100459 0.00526738 0.00909339 -0.016309 0.00599294
internal_weight=8843.18 3986.33 124.397 3861.94 3831.75 304.485 74.4642 230.02 193.46 161.853 36.5601 39.9059 121.947 17.9228
internal_count=23724 10704 336 10368 10287 818 200 618 520 435 98 107 328 48
is_linear=0
shrinkage=0.05


Tree=108
num_leaves=15
num_cat=0
split_feature=2 7 5 8 4 5 11 7 0 8 8 8 8 6
split_gain=2.95905 7.034 4.14463 6.80404 4.02161 3.66249 3.45126 5.56618 5.34922 5.50996 4.52448 3.71233 3.4183 4.83653
threshold=0.0021665971983351245 0.001257538979650805 0.0089843916921579572 0.19188795913070375 0.13166775710177567 -0.0056962382694432587 0.0028488090083331617 0.0022532329984431107 0.0015934071874316379 0.26000211529094253 0.36051675529483479 0.017405076506144947 0.10820283159215975 0.0002322184771548865
decision_type=2 2 2 2 2 2 2 2 2 2 2 2 2 2
left_child=2 12 4 -4 5 -1 10 8 9 -8 -6 -9 13 -2
right_child=1 -3 3 -5 6 -7 7 11 -10 -11 -12 -13 -14 -15
leaf_value=0.013474409097813101 -0.028757751899896478 0.00013883413986590665 -0.016639073891081071 0.029735525598737041 -0.0043557731567800788 -0.024144053732413476 -0.0011057677744339008 0.030361980682615232 0.054011813522455203 0.042402007098333687 -0.025957274194664509 -0.0054700076957355532 0.03030339950472254 0.020006428233567134
leaf_weight=7.6832790970802298 7.4561119973659542 8185.275738120079 12.229009866714476 22.392271131277084 311.72823095321655 40.97860786318779 29.640209943056107 7.7444413602352133 8.1835480332374555 9.6450023055076581 26.284346550703049 108.48909935355186 28.351042717695236 15.987892121076582
leaf_count=21 20 21987 33 60 854 114 81 21 22 26 72 294 76 43
internal_value=1.10276e-05 0.000255063 -0.00342511 0.013355 -0.00448066 -0.0182044 -0.00314957 0.00280937 0.0172366 0.00957593 -0.00603554 -0.00308258 0.0186229 0.00449751
internal_weight=8822.07 8237.07 584.998 34.6213 550.377 48.6619 501.715 163.702 47.4688 39.2852 338.013 116.234 51.795 23.444
internal_count=23724 22126 1598 93 1505 135 1370 444 129 107 926 315 139 63
is_linear=0
shrinkage=0.05


Tree=109
num_leaves=15
num_cat=0
split_feature=2 0 5 0 9 4 7 7 11 1 8 0 1 1
split_gain=6.93794 4.71417 5.2586 4.94501 4.7992 4.38675 7.14382 6.3946 4.10531 17.5198 18.1459 4.08174 7.27218 7.77048
threshold=0.010489738363247117 -0.0043836566051889013 -0.0555452373374258 0.0049109945953907481 0.027432215814648449 0.99176136996792696 0.003291501811641956 0.0044504586285981354 0.0058486780498309106 0.0095088004168564864 0.2373320313404326 0.0045352452811225101 0.011229613912122521 0.015873038974368998
decision_type=2 2 2 2 2 2 2 2 2 2 2 2 2 2
left_child=1 4 -3 11 8 -5 -7 -8 9 -1 -11 -4 -13 -14
right_child=-2 2 3 5 -6 6 7 -9 -10 10 -12 12 13 -15
leaf_value=-0.0063617604098196341 -0.012847527881556312 0.069578652439198724 0.0025046063811897654 -0.0079125423779039562 0.029876414280672933 -0.034888405761953248 0.12367636610521851 -0.0046140432549437909 -0.01638176923547674 0.20166146614781436 0.00397697980296274 0.0094869804961343288 0.13674661808200739 0.0097407645310401622
leaf_weight=79.350177362561226 99.671599414199591 2.86218287795782 1053.7937260195613 160.33410569652915 8.4855518043041211 2.3765905350446692 2.5126988440752029 1.5834243185818193 85.327786341309547 2.1139163933694354 2.5747332274913788 19.031493011862043 2.607923410832881 2.2376340664923191
leaf_count=1430 2232 38 14726 2928 141 38 34 24 1717 35 42 273 31 35
internal_value=-9.42775e-05 0.000797628 0.00188349 0.00172779 -0.00681788 -0.00628338 0.0340723 0.0740836 -0.00865632 -0.000812383 0.0931047 0.0029678 0.0234104 0.0780965
internal_weight=1524.86 1425.19 1247.34 1244.48 177.852 166.807 6.47271 4.09612 169.367 84.0388 4.68865 1077.67 23.8771 4.84556
internal_count=23724 21492 18127 18089 3365 3024 96 58 3224 1507 77 15065 339 66
is_linear=0
shrinkage=0.05


Tree=110
num_leaves=15
num_cat=0
split_feature=1 4 8 7 7 6 5 5 11 2 5 9 4 5
split_gain=3.23727 5.10998 4.66909 7.21621 9.19444 6.7605 5.46797 5.36062 5.56543 4.76508 5.46054 4.59834 4.57075 5.42123
threshold=0.0040669703069970012 0.15745176157587812 0.082035189826462226 0.0046133034997587448 0.0041487369223713556 0.0044382729744176005 0.0085966478849563675 -0.007402177023755222 0.0051275275486529224 0.0039136824669126309 0.019249779551304299 0.00805153724317695 0.28123649386635552 -0.0023167209721429737
decision_type=2 2 2 2 2 2 2 2 2 2 2 2 2 2
left_child=1 -1 3 4 7 6 -5 8 -2 -8 -11 -12 13 -3
right_child=2 12 -4 5 -6 -7 9 -9 -10 10 11 -13 -14 -15
leaf_value=0.004084698761049119 -0.044032313556747568 7.6906717974976332e-05 -0.0022965426088495406 0.023307002936236776 -0.022230312681877668 -0.024443657558052081 0.042880791416846559 0.0032329438643794034 0.0028106471227836143 -0.014296732456196793 0.037071299517772258 0.0037035614564899875 0.0007590259558412901 -0.0079387541222856791
leaf_weight=933.43194460868835 12.675599426031114 509.89477804303169 2426.6117144823074 76.796178102493286 45.668778657913208 12.718503355979918 7.8447532355785361 338.39603227376938 12.687952131032942 32.12202924489975 13.407992929220198 44.902424484491348 4015.2317686080933 359.77782756090164
leaf_count=2496 34 1364 6546 206 123 34 21 907 34 86 36 120 10755 962
internal_value=5.25597e-06 0.000694955 -0.00132183 0.00263858 -0.00108368 0.0107539 0.0133109 0.0015712 -0.0205994 0.00549975 0.00225705 0.0113762 4.72254e-05 -0.00323912
internal_weight=8842.17 5818.34 3023.83 597.22 409.428 187.792 175.073 363.76 25.3636 98.2772 90.4324 58.3104 4884.9 869.673
internal_count=23724 15577 8147 1601 1098 503 469 975 68 263 242 156 13081 2326
is_linear=0
shrinkage=0.05


Tree=111
num_leaves=15
num_cat=0
split_feature=11 8 7 11 5 7 7 6 11 7 6 2 3 0
split_gain=2.84792 10.3663 10.5689 9.10229 8.81622 8.51026 7.33826 6.67581 6.41163 6.2445 6.17029 6.52757 8.1972 5.70529
threshold=0.004245510018889358 0.25515994347822085 0.0023605341669122363 0.0016017465967571073 0.00022749336114862248 0.0017788818216918998 0.0024230536220525923 -0.0048389779451364348 0.00375846170083143 0.0030100173789510769 0.011885120575347323 0.0026447881293619017 0.5825528574051736 0.0014669228573193163
decision_type=2 2 2 2 2 2 2 2 2 2 2 2 2 2
left_child=1 2 8 -3 5 -5 -2 -6 -1 10 11 13 -13 -4
right_child=6 3 9 4 7 -7 -8 -9 -10 -11 -12 12 -14 -15
leaf_value=-0.0024816747015163404 0.017573824441960342 -0.024308734973305227 -0.004737984279959786 -0.018603362983392942 0.0015116176404666804 0.002485980676724172 0.00039253128699784606 0.015282176107658828 0.010566112052779585 -0.039164499321186402 0.025033408128328907 -0.026537565009198977 -0.0082564455347351479 0.029894762914586231
leaf_weight=1198.6427589356899 62.760676473379135 28.130330890417099 49.479751706123352 58.588078498840332 143.6298525929451 260.66494235396385 6357.256378442049 227.28413441777229 102.17925524711609 18.609811991453171 12.512168139219282 89.08508026599884 196.74357044696808 15.653859823942183
leaf_count=3245 168 78 134 159 385 700 17070 610 274 51 34 242 532 42
internal_value=1.10576e-05 -0.00145795 -0.00360424 0.00357062 0.00470695 -0.00138425 0.000560492 0.00994977 -0.00145677 -0.0109154 -0.00946902 -0.0106991 -0.0139542 0.00358546
internal_weight=8821.22 2401.2 1682.91 718.297 690.167 319.253 6420.02 370.914 1300.82 382.084 363.474 350.962 285.829 65.1336
internal_count=23724 6486 4554 1932 1854 859 17238 995 3519 1035 984 950 774 176
is_linear=0
shrinkage=0.05


Tree=112
num_leaves=15
num_cat=0
split_feature=9 4 9 3 7 9 2 4 6 9 9 5 1 6
split_gain=6.62573 5.51762 5.43892 6.69554 6.44014 5.65914 5.39083 5.23105 4.4277 3.70227 3.77378 4.02343 5.55584 3.97394
threshold=0.013523055347217313 0.91509978688838201 0.025273856757767856 3.0489892921836308 0.0041047212878718509 0.01751175239149733 0.0065540888539581546 0.98091652783117611 -0.009149089522027247 0.0031511389258477014 0.0030923893724681363 0.00047712714061776492 0.001969459838125979 0.0029802563379278178
decision_type=2 2 2 2 2 2 2 2 2 2 2 2 2 2
left_child=9 -2 4 7 5 6 -3 8 -4 10 13 -12 -13 -1
right_child=1 2 3 -5 -6 -7 -8 -9 -10 -11 11 12 -14 -15
leaf_value=0.0087624116285396278 -0.011226437831806381 -0.034677140300035394 0.16691877707560199 -0.03459337106391943 -0.021021950355846863 0.12712872984766208 0.10108783616953805 0.0024564832597089572 0.04624348129489738 0.00020678444578447349 0.0014336768160355805 0.12125180392052351 0.018589825276937918 -0.020086743242338258
leaf_weight=143.3753643669188 184.98727359995246 2.1735851019620926 1.9781393371522424 1.5396317504346368 11.115985229611395 1.5431606620550153 1.101812746375799 1.3243239074945448 1.234477557241916 1151.9867258258164 4.0160814486443979 2.5329579412937164 2.7471935376524925 13.021088995039461
leaf_count=1431 3964 40 26 30 228 25 17 19 22 17661 43 22 29 167
internal_value=-9.4476e-05 -0.00841057 0.0152547 0.0555029 -9.37262e-05 0.0481858 0.0109929 0.0860775 0.120548 0.00121193 0.00820022 0.0391506 0.0678381 0.00636052
internal_weight=1524.68 206.998 22.0111 6.07657 15.9345 4.81856 3.2754 4.53694 3.21262 1317.68 165.693 9.29623 5.28015 156.396
internal_count=23724 4371 407 97 310 82 57 67 48 19353 1692 94 51 1598
is_linear=0
shrinkage=0.05


Tree=113
num_leaves=15
num_cat=0
split_feature=5 4 5 8 2 7 1 7 9 5 8 6 3 8
split_gain=3.1769 3.23394 3.3649 3.90972 3.56113 6.26847 3.58979 3.51324 4.28271 3.58424 3.20576 3.78803 3.24268 3.03942
threshold=-0.066705350568643143 0.95954803765495744 -0.014922527269301789 0.23538391769561165 0.0029691015043069487 0.0018300840239957022 0.0001771986886873969 0.0030645698706937403 0.004062659613963516 -0.0096848910555934458 0.54779444912899955 0.038618411790241745 1.438290089219995 0.33706487615046143
decision_type=2 2 2 2 2 2 2 2 2 2 2 2 2 2
left_child=10 13 3 -3 6 -6 -4 8 -7 -9 -1 12 -12 -2
right_child=1 2 4 -5 5 7 -8 9 -10 -11 11 -13 -14 -15
leaf_value=0.02120629913998609 0.00065797785871920026 -0.034850320714275018 -0.036027858694800206 -0.0042104647838090174 0.042396435086815475 0.021229386399633007 -0.0061712174614456774 0.02798451337379361 -0.016910762137728255 -0.00018689352855704231 0.005443186302338165 0.018321279705602152 -0.036521345831796601 -0.0015213161889558703
leaf_weight=35.350028038024902 6317.0538430511951 19.216568648815155 14.725627988576887 22.722369998693466 8.2347836792469007 8.4822803437709791 31.827520400285721 12.282971382141112 55.643496453762054 139.76237568259239 9.1893432736396807 14.915199428796766 9.2243249714374524 2142.5760347247124
leaf_count=97 16919 52 40 61 22 23 86 33 151 377 25 41 25 5772
internal_value=5.25992e-06 -7.86021e-05 -0.0050703 -0.0182498 -0.00303038 -0.000419608 -0.0156154 -0.00205063 -0.0118657 0.00208893 0.0107172 -0.000408052 -0.0155789 0.000106027
internal_weight=8841.21 8772.53 312.898 41.9389 270.959 224.406 46.5531 216.171 64.1258 152.045 68.6789 33.3289 18.4137 8459.63
internal_count=23724 23536 845 113 732 606 126 584 174 410 188 91 50 22691
is_linear=0
shrinkage=0.05


Tree=114
num_leaves=15
num_cat=0
split_feature=11 8 7 11 5 7 7 7 6 2 3 5 2 11
split_gain=2.64061 9.57951 9.92298 8.52174 8.32883 9.64133 6.86024 6.01556 6.6055 6.07484 6.94408 6.62255 5.97057 5.96514
threshold=0.004245510018889358 0.25515994347822085 0.0023605341669122363 0.0016017465967571073 -0.0023167209721429737 0.0025169011308823481 0.0024230536220525923 0.0030858751309370304 0.012178584236164853 0.0026737269227281707 0.75732546162508374 0.010390703906949912 0.0052082660236309267 0.00375846170083143
decision_type=2 2 2 2 2 2 2 2 2 2 2 2 2 2
left_child=1 2 13 -3 5 -5 -2 8 9 -4 11 -11 -6 -1
right_child=6 3 7 4 12 -7 -8 -9 -10 10 -12 -13 -14 -15
leaf_value=-0.0023772956107542052 0.016986946383942807 -0.023611022104171944 0.0026140387612638254 -0.0098025489639033351 0.0099928992406819097 0.009127243118051109 0.00037731903890162859 -0.050230898582805085 0.026645454027231272 -0.01828045074343192 -0.006714184386085318 -0.053352734465819666 -0.029664371075799108 0.010205687022523341
leaf_weight=1198.1791008412838 62.780897498130798 27.99888476729393 68.447891384363174 166.11223357915878 401.21245431900024 113.03669938445091 6357.1608918309212 9.3219693899154645 12.181901067495344 121.01390728354454 155.37188637256622 15.144174844026564 9.7209150791168195 102.22322529554367
leaf_count=3245 168 78 185 448 1077 303 17070 26 33 330 420 41 26 274
internal_value=1.07806e-05 -0.00140421 -0.00346829 0.00343028 0.00452743 -0.00213725 0.000539745 -0.0105591 -0.00956538 -0.0107908 -0.0139381 -0.0221814 0.00905478 -0.00138816
internal_weight=8819.91 2399.97 1681.88 718.081 690.082 279.149 6419.94 381.482 372.16 359.978 291.53 136.158 410.933 1300.4
internal_count=23724 6486 4554 1932 1854 751 17238 1035 1009 976 791 371 1103 3519
is_linear=0
shrinkage=0.05


Tree=115
num_leaves=15
num_cat=0
split_feature=2 0 5 0 9 4 9 3 7 3 4 5 5 0
split_gain=6.43789 4.24139 4.64652 4.5379 4.52128 4.05855 4.86537 4.22405 7.76751 10.2223 8.82689 4.00729 4.03202 4.06977
threshold=0.010489738363247117 -0.0043836566051889013 -0.0555452373374258 0.0049109945953907481 0.027432215814648449 0.91509978688838201 0.025273856757767856 2.7035108074298395 0.003711524296837554 2.9200372352036998 0.78134093575270058 -0.03737066421724413 -0.0060286073551978131 -0.015972456935086549
decision_type=2 2 2 2 2 2 2 2 2 2 2 2 2 2
left_child=1 4 -3 -4 -1 7 -7 -5 9 -9 -11 -6 13 -13
right_child=-2 2 3 5 11 6 -8 8 -10 10 -12 12 -14 -15
leaf_value=-0.0083304108053678747 -0.012485817482807002 0.063612415698483707 0.002809813044994957 -0.013976297043402206 -0.034441248195626044 0.0031420877707103939 0.079940825136468871 0.19193286341002913 -0.025901817640842418 -0.011118661771908216 0.12927692102850061 0.034483738135109826 -0.034511443664206505 0.12555537057506114
leaf_weight=167.34449367597699 98.082164831459522 3.0309673920273772 1081.7651616223156 108.83983784914017 1.9417587108910082 41.896869584918022 2.1690490618348113 1.1034815944731216 5.8452930673956871 4.2527100369334221 1.5195781514048574 3.5880972705781455 1.2326717078685749 1.8639827594161027
leaf_count=3224 2232 38 15065 2064 42 679 31 21 124 80 25 50 25 24
internal_value=-9.48255e-05 0.000757208 0.00178002 0.00162978 -0.00651074 -0.00607743 0.00692234 -0.0107899 0.0164729 0.0524969 0.025841 0.0287887 0.0471555 0.0656197
internal_weight=1524.48 1426.39 1250.42 1247.39 175.971 165.627 44.0659 121.561 12.7211 6.87577 5.77229 8.62651 6.68475 5.45208
internal_count=23724 21492 18127 18089 3365 3024 710 2314 250 126 105 141 99 74
is_linear=0
shrinkage=0.05


Tree=116
num_leaves=15
num_cat=0
split_feature=2 9 2 1 11 7 6 3 11 0 1 8 5 6
split_gain=3.2077 5.64452 6.43404 6.63867 6.24298 8.0164 7.247 6.18433 6.09619 5.66625 5.31883 5.20377 5.04201 6.59489
threshold=0.0046529904876449401 0.013523055347217313 0.0035293869622739162 0.010091020175433906 0.0067801000669412232 0.0059584613673802677 0.0053167750678897929 0.31487352007909492 0.0031072845425029016 0.0011097457065896653 0.012195334302394592 0.76306965653910852 0.0013919011574203223 -0.0050734744839792739
decision_type=2 2 2 2 2 2 2 2 2 2 2 2 2 2
left_child=1 2 3 -1 12 7 -7 -6 -3 10 -5 -2 -4 -14
right_child=11 8 4 9 5 6 -8 -9 -10 -11 -12 -13 13 -15
leaf_value=0.00080335394792118624 0.00070879189551331699 -0.025111805034817664 8.8516149487565085e-05 -0.0463078011555981 0.013939207856835846 -0.0091098104656849119 0.029506894360494841 -0.028750021956842838 0.011095434536083698 -0.0040618142791689306 -0.0027131009346438432 0.022289169200625916 0.0010604637942305977 -0.0098562942806383266
leaf_weight=2075.7219949960709 5033.2046783268452 12.642832666635512 674.40119868516922 19.48535040020943 9.5616314113140088 64.542476654052734 14.966433048248289 75.269828200340271 144.45959135890007 58.728229641914368 10.916394919157026 28.090346127748489 209.06700772047043 408.96320390701294
leaf_count=5563 13502 34 1807 53 26 174 40 204 387 160 30 76 567 1101
internal_value=5.59674e-06 -0.0010967 -0.00149919 0.000229602 -0.00406827 -0.0132474 -0.00184076 -0.0239384 0.00818165 -0.0131323 -0.0306542 0.000828564 -0.00290109 -0.00616338
internal_weight=8840.02 3778.73 3621.62 2164.85 1456.77 164.34 79.5089 84.8315 157.102 89.13 30.4017 5061.3 1292.43 618.03
internal_count=23724 10146 9725 5806 3919 444 214 230 421 243 83 13578 3475 1668
is_linear=0
shrinkage=0.05


Tree=117
num_leaves=15
num_cat=0
split_feature=4 4 8 4 0 2 2 1 0 0 3 0 2 3
split_gain=2.58739 6.28557 5.98404 5.1409 4.63371 4.55735 8.30353 4.87029 4.61732 4.71726 4.46631 5.37309 5.83519 3.91452
threshold=0.55016462188742621 0.5261685637492387 0.098989513372330584 0.62179906568023458 -0.00038877900971809131 0.013425833122603677 0.0086657083161755365 -0.0027753606435743086 0.0088998554664037038 0.0049109945953907481 0.94720474764911777 -0.0067501439328693218 0.0058331575365674036 0.66375581496258562
decision_type=2 2 2 2 2 2 2 2 2 2 2 2 2 2
left_child=1 -1 -3 4 10 6 8 -8 9 -6 13 -12 -13 -2
right_child=3 2 -4 -5 5 -7 7 -9 -10 -11 11 12 -14 -15
leaf_value=-0.0004019632174221883 -0.00026698916219662595 -0.023325238886651445 -0.0041616076589685597 0.00015549961759596165 0.010742960340426705 0.036701934125039797 0.013290115410109821 -0.019778817872232384 0.039290902925011993 -0.0068489852692940282 -0.024776691597722403 0.0014441935820912275 0.029423465965967718 -0.018705405569235726
leaf_weight=4452.1567562222481 74.708419144153595 55.685257852077484 151.74058511853218 3501.2519294023514 319.01051566004753 13.301514476537703 15.239908277988432 41.327196210622787 12.719607591629027 43.276257544755936 11.438606470823286 50.018523514270782 29.69934818148613 46.82846999168396
leaf_count=11993 201 150 408 9406 856 36 41 111 34 116 31 135 80 126
internal_value=1.07828e-05 -0.000798346 -0.00930625 0.000917339 0.00497378 0.00787595 0.0069875 -0.0108696 0.00968113 0.00864155 -0.00109645 0.00726973 0.011868 -0.00737136
internal_weight=8818.4 4659.58 207.426 4158.82 657.568 444.875 431.573 56.5671 375.006 362.287 212.693 91.1565 79.7179 121.537
internal_count=23724 12551 558 11173 1767 1194 1158 152 1006 972 573 246 215 327
is_linear=0
shrinkage=0.05


Tree=118
num_leaves=15
num_cat=0
split_feature=2 11 6 5 2 0 11 5 9 1 8 2 3 3
split_gain=6.05954 3.99739 3.81486 5.53772 6.00161 9.12515 4.61055 9.03098 5.39885 5.78204 5.2364 6.24942 4.40351 5.41504
threshold=0.010489738363247117 0.0032411731553780958 -0.0021228695698122814 0.0087731286373220942 0.0024832331399511185 0.0028831297423728705 0.0032054104845872689 -0.0020061770394058064 0.012897926747754482 -0.0051761437706477837 0.014719502473568411 0.0027311234301174319 1.1755047209595408 1.0709726801272683
decision_type=2 2 2 2 2 2 2 2 2 2 2 2 2 2
left_child=1 2 3 -1 5 -5 8 -8 9 -4 11 -11 13 -12
right_child=-2 -3 6 4 -6 -7 7 -9 -10 10 12 -13 -14 -15
leaf_value=-0.0097056018030249099 -0.012197154577187497 -0.00065546377784081813 -0.013227755836121289 0.011682547817637893 0.00069586026949784588 0.1292446554509937 0.12498525138109307 -0.0029541234853756103 0.079934965811886666 0.01607592056904408 0.0097640912844850509 0.096692200905237488 -0.014250973798813144 0.065882592970757978
leaf_weight=68.813838191330433 96.868624400347471 1121.8105131722987 29.428435549139977 4.2116304114460972 13.769088208675383 2.7144553363323212 2.4947890043258667 3.0849274508655062 2.5906743109226218 6.6890138015151006 144.86058966815472 3.7527049481868744 18.794674813747406 4.4300841540098181
leaf_count=743 2232 18202 381 45 167 28 33 39 29 63 1452 35 226 49
internal_value=-9.56092e-05 0.00072562 0.00579479 -0.00288537 0.0197927 0.0577572 0.0093897 0.0542498 0.00820085 0.0073072 0.0106922 0.045049 0.00855788 0.0114294
internal_weight=1524.31 1427.45 305.635 89.509 20.6952 6.92609 216.126 5.57972 210.546 207.956 178.527 10.4417 168.085 149.291
internal_count=23724 21492 3290 983 240 73 2307 72 2235 2206 1825 98 1727 1501
is_linear=0
shrinkage=0.05


Tree=119
num_leaves=15
num_cat=0
split_feature=9 3 8 8 1 9 4 5 7 2 3 3 7 7
split_gain=3.05779 5.53625 4.87451 4.34601 5.40989 4.6528 3.6515 3.64451 6.50134 9.93447 6.26818 5.87566 8.1851 5.6291
threshold=0.0070281333406778451 1.5047763036666486 0.56464800920956726 0.60125320032255647 -0.019262240743564342 0.003857019715977648 0.46580108117741414 -0.0046614495390686983 0.002721698622460625 0.005094266649085015 0.554197500196833 0.44847237636785997 0.006111212373484021 0.0058232343276420897
decision_type=2 2 2 2 2 2 2 2 2 2 2 2 2 2
left_child=1 3 6 4 -1 -5 -3 8 -2 -10 -11 12 -9 -12
right_child=7 2 -4 5 -6 -7 -8 11 9 10 13 -13 -14 -15
leaf_value=-0.018408591390494448 0.0098106438342242253 -0.018463535906310741 -0.049569676364115654 0.038901656999859272 -0.00070297502119376213 0.0054526070290482568 -0.00068135868667752015 0.0012026432127780315 -0.0068668267759806282 0.011435523757788229 0.0044139264912624512 0.00028523653895291129 -0.019797595699532711 -0.0023547920279628608
leaf_weight=43.644674926996231 261.60550153255463 53.35601606965065 7.8422515690326682 12.982072591781614 3750.5489609539509 52.200466066598892 62.907091319561005 96.300016015768051 303.82452806830406 194.00458067655563 794.97828754782677 2614.2416707575321 89.544506758451462 500.56855085492134
leaf_count=117 700 144 22 35 10075 141 170 259 813 520 2126 7016 240 1346
internal_value=5.73074e-06 -0.00102098 -0.0114156 -0.000686724 -0.000906643 0.0121145 -0.00884204 0.000848128 0.00244722 0.00137309 0.0030538 -0.000325445 -0.00891579 0.00179865
internal_weight=8838.55 3983.48 124.105 3859.38 3794.19 65.1825 116.263 4855.07 2054.98 1793.38 1489.55 2800.09 185.845 1295.55
internal_count=23724 10704 336 10368 10192 176 314 13020 5505 4805 3992 7515 499 3472
is_linear=0
shrinkage=0.05


Tree=120
num_leaves=15
num_cat=0
split_feature=3 7 1 6 7 9 6 1 7 8 6 2 11 8
split_gain=2.57973 5.19703 6.25358 5.30662 4.714 3.74986 4.62262 6.83816 4.55389 5.58506 3.95383 3.42884 2.86626 8.39633
threshold=0.25723495176155292 0.0100535158509044 0.010091020175433906 0.0055840993082111792 0.0069630163829871184 0.0036140777904607245 -0.0011181426787588583 -0.001817207021470909 0.0047658927197468089 0.25083399983812871 -0.0025901950319465465 0.0062888423843838739 0.004245510018889358 0.22187114742601852
decision_type=2 2 2 2 2 2 2 2 2 2 2 2 2 2
left_child=1 2 3 4 5 6 10 -8 9 -9 -1 -7 13 -2
right_child=12 -3 -4 -5 -6 11 7 8 -10 -11 -12 -13 -14 -15
leaf_value=-0.0072480976269991282 -0.003613121237756037 -0.033618687049847509 0.030851566502954449 -0.04441316449296262 0.023918544439087933 -0.027448059015502731 0.028855957257471195 -0.020238549427620794 -0.048408379314742733 0.024556591940509291 0.037276094395665371 0.00090751855748234756 0.00068894374704707353 0.0025938005109910445
leaf_weight=8.1609454154968279 1498.4208638072014 15.53600889444351 12.348423928022383 8.5550434589385969 13.774064749479292 31.648575693368912 10.387178033590308 25.960461169481292 8.8038166761398298 9.5064034163951856 12.817161887884131 16.07714569568634 6289.6421657800674 856.16602164506912
leaf_count=22 4059 42 33 23 37 85 28 72 24 26 35 43 16889 2306
internal_value=1.06876e-05 -0.00602457 -0.00331194 -0.00620756 -0.00382415 -0.00692178 2.89107e-06 -0.00765496 -0.0162215 -0.00823183 0.0199552 -0.017896 0.000131875 -0.00135618
internal_weight=8817.8 173.575 158.039 145.691 137.136 123.362 75.636 54.6579 44.2707 35.4669 20.9781 47.7257 8644.23 2354.59
internal_count=23724 470 428 395 372 335 207 150 122 98 57 128 23254 6365
is_linear=0
shrinkage=0.05


Tree=121
num_leaves=15
num_cat=0
split_feature=9 4 9 4 4 1 6 2 3 4 0 11 6 0
split_gain=5.83675 5.03572 4.89281 7.37796 4.2719 4.14809 8.94625 3.94593 3.63399 4.05471 3.43982 4.73022 7.00071 6.13762
threshold=0.013523055347217313 0.91509978688838201 0.016965983814104888 0.92354261263576753 0.98644743045881944 0.018581027803871403 -0.027383224043401749 0.0083716372136941729 2.7035108074298395 0.012659779422029878 0.0061932083400204853 0.013687134489865789 0.0068150035496740346 -0.0015986949432745272
decision_type=2 2 2 2 2 2 2 2 2 2 2 2 2 2
left_child=10 8 4 -4 -3 -5 -7 -8 9 -2 11 -1 13 -13
right_child=1 2 3 5 -6 6 7 -9 -10 -11 -12 12 -14 -15
leaf_value=0.0014123328193499077 0.068767190233411879 -0.034539813869630051 0.13979820107174784 -0.0060013935055395007 0.055241737258679958 -0.0039957582975864861 0.17691724792831473 0.052160533534427636 0.0032404671948610738 -0.015167305400835111 -0.010412403786689515 0.069349514409797572 0.11021413073712466 -0.023694985431662971
leaf_weight=1248.9290550127625 1.4535071626305569 6.5328476615250128 1.4323593899607647 6.9302929323166591 1.6619726493954656 3.2328689657151699 1.4160412549972536 1.1473698355257509 37.01408077776432 142.80085384100676 61.638061929494143 2.8875936008989811 2.4112927950918674 4.5892313010990602
leaf_count=18034 32 133 27 124 26 55 23 19 761 3171 1129 59 40 91
internal_value=-9.47235e-05 -0.00797427 0.0144168 0.032213 -0.0163314 0.0201044 0.0513177 0.121077 -0.0107355 -0.0143216 0.00112035 0.00168505 0.0361312 0.0122393
internal_weight=1524.08 203.622 22.3538 14.1589 8.19482 12.7266 5.79628 2.56341 181.268 144.254 1320.46 1258.82 9.88812 7.47682
internal_count=23724 4371 407 248 159 221 97 42 3964 3203 19353 18224 190 150
is_linear=0
shrinkage=0.05


Tree=122
num_leaves=15
num_cat=0
split_feature=11 6 11 5 8 2 2 6 2 7 7 8 8 9
split_gain=2.98 6.27 5.67402 7.69179 5.15114 5.44054 5.07786 5.06875 4.90265 8.27828 8.67756 7.84077 9.98553 7.2401
threshold=0.0089940979141916455 0.024751653919641625 0.0096540291531257757 0.055387696399861165 0.76306965653910852 0.015009369485387968 0.0024832331399511185 0.0027955969660217379 0.0093168253006255201 0.0073817555224171593 0.006111212373484021 0.24422180340528224 0.45368098165190002 0.024556457569792096
decision_type=2 2 2 2 2 2 2 2 2 2 2 2 2 2
left_child=1 7 3 8 6 -6 -4 -1 9 10 -2 -12 -13 -10
right_child=2 -3 4 -5 5 -7 -8 -9 13 -11 11 12 -14 -15
leaf_value=-0.0010929808629113259 0.013572864567227394 -0.012268216749790846 0.041389064136190278 -0.041480624804417977 0.060196446186108359 0.00077877740649323699 -0.00022813065170973094 0.0017185824013557925 0.022182587166747755 0.028185756942879683 0.0013034795599009784 -0.049448467318025074 0.017330196986355576 -0.013853609910707734
leaf_weight=5065.9659382104874 51.933989644050598 109.27381852269173 7.3827190995216361 7.4755506217479697 7.3774506151676169 8.0633100271224958 1017.033776819706 2345.115469545126 105.09494838118553 28.323519378900528 38.839515715837479 22.411166667938236 7.4619382023811331 16.06941220164299
leaf_count=13626 139 292 20 20 20 22 2728 6272 282 76 104 60 20 43
internal_value=5.67163e-06 -0.000378616 0.00219926 0.00854986 0.000503841 0.029168 7.17943e-05 -0.000203308 0.00993437 0.00385955 -0.00185137 -0.0135092 -0.032768 0.0174033
internal_weight=8837.82 7520.36 1317.47 277.61 1039.86 15.4408 1024.42 7411.08 270.134 148.97 120.647 68.7126 29.8731 121.164
internal_count=23724 20190 3534 744 2790 42 2748 19898 724 399 323 184 80 325
is_linear=0
shrinkage=0.05


Tree=123
num_leaves=15
num_cat=0
split_feature=2 4 4 0 4 2 9 4 9 8 3 7 1 6
split_gain=2.43458 3.43613 3.65178 4.04542 3.31834 2.75247 3.14001 3.51572 4.21853 2.36804 2.33112 4.82588 5.82505 4.98095
threshold=0.0014239806581766645 0.13166775710177567 0.35898477755654246 -0.00023127185633454119 0.42727414503324196 0.0012136271864110692 0.0038110277119292745 0.77768375856143079 0.0024716091131182466 0.16498879884364906 0.25723495176155292 0.0100535158509044 0.010091020175433906 0.0055840993082111792
decision_type=2 2 2 2 2 2 2 2 2 2 2 2 2 2
left_child=1 -1 3 9 -4 -6 7 8 -7 -3 11 12 13 -2
right_child=10 2 4 -5 5 6 -8 -9 -10 -11 -12 -13 -14 -15
leaf_value=-0.033779261791500197 -0.0035387900646234138 -0.023905763718196707 -0.03203206066269567 0.035020076014306664 0.0046015467013349968 -0.014714954175554601 -0.04379389599200946 -0.030651935306901225 0.02666394633783092 0.012624512589858628 0.00022772489068798715 -0.032388626681851045 0.029841298496873381 -0.043044215557742044
leaf_weight=10.738590538501738 125.76968559622765 7.9020496904850068 13.461200237274168 11.058485567569731 38.062066674232483 14.709271132946016 7.2641688883304587 11.577142298221586 10.596877604722975 10.115076243877409 8519.274484872818 15.466520369052885 12.347646236419676 8.5192835628986341
leaf_count=31 340 22 38 30 105 41 20 32 29 28 22910 42 33 23
internal_value=1.09107e-05 -0.00663989 -0.00430364 0.0112143 -0.00901974 -0.00525165 -0.0137467 -0.00782884 0.00261234 -0.00339714 0.000114706 -0.00582498 -0.00302318 -0.00604501
internal_weight=8816.86 135.485 124.746 29.0756 95.6707 82.2095 44.1475 36.8833 25.3061 18.0171 8681.38 162.103 146.637 134.289
internal_count=23724 376 345 80 265 227 122 102 70 50 23348 438 396 363
is_linear=0
shrinkage=0.05


Tree=124
num_leaves=15
num_cat=0
split_feature=2 0 9 5 0 11 1 8 4 11 7 6 0 1
split_gain=5.64585 3.81521 4.16196 4.1556 3.98368 3.90887 15.5871 11.3812 3.79491 5.75326 6.57124 5.96497 4.53424 3.82265
threshold=0.010489738363247117 -0.0043836566051889013 0.027432215814648449 -0.0555452373374258 0.0049109945953907481 0.0058486780498309106 0.013051096927600632 0.3040564460564682 0.95115234457155251 0.0066236321193115797 0.0044141983829040768 0.004867627409120002 0.0068593019453852136 0.017092508034991485
decision_type=2 2 2 2 2 2 2 2 2 2 2 2 2 2
left_child=1 2 5 -3 -5 6 -1 -8 -6 11 -11 13 -12 -10
right_child=-2 3 -4 4 8 -7 7 -9 9 10 12 -13 -14 -15
leaf_value=-0.0042337834014390752 -0.011868280509400059 0.058686047215853493 0.027195069447288035 0.0026017414710817811 -0.0092283823785376303 -0.015730805980964182 0.21860493381171456 0.0073574246495737771 -0.030692380075767658 0.11258864996255419 0.072766584406829357 0.079863140182847292 -0.0039289468124521706 0.033014108877968566
leaf_weight=80.393395613878965 95.505906738340855 3.185633309185504 8.8345847576856595 1087.2150839455426 135.68568309023976 82.54201814904809 1.3795545212924474 1.1854998171329496 11.946080271154647 2.3534725755453101 2.7471194565296155 1.7337218262255181 6.455932542681694 2.9327975809574118
leaf_count=1467 2232 38 141 15065 2594 1717 20 20 196 27 33 22 109 43
internal_value=-9.85312e-05 0.000688315 -0.00624237 0.00165164 0.00150642 -0.00802729 -0.000362453 0.120972 -0.00576133 0.0109389 0.0380311 -0.00790782 0.0189647 -0.0181351
internal_weight=1524.1 1428.59 174.335 1254.26 1251.07 165.5 82.9584 2.56505 163.855 28.1691 11.5565 16.6126 9.20305 14.8789
internal_count=23724 21492 3365 18127 18089 3224 1507 40 3024 430 169 261 142 239
is_linear=0
shrinkage=0.05


Tree=125
num_leaves=15
num_cat=0
split_feature=2 9 2 5 5 7 8 3 1 7 9 11 3 8
split_gain=2.9771 5.31914 5.9948 7.85014 6.77038 11.7114 9.05639 8.26999 6.09409 11.1793 6.04023 5.78261 6.09156 6.26609
threshold=0.0046529904876449401 0.013523055347217313 0.0031021589481421761 0.012748086728694144 -0.0024492766296893404 0.0028002290717551435 0.12738878394610445 0.27638609461785596 -0.012911568253475522 0.0035366271150150618 0.012572761749778619 0.0043617116594206725 0.67958067339291506 0.33395327521088319
decision_type=2 2 2 2 2 2 2 2 2 2 2 2 2 2
left_child=1 2 3 -1 5 10 8 -8 9 -7 -4 -9 13 -13
right_child=-2 -3 4 -5 -6 6 7 11 -10 -11 -12 12 -14 -15
leaf_value=0.0016570497056270948 0.00079895490744212724 0.0079529075168269011 0.0069126595991353193 -0.014447886220307557 -0.0055707999076910165 0.053441839932659607 0.051597155107871495 -0.021041562664169223 -0.021187613988281277 -0.022282038442535106 -0.02858282165301846 0.0027112525685033671 0.010451084028995425 -0.023581462398394565
leaf_weight=1511.2976540327072 5060.1732697784901 157.02728751301765 420.49818325042725 79.653783917427063 1232.4016779959202 8.239982873201372 7.435388356447219 33.842733263969421 112.82842040061951 11.931912571191786 12.336890757083891 58.378159463405609 93.749940514564514 37.036577641963959
leaf_count=4049 13578 421 1126 217 3324 22 20 91 303 32 33 157 251 100
internal_value=6.10773e-06 -0.00105619 -0.00144703 0.000850728 -0.00324899 0.000344472 -0.0062729 -0.000276725 -0.0166622 0.00865028 0.00590095 -0.00200628 0.00139926 -0.00749464
internal_weight=8836.83 3776.66 3619.63 1590.95 2028.68 796.278 363.443 230.443 133 20.1719 432.835 223.007 189.165 95.4147
internal_count=23724 10146 9725 4266 5459 2135 976 619 357 54 1159 599 508 257
is_linear=0
shrinkage=0.05


Tree=126
num_leaves=15
num_cat=0
split_feature=4 4 8 4 0 11 3 5 3 6 0 9 4 6
split_gain=2.37509 5.86857 5.60792 4.81509 4.33964 4.39583 6.05336 5.77616 4.81603 5.95893 4.48676 5.51619 4.26959 4.01397
threshold=0.55016462188742621 0.5261685637492387 0.098989513372330584 0.62179906568023458 0.0080226050321640409 0.0061856270719543071 0.39746835797033714 -0.0055204798736170112 0.50525055043628619 -0.0022792850747168441 -0.0019608027093677648 0.010216537562647249 0.56112282270772129 0.002010555265360097
decision_type=2 2 2 2 2 2 2 2 2 2 2 2 2 2
left_child=1 -1 -3 4 5 6 13 12 9 -9 11 -8 -7 -2
right_child=3 2 -4 -5 -6 7 10 8 -10 -11 -12 -13 -14 -15
leaf_value=-0.0003816679917169369 -0.019504267590596196 -0.022579323632508114 -0.0040111685039056948 0.00014197994769824795 0.02297432172938331 -0.013385544831428599 -0.021849934798966467 0.032071242025491602 -0.012604273965396921 -0.0082590347582556182 0.011825774309318603 0.01130110442137478 0.013570740815766853 0.017913894874606779
leaf_weight=4450.7142340838909 31.41643500328064 55.56006270647049 151.66342523694038 3500.4742698967457 31.300568372011185 18.199342995882034 23.761536061763763 15.322369843721388 112.56177690625191 22.769364178180695 290.11741062998772 26.590634495019913 76.167497605085373 9.2855615317821485
leaf_count=11993 85 150 408 9406 84 49 64 41 302 61 779 72 205 25
internal_value=1.0771e-05 -0.00076462 -0.0089896 0.000879398 0.00480539 0.00389721 0.00725596 -0.00132791 -0.00740378 0.00796379 0.00943455 -0.0043431 0.00837202 -0.0109679
internal_weight=8815.9 4657.94 207.223 4157.97 657.492 626.192 381.172 245.02 150.654 38.0917 340.47 50.3522 94.3668 40.702
internal_count=23724 12551 558 11173 1767 1683 1025 658 404 102 915 136 254 110
is_linear=0
shrinkage=0.05


Tree=127
num_leaves=15
num_cat=0
split_feature=2 2 4 8 2 3 8 5 1 2 5 1 7 11
split_gain=5.32025 3.56996 4.58373 7.94097 4.47694 4.45252 8.12969 4.53872 4.23704 4.11553 5.33421 7.00095 7.73547 6.28442
threshold=0.010489738363247117 0.0033529785338916591 0.90787266351408036 0.34821787237967278 0.0019375051523759139 0.30034324301862697 0.016140332272397296 0.026854091340749023 0.0085913001589764341 0.003075675311163662 0.0085966478849563675 0.0034987700832327046 0.0025550761702414358 0.00496231114463938
decision_type=2 2 2 2 2 2 2 2 2 2 2 2 2 2
left_child=1 2 9 4 -4 6 -3 -8 -6 -1 -11 12 -12 -13
right_child=-2 5 3 -5 8 -7 7 -9 -10 10 11 13 -14 -15
leaf_value=0.00059975650904859311 -0.011593777641111183 0.11349266949102035 0.041259222888213161 0.078972933062159259 -0.0084956425838064002 -0.0017098316087755261 0.0065617690458108198 0.094027494535600942 0.070385046560647327 0.0067141174444166748 0.16777288217707845 -0.0006894894820847269 0.022763427799012491 0.083923029933051271
leaf_weight=339.87314334139228 94.408051362261176 2.0071014240384093 8.9449462518095988 5.1776410266757003 18.411184161901478 943.53051770478487 35.74313884973526 1.5474045537412155 1.8758480101823796 57.077912669628859 1.9654808863997453 8.6193718463182432 1.7284303866326807 2.944061402231454
leaf_count=3945 2232 22 72 46 217 15716 468 22 19 764 22 108 25 46
internal_value=-9.786e-05 0.00066139 0.0043681 0.0219 0.0117911 -0.00102302 0.0154673 0.0101912 -0.00120191 0.0029046 0.0137341 0.0399959 0.099921 0.0208529
internal_weight=1523.85 1429.45 446.618 34.4096 29.232 982.828 39.2976 37.2905 20.287 412.208 72.3353 15.2573 3.69391 11.5634
internal_count=23724 21492 5264 354 308 16228 512 490 236 4910 965 201 47 154
is_linear=0
shrinkage=0.05


Tree=128
num_leaves=15
num_cat=0
split_feature=5 8 8 9 4 9 5 8 4 0 4 9 11 3
split_gain=2.9352 3.02864 3.56395 4.86648 2.96564 3.3863 3.27682 3.53048 5.53082 2.96097 4.84323 3.9058 4.03763 4.4457
threshold=-0.066705350568643143 0.54779444912899955 0.72425818679654619 0.024556457569792096 0.95954803765495744 0.0033132250139189822 -0.014922527269301789 0.17397459575781329 0.99176136996792696 -0.019438778248737482 0.28948890420904405 0.014257405877293365 0.01968614190591576 0.55762612925713917
decision_type=2 2 2 2 2 2 2 2 2 2 2 2 2 2
left_child=1 -1 3 -3 9 -6 7 -7 -9 10 -2 12 -11 -14
right_child=4 2 -4 -5 5 6 -8 8 -10 11 -12 -13 13 -15
leaf_value=0.020535082216503839 -0.0038281599595634264 -0.040978052958798562 0.025131891330547718 0.0061912502932825707 -0.020868107351468143 -0.037492993848890328 -0.00096589506653481014 -0.019904780775684156 0.030641256468454232 -0.00018613166025789753 -0.035286692541176112 0.0027816449611029678 -0.038456576571766779 0.0085215210959252909
leaf_weight=35.222661286592484 76.191449642181396 8.5891239941120165 9.6336916387081128 15.048247367143629 29.870283484458923 13.2600140273571 242.16324561834335 19.701495558023456 7.4616793990135184 7095.5506066083908 14.575353085994719 1246.5580141544342 14.096031755208971 7.8353558182716361
leaf_count=97 204 23 27 41 81 36 655 53 20 19049 39 3340 38 21
internal_value=6.13058e-06 0.0103165 -0.000501493 -0.0109487 -7.44185e-05 -0.00485801 -0.00316569 -0.016344 -0.00601987 0.000102364 -0.00887978 0.000199839 -0.00025234 -0.0216729
internal_weight=8835.76 68.4937 33.2711 23.6374 8767.26 312.457 282.586 40.4232 27.1632 8454.81 90.7668 8364.04 7117.48 21.9314
internal_count=23724 188 91 64 23536 845 764 109 73 22691 243 22448 19108 59
is_linear=0
shrinkage=0.05


Tree=129
num_leaves=15
num_cat=0
split_feature=11 9 3 9 8 5 3 4 7 1 6 7 9 1
split_gain=2.31166 5.67897 3.02224 3.07513 2.66065 2.4934 2.22494 4.64379 7.62563 6.01512 4.02616 4.3752 2.93893 6.11999
threshold=0.0014613150331545589 0.0014654606547742949 0.45949597920296203 0.0023601712432499929 0.10374770483195032 0.00022749336114862248 0.25723495176155292 0.81828991949950203 0.0100535158509044 0.010091020175433906 0.0055840993082111792 0.0069630163829871184 0.0036140777904607245 -0.0017345394660492161
decision_type=2 2 2 2 2 2 2 2 2 2 2 2 2 2
left_child=1 5 -3 4 -4 -1 7 8 9 10 11 12 13 -2
right_child=6 2 3 -5 -6 -7 -8 -9 -10 -11 -12 -13 -14 -15
leaf_value=-0.0022925063620063664 0.02727386366991363 0.0073239365337469152 -0.028547274825399666 -0.034105042046970527 0.010674998534041922 0.039143745460887044 0.00019500484191397802 0.01464202463666031 -0.045166531074141328 0.029720621124539645 -0.041773671689992159 0.022121004983882125 -0.020315337647062396 -0.010812403334356594
leaf_weight=7.2490727305412275 13.335549503564826 10.380383700132368 7.7771116495132473 24.812490314245224 9.7373639643192273 7.2731220722198486 8576.0215954482555 24.438911467790604 13.190965414047239 11.219515472650526 8.4762367010116559 12.294125467538832 38.700264900922775 50.452288299798973
leaf_count=20 36 29 22 70 27 20 23069 66 36 30 23 33 104 139
internal_value=1.1064e-05 -0.00922505 -0.016853 -0.0227822 -0.00674122 0.0184599 8.20437e-05 -0.00554673 -0.00888793 -0.00532936 -0.00851976 -0.00606408 -0.00944507 -0.00285005
internal_weight=8815.36 67.2295 52.7073 42.327 17.5145 14.5222 8748.13 172.108 147.669 134.478 123.258 114.782 102.488 63.7878
internal_count=23724 188 148 119 49 40 23536 467 401 365 335 312 279 175
is_linear=0
shrinkage=0.05


Tree=130
num_leaves=15
num_cat=0
split_feature=11 4 6 5 2 4 1 11 3 1 4 9 0 3
split_gain=5.10018 5.36236 5.12448 5.32783 5.74803 7.18515 4.55046 4.16775 7.43868 5.14212 4.13864 3.53449 3.21761 6.33476
threshold=0.0068467847198277502 0.91509978688838201 0.00094999830083538576 -0.0033588043809636508 0.0093168253006255201 0.95115234457155251 0.011702809653074081 0.0067801000669412232 0.73372354664517359 0.0036209282164984462 0.46580108117741414 0.0020019435501019236 0.0051702257285906614 2.7035108074298395
decision_type=2 2 2 2 2 2 2 2 2 2 2 2 2 2
left_child=7 11 3 4 5 -3 -6 12 9 10 -9 -2 -1 -14
right_child=1 2 -4 -5 6 -7 -8 8 -10 -11 -12 -13 13 -15
leaf_value=0.002079492940314166 0.10403906078670117 0.018191856456589051 -0.022284341896003423 0.0086660120947336765 -0.018555620632698309 0.14490716988156269 0.099113141923464154 -0.011857260556179585 -0.0094632981416028043 0.13308471852666359 0.088195210934670892 -0.0071910440283148086 -0.012828727448144615 0.025561374454782959
leaf_weight=1030.7866307646036 0.7156628742814054 1.8834184184670464 8.1011913046240789 20.557227920740843 3.0879186168313026 2.7553039379417896 1.1194947771728037 2.1299122571945173 5.8973876014351845 2.0787069350481033 2.0079852901399136 350.26227069459856 79.886846724897623 12.415652763098477
leaf_count=14141 9 31 159 335 58 33 20 29 103 28 26 7074 1453 225
internal_value=-9.89622e-05 -0.00504396 0.0129265 0.0226278 0.0550732 0.0934581 0.0127533 0.00159329 0.030764 0.0689257 0.0366949 -0.00696424 0.00127864 -0.00766486
internal_weight=1523.69 388.482 37.5046 29.4034 8.84614 4.63872 4.20741 1135.2 12.114 6.2166 4.1379 350.978 1123.09 92.3025
internal_count=23724 7719 636 477 142 64 78 16005 186 83 55 7083 15819 1678
is_linear=0
shrinkage=0.05


Tree=131
num_leaves=15
num_cat=0
split_feature=5 8 6 3 11 9 3 11 4 7 3 9 5 0
split_gain=2.74655 2.83738 3.42862 3.00772 2.77771 5.19239 4.47987 4.17056 6.08275 4.67209 3.56195 3.26265 4.27263 7.26565
threshold=-0.066705350568643143 0.54779444912899955 0.038618411790241745 1.438290089219995 0.0014613150331545589 0.0014654606547742949 0.41068733619592801 0.002079427505256208 0.95506901109053366 0.00087950428732614966 0.70777933916156843 0.0024716091131182466 -0.00063395029508495711 0.00062150793301799488
decision_type=2 2 2 2 2 2 2 2 2 2 2 2 2 2
left_child=1 -1 3 -3 5 -2 -7 8 9 10 -6 12 13 -9
right_child=4 2 -4 -5 7 6 -8 11 -10 -11 -12 -13 -14 -15
leaf_value=0.019906212517582674 -0.016301740306571968 0.0053998729089302679 0.017424671657494627 -0.035023611383647166 0.042011865880093882 -0.018079782763882529 0.022728054561119575 0.025657086479207159 -0.048594948226277912 -0.0078237809776262168 -0.0013997213118317527 -0.00012477802025000795 0.00054467060342816326 -0.010976230413472017
leaf_weight=35.096521079540253 14.94274204969406 9.1672382056713122 14.813270002603529 9.2394722998142225 8.6056092679500598 7.8400111496448508 47.305387407541275 52.634100139141083 8.4789340198039991 182.68994754552841 10.47890719771385 8303.6155072450638 111.86673450469971 18.220651924610138
leaf_count=97 40 25 41 25 23 21 127 141 23 490 28 22294 300 49
internal_value=6.02768e-06 0.00999257 -0.000481078 -0.0148912 -7.17949e-05 0.00984219 0.0169264 -0.000151694 -0.00710804 -0.00536468 0.0181755 2.06527e-05 0.00662962 0.0162366
internal_weight=8835 68.3165 33.22 18.4067 8766.68 70.0881 55.1454 8696.59 210.253 201.774 19.0845 8486.34 182.721 70.8548
internal_count=23724 188 91 50 23536 188 148 23348 564 541 51 22784 490 190
is_linear=0
shrinkage=0.05


Tree=132
num_leaves=15
num_cat=0
split_feature=5 7 7 7 11 3 8 7 8 6 2 8 7 7
split_gain=2.2506 4.89304 6.5797 6.67679 6.05551 8.26978 5.86354 5.47527 5.36247 6.517 4.38416 6.40546 5.85496 5.66469
threshold=0.011262382618103863 0.0038115590600897756 0.0041242073450233202 0.0044141983829040768 0.0058742402214081828 0.81504022115907482 0.074505946604952883 0.0042367524516408539 0.27603029874904245 -0.003928810088413605 0.015599163981111349 0.18045777840288899 0.0093146721922798912 0.018767083715965093
decision_type=2 2 2 2 2 2 2 2 2 2 2 2 2 2
left_child=10 8 -3 6 5 -5 -4 -8 -2 -10 13 -12 -13 -1
right_child=1 2 3 4 -6 -7 7 -9 9 -11 11 12 -14 -15
leaf_value=-0.00031028310983902791 0.00060294467683720478 -0.010670435504123298 0.03568698550535971 -0.021628004436451333 -0.0010227562213397142 0.040240376040432235 -0.0063116925812164567 0.017001236370708758 0.0036912656829619682 0.017550594262690466 -0.027336173494448585 0.033633973064423686 -0.0071052447395408809 0.042254288676736952
leaf_weight=6608.6524400413036 381.07819223403931 138.46441420912743 21.329098463058472 7.4861245453357723 1051.0128492414951 19.394508689641953 44.534643352031708 57.968167871236801 215.73089903593063 139.77927017211914 36.581408768892288 9.9961566627025586 74.917410105466843 7.8258917331695548
leaf_count=17798 1019 370 57 20 2820 52 119 155 579 375 103 27 209 21
internal_value=1.07854e-05 0.00144986 -0.000349399 0.000839805 -0.000423416 0.0230103 0.0118355 0.00687241 0.00472353 0.00914047 -0.000432766 -0.00984478 -0.00230936 -0.000259938
internal_weight=8814.75 2076.78 1340.19 1201.73 1077.89 26.8806 123.832 102.503 736.588 355.51 6737.97 121.495 84.9136 6616.48
internal_count=23724 5566 3593 3223 2892 72 331 274 1973 954 18158 339 236 17819
is_linear=0
shrinkage=0.05


Tree=133
num_leaves=15
num_cat=0
split_feature=9 4 9 8 4 8 4 6 8 9 3 4 11 4
split_gain=4.87645 4.50751 4.53355 6.00964 9.71685 11.2265 3.86105 3.41257 10.6083 4.37302 3.35588 3.69196 3.30569 9.31145
threshold=0.013523055347217313 0.91509978688838201 0.016965983814104888 0.42111881556037767 0.92354261263576753 0.37030322530794796 0.98644743045881944 0.024751653919641625 0.14808191630773201 0.012344865439399331 2.7035108074298395 0.012659779422029878 0.013297268085721618 0.16079638922783482
decision_type=2 2 2 2 2 2 2 2 2 2 2 2 2 2
left_child=7 10 6 4 -4 -6 -3 12 -9 -10 11 -2 -1 -14
right_child=1 2 3 -5 5 -7 -8 8 9 -11 -12 -13 13 -15
leaf_value=0.00056086167382207676 0.063661915134176988 -0.034527423238809238 0.18522403169656287 -0.034596149958835885 0.012941552193987224 0.1764200573149948 0.04861636023205429 0.14693566191116286 -0.022984842420216089 0.082811491539187626 0.0033183929672155176 -0.014484681596810845 0.13102412460996007 0.0089931519436034692
leaf_weight=1303.8200602903962 1.5281101912260044 6.3613486960530299 1.1348817311227311 2.8654196020215741 9.3739844821393472 1.1826710700988758 1.7890134565532205 1.6434790454804886 4.1470413766801357 1.2776688449084757 36.931020395830274 138.14612977392972 1.8103057146072377 11.452616564929484
leaf_count=18977 32 133 18 57 153 20 26 24 68 26 761 3171 35 223
internal_value=-9.80495e-05 -0.00738939 0.0135802 0.0302972 0.0462016 0.0312562 -0.0162773 0.000999451 0.0356488 0.00193311 -0.0100856 -0.0136297 0.000813503 0.0256496
internal_weight=1523.46 199.313 22.7073 14.557 11.6915 10.5567 8.15036 1324.15 7.06819 5.42471 176.605 139.674 1317.08 13.2629
internal_count=23724 4371 407 248 191 173 159 19353 118 94 3964 3203 19235 258
is_linear=0
shrinkage=0.05


Tree=134
num_leaves=15
num_cat=0
split_feature=2 9 11 2 1 11 7 0 8 4 1 3 11 8
split_gain=2.65687 4.92082 5.69879 5.62312 5.76762 5.74958 7.66962 5.35313 5.21136 5.59442 5.0554 4.81602 4.76762 4.64162
threshold=0.0046529904876449401 0.013523055347217313 0.0031072845425029016 0.0035293869622739162 0.010091020175433906 0.0067801000669412232 0.0065614045209183734 0.0011097457065896653 0.21811244738514149 0.61787252921232738 0.012195334302394592 0.31487352007909492 0.0035694002150102383 0.76306965653910852
decision_type=2 2 2 2 2 2 2 2 2 2 2 2 2 2
left_child=1 3 -3 4 -1 -5 11 10 -8 -10 -6 -7 -2 -14
right_child=12 2 -4 5 7 6 8 -9 9 -11 -12 -13 13 -15
leaf_value=0.00077684924741943902 0.040738547067432747 -0.024533709721645001 0.010486780480911645 -0.0026573670971848234 -0.044700334175271583 0.0079693355179470578 -0.016590940281771476 -0.0034221578049328546 0.037979832108056756 -0.010721118651246869 -0.0020727450040696374 -0.02250361641842567 0.0005831417438265221 0.021009705642056533
leaf_weight=2074.3437809944153 7.4446206390857688 12.63320931792259 144.35447472333908 1291.059572994709 19.310159087181095 14.732435286045073 15.6306075155735 58.530300915241241 16.068497031927112 9.3154690861701948 10.870797663927076 108.1253510415554 5023.9651730954647 27.965948134660721
leaf_count=5563 20 34 387 3475 53 40 42 160 43 25 30 294 13482 76
internal_value=6.14692e-06 -0.000997681 0.00766859 -0.00137372 0.00024292 -0.00377718 -0.0125996 -0.012242 0.00612173 0.0201074 -0.0293464 -0.0188495 0.000755137 0.000696217
internal_weight=8834.35 3774.97 156.988 3617.99 2163.06 1454.93 163.872 88.7113 41.0146 25.384 30.181 122.858 5059.38 5051.93
internal_count=23724 10146 421 9725 5806 3919 444 243 110 68 83 334 13578 13558
is_linear=0
shrinkage=0.05


Tree=135
num_leaves=15
num_cat=0
split_feature=11 8 7 11 5 7 7 3 2 5 11 8 7 2
split_gain=2.28341 8.07168 9.49167 7.76044 7.15975 8.88788 6.40098 5.84256 7.38514 5.72971 7.08205 6.29376 6.0401 5.5608
threshold=0.004245510018889358 0.25515994347822085 0.0023605341669122363 0.0016017465967571073 -0.0023167209721429737 0.0025169011308823481 0.0024230536220525923 0.92610439524997512 0.0041125962727492074 -0.010426134783612566 0.0041718101937116402 0.11144016240689318 0.0029658496464099455 0.0052082660236309267
decision_type=2 2 2 2 2 2 2 2 2 2 2 2 2 2
left_child=1 2 -1 -3 5 -5 -2 8 -7 10 11 -4 -11 -6
right_child=6 3 9 4 13 7 -8 -9 -10 12 -12 -13 -14 -15
leaf_value=-0.0011674125788943242 0.016391929003864946 -0.02276748932639076 0.018785357284003608 -0.0093710042419565941 0.0092832508760588156 0.010533211472271762 0.00034563031488392539 0.019074451236024147 -0.029191591023524595 -0.010661889016260473 0.049757469027588347 -0.020842521700958377 -0.037491807856568048 -0.029003072432120122
leaf_weight=1298.6622620224953 62.763242453336716 27.798405140638351 18.718803852796555 165.89229941368103 400.86464735865593 32.469884604215622 6354.0241288542747 62.260591238737106 18.290100395679474 310.13471394777298 7.753297507762908 21.559802323579788 22.498913377523422 9.7137832641601545
leaf_count=3519 168 78 51 448 1077 87 17070 167 49 842 21 59 62 26
internal_value=1.07334e-05 -0.00130616 -0.00320257 0.00313374 0.00417801 -0.00200384 0.000502581 0.00880974 -0.00378063 -0.0101456 0.00599733 -0.00242613 -0.0124766 0.00837744
internal_weight=8813.4 2396.62 1679.33 717.29 689.491 278.913 6416.79 113.021 50.76 380.666 48.0319 40.2786 332.634 410.578
internal_count=23724 6486 4554 1932 1854 751 17238 303 136 1035 131 110 904 1103
is_linear=0
shrinkage=0.05


Tree=136
num_leaves=15
num_cat=0
split_feature=2 0 1 9 11 0 11 1 8 0 2 2 5 4
split_gain=4.89428 3.38402 4.03559 3.90193 4.05856 8.38058 3.84455 13.7373 11.6827 3.7529 3.51339 3.05624 6.13959 3.7939
threshold=0.010489738363247117 -0.0043836566051889013 -0.03897824125992979 0.03327867382466753 0.012543979427923858 -0.0067501439328693218 0.0058486780498309106 0.0095088004168564864 0.2373320313404326 -0.022125267665112028 0.0086657083161755365 0.0035965932795320025 -0.020428015450595947 0.90787266351408036
decision_type=2 2 2 2 2 2 2 2 2 2 2 2 2 2
left_child=1 3 -3 4 6 -6 7 -1 -9 -8 -5 12 -4 -14
right_child=-2 2 11 10 5 -7 9 8 -10 -11 -12 -13 13 -15
leaf_value=-0.0058259885237712129 -0.011215716894395796 0.065056019333808335 0.08145248874941681 0.089963132817258401 0.13545459313187139 -0.034691999640300224 0.061008177564483158 0.15044983227433686 0.0026706416060983396 -0.017211442599989895 -0.0069188954951635434 -0.00058608135603153326 0.0027537513878613403 0.018825905573353355
leaf_weight=77.942096456885338 92.896407315507531 2.4949387758970252 2.5760379843413821 1.9923550412058824 1.4689113274216654 1.4265685603022564 1.5630584396421898 2.6908094659447661 2.6589284315705299 81.011151377111673 1.7646192163228986 761.03007041662931 451.7471190020442 39.966352444142103
leaf_count=1437 2232 38 39 26 29 27 26 35 42 1717 26 12230 5399 421
internal_value=-9.45324e-05 0.00062776 0.00152845 -0.00593911 -0.00706106 0.0516254 -0.00808554 -0.000506135 0.0770006 -0.0157308 0.0444585 0.00140219 0.00446343 0.00406009
internal_weight=1523.23 1430.33 1257.81 172.518 168.762 2.89548 165.866 83.2918 5.34974 82.5742 3.75697 1255.32 494.29 491.713
internal_count=23724 21492 18127 3365 3313 56 3257 1514 77 1743 52 18089 5859 5820
is_linear=0
shrinkage=0.05


Tree=137
num_leaves=15
num_cat=0
split_feature=4 4 6 5 11 2 4 1 4 5 8 4 9 8
split_gain=2.55618 5.21849 6.3434 4.82591 6.75892 6.17437 5.96825 4.74034 7.85238 7.97513 6.26488 4.62224 4.50796 4.27269
threshold=0.3786127389118138 0.28520387807108399 0.020896695547570062 0.0010311521928933348 0.0017230051694595546 0.0099883364161087139 0.15745176157587812 0.0069912566906574474 0.17694096368555093 0.0049111233585021523 0.32269536966576851 0.38674549549549558 0.0058216748288343508 0.2373320313404326
decision_type=2 2 2 2 2 2 2 2 2 2 2 2 2 2
left_child=1 3 12 6 -5 7 -1 -6 9 -9 13 -2 -3 -11
right_child=11 2 -4 4 5 -7 -8 8 -10 10 -12 -13 -14 -15
leaf_value=0.0050405716300021067 -0.013464068292366911 0.00036651031076390296 -0.014813977939379675 0.029450974108275064 -0.007065586481575523 0.0083378581172771447 -0.0015087869584197262 0.033224572934287849 0.010330804936939657 -0.0096296761195602525 -0.028145337275749832 -0.00047425497505770473 0.0082828613183070169 0.019731301947478047
leaf_weight=707.21896442770958 69.335403442382812 275.99651548266411 40.286935359239578 15.994485408067701 608.25404819846153 101.36725851893425 684.54134607315063 10.798548012971876 119.25418356060982 55.380933254957199 38.227033406496048 5574.0740083456039 516.1359041929245 15.962163031101225
leaf_count=1894 186 741 108 43 1629 272 1833 29 322 149 104 14987 1384 43
internal_value=5.59244e-06 0.00113703 0.00454029 -6.48969e-05 -0.00278162 -0.00332473 0.00181925 -0.00471904 0.0012374 -0.0077718 -0.0118122 -0.000633849 0.00552463 -0.00306051
internal_weight=8832.83 3189.42 832.419 2357 965.239 949.244 1391.76 847.877 239.623 120.369 109.57 5643.41 792.132 71.3431
internal_count=23724 8551 2233 6318 2591 2548 3727 2276 647 325 296 15173 2125 192
is_linear=0
shrinkage=0.05


Tree=138
num_leaves=15
num_cat=0
split_feature=11 8 7 11 7 8 2 8 9 7 5 3 7 3
split_gain=2.12798 7.57212 10.1366 6.53454 6.27966 6.16099 12.2023 7.49081 7.01421 6.85954 5.72889 7.07137 8.46332 7.06236
threshold=0.004245510018889358 0.22187114742601852 0.0023422169766073747 0.0039414945830259047 0.0030858751309370304 0.21620603423673487 0.016186943639037877 0.33706487615046143 0.0044923011201555476 0.0024004442900384037 0.0035140469433423646 0.38412856712600291 0.0018977209107056898 0.32731023011183769
decision_type=2 2 2 2 2 2 2 2 2 2 2 2 2 2
left_child=1 2 3 -1 -4 6 9 8 -7 -2 11 12 -3 -12
right_child=5 10 4 -5 -6 7 -8 -9 -10 -11 13 -13 -14 -15
leaf_value=-0.0018439495069707591 0.021435419923457728 -0.045117852582227141 -0.0096638848186311171 0.017948048384983657 -0.053372544443584094 0.0078546481728883604 -0.021918812894850759 0.00098498494948935362 -0.0050466506358284591 0.0021326561625660853 0.046916655167030918 0.00074317031496132615 -0.0018771635292558445 0.0057401857483485516
leaf_weight=1117.9644328057766 46.710782378911972 19.304980278015137 354.77480897307396 43.319758862257004 8.4123800098896009 115.32197219133377 52.36188542842865 1847.5553782582283 1218.8893008232117 3135.8670458197594 10.697860866785048 422.07253214716911 27.344931244850159 391.60005816817284
leaf_count=3032 125 53 965 116 24 309 146 4972 3274 8412 29 1139 74 1054
internal_value=1.08088e-05 -0.00126085 -0.00338574 -0.00110564 -0.0106763 0.000485545 0.00202207 -0.00107666 -0.00393153 0.00241596 0.00245816 -0.00129855 -0.0197713 0.00683515
internal_weight=8812.2 2395.49 1524.47 1161.28 363.187 6416.71 3234.94 3181.77 1334.21 3182.58 871.02 468.722 46.6499 402.298
internal_count=23724 6486 4137 3148 989 17238 8683 8555 3583 8537 2349 1266 127 1083
is_linear=0
shrinkage=0.05


Tree=139
num_leaves=15
num_cat=0
split_feature=2 0 5 9 5 5 8 1 7 5 0 0 1 1
split_gain=4.59916 3.16395 3.67757 3.6155 3.7994 11.1404 4.53055 3.70853 6.81888 3.45355 3.394 3.7059 6.17741 7.78939
threshold=0.010489738363247117 -0.0043836566051889013 -0.0555452373374258 0.027432215814648449 0.02619380960834717 0.02846030922772717 0.28997252683821112 0.013051096927600632 0.0038307471793324319 -0.03737066421724413 0.0049109945953907481 0.0045352452811225101 0.012497607431236296 0.015873038974368998
decision_type=2 2 2 2 2 2 2 2 2 2 2 2 2 2
left_child=1 3 -3 4 7 -6 -7 -1 -9 -5 11 -4 -13 -14
right_child=-2 2 10 9 5 6 -8 8 -10 -11 -12 12 13 -15
leaf_value=-0.010429503058200597 -0.010940729624405895 0.05372775195506501 0.0018869770002045384 -0.034451419007778483 0.16375472710420935 0.072232719502793072 -0.034578603241056417 0.098191340762898427 -0.017560795281084503 0.040643828073829068 -0.0054275688817220016 0.0095895998382927693 0.13978045205044298 0.0088779482147172597
leaf_weight=151.08246908709407 91.853107109665871 3.3574839383363715 1069.7784243226051 1.9417870789766309 1.2586703747510899 1.402671944350004 3.3974345698952675 2.2449612580239764 2.9366328567266464 7.2374666705727559 161.92224268615246 20.076154779642824 2.2662812843918791 2.2795268222689629
leaf_count=3018 2232 38 14726 42 22 27 68 30 59 99 3024 282 22 35
internal_value=-9.50993e-05 0.000600972 0.00146842 -0.00577039 -0.00749676 0.0313518 -0.00336654 -0.00900302 0.0325896 0.0247581 0.00132875 0.00232839 0.0215069 0.0741385
internal_weight=1523.04 1431.18 1259.68 171.502 162.323 6.05878 4.80011 156.264 5.18159 9.17925 1256.32 1094.4 24.622 4.54581
internal_count=23724 21492 18127 3365 3224 117 95 3107 89 141 18089 15065 339 57
is_linear=0
shrinkage=0.05


Tree=140
num_leaves=15
num_cat=0
split_feature=9 3 8 2 5 8 3 2 11 11 3 7 3 3
split_gain=2.48712 5.19777 4.52527 4.19294 4.43237 6.06798 5.25761 4.50226 4.22611 6.27978 7.37178 5.54422 6.3885 5.20582
threshold=0.0070281333406778451 1.5047763036666486 0.56464800920956726 0.012559882880154583 -0.01520273718249915 0.42960330485877635 0.47500195003756646 0.006742251633040674 0.0043870824491161484 0.0051048645661622974 0.66034037824857472 0.0034103036180770279 0.26746713901767555 0.81504022115907482
decision_type=2 2 2 2 2 2 2 2 2 2 2 2 2 2
left_child=1 3 -3 4 5 8 7 -7 13 -10 11 -11 -13 -1
right_child=-2 2 -4 -5 -6 6 -8 -9 9 10 -12 12 -14 -15
leaf_value=0.02034483518550264 0.00076557634140314546 -0.0085426231350512593 -0.04808750341386471 0.017989711261250093 -0.00024352128037287508 0.053546589730736574 -0.0015022438763416593 0.0027265118480604695 -0.033945484880525865 0.02052160425420213 0.0070510575014477543 0.022768516417989073 -0.023289753832408538 -0.018233643392577655
leaf_weight=22.033313900232315 4851.6730963587761 116.001539260149 7.7156067490577689 30.105286806821823 3522.2237730920315 9.3383897244930285 56.894898802042007 8.1718541979789716 31.469610124826431 9.3298946022987348 47.368216991424561 8.1649341583251935 96.628822684288025 14.498891770839689
leaf_count=59 13020 314 22 81 9469 25 153 22 85 25 127 22 261 39
internal_value=5.61513e-06 -0.000920801 -0.0110088 -0.000597152 -0.0007434 -0.00653705 0.00587123 0.0298294 -0.01056 -0.0135123 -0.0095305 -0.0164128 -0.0197012 0.00503382
internal_weight=8831.62 3979.95 123.717 3856.23 3826.12 303.899 74.4051 17.5102 229.494 192.961 161.492 114.124 104.794 36.5322
internal_count=23724 10704 336 10368 10287 818 200 47 618 520 435 308 283 98
is_linear=0
shrinkage=0.05


Tree=141
num_leaves=15
num_cat=0
split_feature=4 4 8 4 0 0 0 5 5 0 2 3 2 7
split_gain=2.11325 5.49126 5.23806 4.47547 4.23528 3.85091 4.55761 7.96247 4.93609 4.4306 5.9581 4.70016 5.99395 4.23548
threshold=0.55016462188742621 0.5261685637492387 0.098989513372330584 0.62179906568023458 -0.0067501439328693218 0.0080226050321640409 0.0049109945953907481 0.02101803197380284 0.011262382618103863 0.0009565247868062748 0.0082318094480598684 1.0561621074202987 0.0064856255294168186 0.0073077559017716218
decision_type=2 2 2 2 2 2 2 2 2 2 2 2 2 2
left_child=1 -1 -3 4 -2 6 9 8 -8 11 13 -6 -13 -11
right_child=3 2 -4 -5 5 -7 7 -9 -10 10 -12 12 -14 -15
leaf_value=-0.00035014103809982857 -0.025115080231185496 -0.021837421692684256 -0.0038721513655738029 0.00011946500146713758 -0.0016424619373545683 0.022265653883047389 -0.010583764412722949 -0.050980170817619498 0.030673845183248838 0.016120569798281522 -0.0063465307763271367 0.0036273542563458015 0.032780359130912762 -0.022360573492430241
leaf_weight=4447.8185693025589 11.763833254575728 55.408397316932678 151.54295566678047 3498.7615469694138 247.66209203004837 31.299842119216919 29.075101763010025 9.6872122287750226 9.6576627492904645 182.44456434249878 41.280289798974991 62.35424017906189 24.582346588373184 7.4423684775829306
leaf_count=11993 32 150 408 9406 667 84 78 26 26 489 111 168 66 20
internal_value=1.11106e-05 -0.000720581 -0.00868211 0.000830612 0.00461629 0.00515813 0.00428631 -0.0104366 -0.000296554 0.00554634 0.0108697 0.00186858 0.0118707 0.0146124
internal_weight=8810.78 4654.77 206.951 4156.01 657.25 645.486 614.186 48.42 38.7328 565.766 231.167 334.599 86.9366 189.887
internal_count=23724 12551 558 11173 1767 1735 1651 130 104 1521 620 901 234 509
is_linear=0
shrinkage=0.05


Tree=142
num_leaves=15
num_cat=0
split_feature=11 0 4 6 6 11 4 1 9 8 8 7 9 11
split_gain=4.33901 5.4545 4.89067 6.04856 4.17766 5.61908 5.28293 5.76179 9.63741 3.88787 9.74055 5.47295 4.07039 7.69612
threshold=0.0068467847198277502 -0.022125267665112028 0.90039711012970514 0.00094999830083538576 0.010216902646425399 0.0067801000669412232 0.86589185641720445 0.0036209282164984462 0.0081925238499050076 0.088487479486770396 0.11793668795516364 0.0044141983829040768 0.0058216748288343508 0.0081882441675718912
decision_type=2 2 2 2 2 2 2 2 2 2 2 2 2 2
left_child=1 -1 -2 9 5 -3 7 -7 -9 -4 -11 -12 -13 -14
right_child=2 4 3 -5 -6 6 -8 8 -10 10 11 12 13 -15
leaf_value=0.12042608780188091 -0.0067396225015438297 0.0017710319036927755 -0.013217684734062353 -0.024232064396194689 -0.010317687998989399 0.021084444734849026 -0.035404413007304375 0.18417306983891954 0.02094237800122423 0.1228629595169104 0.10448318913043216 0.069189297479981954 -0.034852455020787459 0.028252372300474407
leaf_weight=0.96258845180272956 339.24019995331764 1055.2392763346434 6.8672030493617049 9.6289679203182441 71.830013789236546 5.2840819470584375 2.008649230003356 1.8181279972195628 1.7990403585135935 2.5043289922177818 1.7662002928555036 2.8640621490776565 7.5276607908308533 13.489913303405045
leaf_count=12 6942 14498 114 192 1339 75 27 20 34 33 17 36 129 256
internal_value=-9.50912e-05 0.00145441 -0.00469223 0.0108639 0.00135377 0.00214012 0.0378393 0.0543675 0.102988 0.020514 0.0287422 0.019552 0.0132707 0.00565073
internal_weight=1522.83 1138.94 383.889 44.6483 1137.98 1066.15 10.9099 8.90125 3.61717 35.0194 28.1522 25.6478 23.8816 21.0176
internal_count=23724 16005 7719 777 15993 14654 156 129 54 585 471 438 421 385
is_linear=0
shrinkage=0.05


Tree=143
num_leaves=15
num_cat=0
split_feature=5 0 4 2 3 8 9 0 7 9 9 0 2 7
split_gain=2.46848 2.77571 4.44212 3.75145 7.3378 5.89523 3.09139 3.53434 5.61223 5.0649 4.99144 5.80578 5.32507 4.44438
threshold=-0.066705350568643143 -0.019438778248737482 0.28948890420904405 0.013083956619987168 1.6253056947993019 0.32898869886822774 0.01476492596584328 0.0080226050321640409 0.0039148527543277903 0.016965983814104888 0.015655549111208266 0.0095776852891283539 0.0062137679073511727 0.0040007342248957216
decision_type=2 2 2 2 2 2 2 2 2 2 2 2 2 2
left_child=-1 2 3 4 -2 -5 -3 8 9 -8 -9 12 -12 -10
right_child=1 6 -4 5 -6 -7 7 10 13 -11 11 -13 -14 -15
leaf_value=0.0094901581947168245 -0.050762966308313243 -0.00035637637108131936 -0.034073656301725021 0.037982768294878268 -0.0023851975696241659 -0.0192253549040068 0.006568404210556926 0.014304965053316493 0.029692874591966425 -0.0097463918704073088 0.0050657121174434369 -0.0011149608963372029 -0.035128067412068337 0.0060210597766472643
leaf_weight=68.0689577460289 9.3706389069557172 7467.61460891366 14.559865444898604 11.41591337323189 47.927873939275742 7.4368781745433798 81.675163835287094 45.932504504919052 20.55774712562561 113.93007275462151 12.291490375995634 345.37895169854164 25.00220799446106 558.91064375638962
leaf_count=188 25 20066 39 31 128 20 219 123 55 305 33 926 67 1499
internal_value=5.31304e-06 -6.83714e-05 -0.00876932 -0.00393122 -0.0102969 0.0154158 2.265e-05 0.00237413 0.0043889 -0.00293413 -0.00126932 -0.00313871 -0.0218808 0.00686086
internal_weight=8830.07 8762 90.7112 76.1513 57.2985 18.8528 8671.29 1203.68 775.074 195.605 428.605 382.673 37.2937 579.468
internal_count=23724 23536 243 204 153 51 23293 3227 2078 524 1149 1026 100 1554
is_linear=0
shrinkage=0.05


Tree=144
num_leaves=15
num_cat=0
split_feature=6 3 5 2 11 11 9 5 9 8 1 0 1 9
split_gain=2.10359 7.15391 7.09751 7.97699 5.25818 6.03404 6.01126 5.11463 4.61848 5.41625 4.48343 3.74509 4.13413 4.36424
threshold=-0.022106962150382051 2.2476998305945233 0.081784525068783295 0.020243024887889313 0.0079790947320500395 0.0074697355652335717 0.0086570805093953516 0.081784525068783295 0.01777258741688036 0.37607283652255813 -0.036213110291332173 -0.00015204324886663022 0.0425015045654469 0.0109303548445304
decision_type=2 2 2 2 2 2 2 2 2 2 2 2 2 2
left_child=1 4 3 -2 5 6 -1 8 9 -3 -5 12 13 -6
right_child=2 7 -4 10 11 -7 -8 -9 -10 -11 -12 -13 -14 -15
leaf_value=0.045093203255347124 -9.2744338279943504e-05 -0.039101519225064954 0.033163673312593872 0.0002043147585783111 -0.029079150212733901 0.055663323197783637 0.0022656287205332633 -0.04250649446833437 0.0054111483703138275 0.0011320333838589741 -0.037283083441468752 0.0097719635740434133 -0.038434497267296121 0.018751327232352424
leaf_weight=11.526309102773665 8479.7683432996273 15.681402772665022 15.978953689336775 12.331632554531096 7.3843265473842683 11.5713774561882 28.334306687116623 8.8354599773883802 61.478536874055862 17.928511559963226 22.580863982439041 94.094227164983749 9.194380193948744 13.466236889362333
leaf_count=31 22829 42 43 36 20 31 76 24 165 48 64 253 25 37
internal_value=1.13821e-05 0.00427976 -0.000128465 -0.000190943 0.0104342 0.0238772 0.0146499 -0.00611761 -0.00273642 -0.0176398 -0.024042 0.00486457 -0.0105043 0.00181194
internal_weight=8810.15 279.495 8530.66 8514.68 175.571 51.432 39.8606 103.924 95.0885 33.6099 34.9125 124.139 30.0449 20.8506
internal_count=23724 752 22972 22929 473 138 107 279 255 90 100 335 82 57
is_linear=0
shrinkage=0.05


Tree=145
num_leaves=15
num_cat=0
split_feature=2 2 8 7 4 2 8 5 3 9 9 3 1 8
split_gain=4.24453 3.01986 5.04438 8.07955 7.2289 4.27637 3.34418 6.09345 5.37965 5.16627 6.05032 5.75816 6.8088 4.23302
threshold=0.010489738363247117 0.0012136271864110692 0.11144016240689318 0.0011579278644673365 0.50942529418135019 0.0010178295242889116 0.095916637171342647 -0.0322304452812446 0.96658608746694574 0.030714632034214585 0.0087708188584269802 1.8150822391399337 0.0064255083769020026 0.1957926954067897
decision_type=2 2 2 2 2 2 2 2 2 2 2 2 2 2
left_child=1 2 -1 5 -5 -4 7 8 -3 10 11 -9 -13 -8
right_child=-2 6 3 4 -6 -7 13 9 -10 -11 -12 12 -14 -15
leaf_value=-0.0095246414242733946 -0.010593508934918436 0.0053891745668592844 -0.036749973084418984 0.13808496150524055 0.031443597071106735 0.043251566620820726 -0.0057075420086030787 0.0056349365277490538 0.14923052250602195 0.095548193168658549 -0.0085154707025374213 0.02163436585171849 0.13941136748603888 0.0010919746837175883
leaf_weight=9.2442692741751689 90.553689861670136 1.246212434023618 3.606180325150488 2.8529660105705261 3.5873052217066288 3.111780472099781 347.9132350422442 298.09045510366559 1.3587275445461271 1.5246652029454697 84.398616354912519 4.3475776202976695 1.7097005769610403 669.09610788524151
leaf_count=81 2232 23 31 23 27 26 5165 3833 26 22 1670 49 18 10498
internal_value=-9.52404e-05 0.000568586 0.018782 0.0386687 0.0786845 0.000306991 0.000279141 0.00419836 0.0804163 0.00368937 0.00332891 0.00661563 0.0548776 -0.0012341
internal_weight=1522.64 1432.09 22.4025 13.1582 6.44027 6.71796 1409.69 392.676 2.60494 390.071 388.546 304.148 6.05728 1017.01
internal_count=23724 21492 188 107 50 57 21304 5641 49 5592 5570 3900 67 15663
is_linear=0
shrinkage=0.05


Tree=146
num_leaves=15
num_cat=0
split_feature=4 9 7 2 7 5 8 3 11 11 4 0 2 7
split_gain=2.41284 3.1356 2.99951 4.79122 3.12553 3.29623 4.43873 2.90142 3.14343 3.63126 4.12865 2.86685 2.39376 5.99956
threshold=0.95954803765495744 0.0033132250139189822 0.0018732274576334651 0.0027311234301174319 0.0028458460685303558 -0.014922527269301789 0.23538391769561165 0.54252081011733411 0.0043393569839587738 0.0034759246504801754 0.98091652783117611 0.0015934071874316379 0.0049962485392203793 0.0068052137805927043
decision_type=2 2 2 2 2 2 2 2 2 2 2 2 2 2
left_child=12 11 3 -3 7 6 -6 -4 9 -9 -11 -2 13 -1
right_child=1 2 4 -5 5 -7 -8 8 -10 10 -12 -13 -14 -15
leaf_value=-0.0010112492103420991 -0.0069179165390903467 -0.01086144271620559 0.012073251917839926 0.035789206191610454 -0.033402641434694715 0.0017075996014854645 0.00014973386282882267 -0.035713312984069844 -0.044181071921970988 0.020789834721971844 -0.020913713317048326 -0.038537993476061655 0.0009675567381444522 0.01151407407593466
leaf_weight=3981.7635268270969 17.659187585115436 9.9542860984802264 8.4348388910293561 12.310737341642378 17.252811014652252 166.96331697702408 22.995153784751892 11.617419421672819 10.283398211002348 11.039369553327562 12.834616392850874 12.066445797681807 4436.0811216533184 97.957191646099091
leaf_count=10704 48 27 23 33 47 451 62 32 28 30 35 33 11908 263
internal_value=5.06713e-06 -0.00430345 -0.00268456 0.0149326 -0.00418499 -0.00138863 -0.0142329 -0.0148738 -0.0198393 -0.0127865 -0.00162993 -0.0197534 0.000163636 -0.000710507
internal_weight=8829.21 313.412 283.686 22.265 261.421 207.211 40.248 54.2096 45.7748 35.4914 23.874 29.7256 8515.8 4079.72
internal_count=23724 849 768 60 708 560 109 148 125 97 65 81 22875 10967
is_linear=0
shrinkage=0.05


Tree=147
num_leaves=15
num_cat=0
split_feature=11 8 2 11 5 7 1 5 8 2 8 9 7 2
split_gain=2.10519 7.08057 8.39798 7.17675 6.40643 8.27996 6.38327 5.83774 5.64378 11.2563 7.04308 6.49472 6.39472 5.53373
threshold=0.004245510018889358 0.25515994347822085 0.0044358203751190288 0.0016017465967571073 -0.0023167209721429737 0.0025169011308823481 -0.0099890422194453318 -0.010698892480557229 0.21620603423673487 0.016186943639037877 0.33706487615046143 0.0044923011201555476 0.0024004442900384037 0.0025482377495209983
decision_type=2 2 2 2 2 2 2 2 2 2 2 2 2 2
left_child=1 2 -1 -3 5 -5 -4 -8 9 12 11 -10 -2 -14
right_child=8 3 6 4 -6 -7 7 -9 10 -11 -12 -13 13 -15
leaf_value=-0.0019438043755570745 0.020698419966602693 -0.022073691393794476 0.012233371572215485 -0.0090578115479821638 0.0078823371966994724 0.0084941198719079899 0.020594725897915871 -0.021630848025098192 0.0075599401600695247 -0.021108820560021637 0.00098771598398871051 -0.0048541768944236783 -0.010768774400518977 0.002402241475303794
leaf_weight=1533.1714853346348 46.696400165557861 27.64315128326416 19.285305738449097 165.70813846588135 410.32914084196091 113.01995912194252 8.8034401535987836 116.5700549185276 115.3324521780014 52.05283921957016 1846.9417459368706 1218.2630950808525 81.886253744363785 3053.8799113631248
leaf_count=4159 125 78 53 448 1103 303 24 318 309 146 4972 3274 221 8191
internal_value=1.17325e-05 -0.00125338 -0.00303038 0.00290668 0.00390883 -0.00194077 -0.0145465 -0.0186659 0.000483956 0.00195458 -0.00101162 -0.00378058 0.00233181 0.0020583
internal_weight=8809.58 2394.53 1677.83 716.7 689.057 278.728 144.659 125.373 6415.05 3234.52 3180.54 1333.6 3182.46 3135.77
internal_count=23724 6486 4554 1932 1854 751 395 342 17238 8683 8555 3583 8537 8412
is_linear=0
shrinkage=0.05


Tree=148
num_leaves=15
num_cat=0
split_feature=0 11 6 4 8 6 11 1 4 8 7 8 3 5
split_gain=4.01535 4.24528 12.9686 4.35056 6.74363 2.91387 2.84725 10.9433 9.65751 13.6203 4.00794 5.83812 8.36903 13.7738
threshold=-0.0043836566051889013 0.011278502681897345 -0.044103690972887487 0.15745176157587812 0.27854478521763154 -0.027383224043401749 0.0058486780498309106 0.0095088004168564864 0.26246517694972027 0.2373320313404326 0.0044904964419740191 0.056720049433416062 1.2386029863208561 -0.0043137336948133312
decision_type=2 2 2 2 2 2 2 2 2 2 2 2 2 2
left_child=6 2 -2 4 -3 -4 7 -1 9 -9 -8 12 -12 -14
right_child=1 3 5 -5 -6 -7 10 8 -10 -11 11 -13 13 -15
leaf_value=-0.004780413500218253 0.16036295446018251 0.13908518080921281 -0.022681660538569699 -0.016622228968490728 -0.034440432211071861 0.0015276841058284396 -0.028890765625375472 0.19307122779588451 -0.035032438957479324 0.013614496908279245 -0.0074174168791286289 -0.011176750315841495 0.16729638877124825 -0.034335558896903935
leaf_weight=76.935222033411264 1.2825444675981987 1.1508013904094689 12.552771292626856 47.641016535460949 1.0904067717492578 1262.7905113268644 26.642367716878653 2.1819750145077697 1.698072090744972 2.0513527542352676 5.5490667149424535 77.35791027545929 2.22478049248457 1.367655526846647
leaf_count=1441 28 23 256 1077 25 18273 558 22 26 29 124 1764 45 33
internal_value=-9.69509e-05 0.000890085 0.00144921 -0.0134195 0.0546604 0.0012894 -0.00677683 0.000264702 0.0657041 0.106111 -0.0119341 -0.00671139 0.0310757 0.0905343
internal_weight=1522.52 1326.51 1276.63 49.8822 2.24121 1275.34 196.008 82.8666 5.9314 4.23333 113.142 86.4994 9.1415 3.59244
internal_count=23724 19682 18557 1125 48 18529 4042 1518 77 51 2524 1966 202 78
is_linear=0
shrinkage=0.05


Tree=149
num_leaves=15
num_cat=0
split_feature=1 4 4 5 0 8 11 4 7 7 1 0 8 7
split_gain=2.39752 4.22329 4.38575 4.59173 5.09901 6.81419 6.79432 6.47577 5.40717 5.04131 4.846 4.31133 4.11265 6.43905
threshold=0.0040669703069970012 0.15745176157587812 0.28123649386635552 -0.0023167209721429737 -0.0029897223647589537 0.088487479486770396 0.0057705972986723314 0.25871436652974894 0.0024004442900384037 0.003552251156069539 -0.011416164317753507 -0.0037867953182436796 0.080685143789267763 0.0046133034997587448
decision_type=2 2 2 2 2 2 2 2 2 2 2 2 2 2
left_child=1 -1 3 -3 5 8 9 10 -5 11 -8 -7 13 -2
right_child=12 2 -4 4 -6 6 7 -9 -10 -11 -12 -13 -14 -15
leaf_value=0.0036827598728035068 -0.00092591443936397555 -0.00015803225767386579 0.00070733325269932944 -0.0015898236036915579 -0.0021682455997121802 -0.024940768644670517 -0.018264486514316402 -0.035295544262311837 -0.04278105630659694 -0.050707143629321841 0.017828251256847769 0.0068398286516268766 -0.0020462214463046764 0.01034968780274967
leaf_weight=932.06011426448822 403.23686227202415 509.30779406428337 4010.0584844052792 10.859200119972227 198.16142070293427 29.172060042619702 11.955291181802748 9.3368273675441724 29.914667189121246 11.211048573255537 41.872894555330276 16.827126681804661 2429.8750752806664 184.56735560297966
leaf_count=2496 1083 1364 10755 29 531 78 32 25 80 30 112 45 6569 495
internal_value=5.01236e-06 0.000598799 9.61498e-06 -0.00321147 -0.00753958 -0.0141446 -0.00816068 0.00314438 -0.0318107 -0.0206424 0.00981202 -0.013315 -0.00113836 0.00261456
internal_weight=8828.42 5810.74 4878.68 868.618 359.311 161.149 120.375 63.165 40.7739 57.2102 53.8282 45.9992 3017.68 587.804
internal_count=23724 15577 13081 2326 962 431 322 169 109 153 144 123 8147 1578
is_linear=0
shrinkage=0.05


Tree=150
num_leaves=15
num_cat=0
split_feature=3 4 7 1 6 7 9 1 6 7 7 8 4 11
split_gain=1.98692 4.3363 7.04681 5.67776 3.76406 4.09577 3.15573 5.54961 5.64556 3.99522 3.59151 5.03262 3.22521 2.31657
threshold=0.25723495176155292 0.81828991949950203 0.0100535158509044 0.010091020175433906 0.0055840993082111792 0.0068740843864017786 0.0036140777904607245 -0.0017345394660492161 -0.0011181426787588583 0.004433856129448673 0.0047658927197468089 0.25083399983812871 0.49235162106888147 0.004245510018889358
decision_type=2 2 2 2 2 2 2 2 2 2 2 2 2 2
left_child=1 2 3 4 5 6 7 -1 -9 -8 11 12 -10 -2
right_child=13 -3 -4 -5 -6 -7 9 8 10 -11 -12 -13 -14 -15
leaf_value=0.026262726323666191 -0.0012215906815577931 0.014211657817600289 -0.043559275211863452 0.028957495928121076 -0.040470941996530341 0.020536434417771584 -0.03827156554847385 0.019234117344399521 -0.0080711317635128784 -0.0058263493806181522 -0.051133587315825728 0.02006728837009741 -0.046302470642881566 0.00061854487766257245
leaf_weight=13.343295693397513 2349.7690626382828 24.453723937273026 13.078499436378477 11.207638561725615 8.4239811003208143 13.045251816511152 17.398064523935318 12.502219617366782 12.752467542886754 20.869170606136322 7.2536577880382529 8.7605049908161146 9.7219215631484968 6285.3637523055077
leaf_count=36 6365 66 36 30 23 35 47 34 36 56 20 24 27 16889
internal_value=1.15759e-05 -0.00529693 -0.00851254 -0.00512427 -0.00820297 -0.00585249 -0.00920772 -0.00244476 -0.00995695 -0.0205775 -0.0194391 -0.0120787 -0.0246092 0.000117812
internal_weight=8807.94 172.81 148.357 135.278 124.071 115.647 102.601 64.3341 50.9908 38.2672 38.4886 31.2349 22.4744 8635.13
internal_count=23724 470 404 368 338 315 280 177 141 103 107 87 63 23254
is_linear=0
shrinkage=0.05


Tree=151
num_leaves=15
num_cat=0
split_feature=2 9 9 6 8 8 7 7 3 1 8 11 5 1
split_gain=3.88348 2.86136 3.36046 3.59603 3.44655 5.21017 2.98843 7.1282 8.32362 7.4237 5.05393 4.84539 3.82766 3.77407
threshold=0.010489738363247117 0.0031511389258477014 0.0030923893724681363 0.0029802563379278178 0.21066056679755663 0.13185476994504763 0.0015677943497392785 0.0014410991293890422 0.37469986595918875 -0.00027652977442210221 0.4001777968413226 0.0026967164991642876 -0.0018579337004621867 0.0046776229609807136
decision_type=2 2 2 2 2 2 2 2 2 2 2 2 2 2
left_child=1 2 3 6 5 -4 7 10 -9 -10 12 -8 -1 -14
right_child=-2 -3 4 -5 -6 -7 11 8 9 -11 -12 -13 13 -15
leaf_value=-0.025461851803406273 -0.010218329738667601 -0.0002887389027136158 0.023598089245877214 -0.020230833799024846 -0.015529767975286383 0.11439801612841674 -0.028224375212772951 0.10893878162581593 0.070776328571856673 -0.036184350398484333 0.067385240208073058 0.0058478563547976464 0.015394467856495951 -0.036486342705743344
leaf_weight=9.1179179027676565 89.198767531663179 1261.8847302272916 4.9775541946291906 13.106642618775366 2.5082097053527832 2.3144818991422653 12.180626131594179 4.0638629347085935 3.2682476788759232 3.2210106626152992 3.3353763520717612 72.783837098628283 36.471285812556744 3.8781302198767653
leaf_count=81 2232 19807 44 167 31 19 109 26 30 30 25 777 312 34
internal_value=-9.57926e-05 0.000534247 0.00659937 0.00487348 0.0350278 0.0524179 0.00709187 0.0153108 0.0528258 0.0176853 0.00781311 0.000963213 0.00379641 0.010408
internal_weight=1522.31 1433.11 171.227 161.427 9.80025 7.29204 148.32 63.3558 10.5531 6.48926 52.8027 84.9645 49.4673 40.3494
internal_count=23724 21492 1685 1591 94 63 1424 538 86 60 452 886 427 346
is_linear=0
shrinkage=0.05


Tree=152
num_leaves=15
num_cat=0
split_feature=11 3 9 11 4 7 3 11 11 5 2 7 7 6
split_gain=2.26279 4.69749 4.1645 3.91315 5.57686 4.29697 3.28773 3.21104 4.54007 4.54686 4.00751 4.24792 6.07166 3.80201
threshold=0.0014613150331545589 0.41068733619592801 0.0023601712432499929 0.002079427505256208 0.95506901109053366 0.00087950428732614966 0.70777933916156843 0.002517617141137398 0.0025653987323242772 0.0037935498018558784 0.002280939890903686 0.001257538979650805 0.0016189421046986015 -0.0013232026003229191
decision_type=2 2 2 2 2 2 2 2 2 2 2 2 2 2
left_child=1 -1 -3 4 5 6 -2 10 9 13 -5 -12 -13 -9
right_child=3 2 -4 7 -6 -7 -8 8 -10 -11 11 12 -14 -15
leaf_value=-0.020151965588972278 0.040371787366299157 0.0023258231575670426 0.029123001923334259 0.012369764456947901 -0.046728178314759505 -0.0075064013920279242 -0.0013594432412913642 -0.05805870125733769 8.5499032359973085e-06 0.011283786901384162 -0.02247939886780044 0.0099005610349668371 -0.017968358299061338 -0.01619041722224248
leaf_weight=11.558486819267271 8.5887472331523913 31.297128111124039 27.01197013258934 118.09980848431587 8.3996644020080549 182.49212777614594 10.477016925811766 7.8404991626739529 8266.3968287110329 9.6007164716720563 18.625395268201828 83.295438915491104 25.535046726465225 17.580568492412567
leaf_count=31 23 84 73 316 23 490 28 21 22220 26 50 223 69 47
internal_value=4.96966e-06 0.00896746 0.0147397 -6.6538e-05 -0.00681023 -0.0051467 0.0174396 9.91218e-05 -6.75591e-05 -0.018032 0.00573405 -0.000414567 0.00336164 -0.0291037
internal_weight=8826.8 69.8676 58.3091 8756.93 209.958 201.558 19.0658 8546.97 8301.42 35.0218 245.556 127.456 108.83 25.4211
internal_count=23724 188 157 23536 564 541 51 22972 22314 94 658 342 292 68
is_linear=0
shrinkage=0.05


Tree=153
num_leaves=15
num_cat=0
split_feature=6 3 5 2 11 11 9 5 9 9 1 4 4 11
split_gain=1.94816 6.73684 6.58336 7.39268 4.87317 5.66261 5.6411 4.83025 4.33575 5.21455 4.23893 3.71659 3.63958 3.50992
threshold=-0.022106962150382051 2.2476998305945233 0.081784525068783295 0.020243024887889313 0.0079790947320500395 0.0074697355652335717 0.0086570805093953516 0.081784525068783295 0.01777258741688036 0.012244337497693396 -0.036213110291332173 0.8733722867453082 0.89653022615874123 0.0062684967740596238
decision_type=2 2 2 2 2 2 2 2 2 2 2 2 2 2
left_child=1 4 3 -2 5 6 -1 8 9 -3 -5 -10 -13 -8
right_child=2 7 -4 10 -6 -7 13 -9 11 -11 -12 12 -14 -15
leaf_value=0.043677098116774837 -8.9454324039434785e-05 0.0069949073411876249 0.031918708620251986 0.00033052180988951425 0.0047348349677643507 0.053898154561208014 0.026581673490802857 -0.041433952788352803 0.017130847214266852 -0.033226303756437633 -0.036195703051580048 -0.037710569810949467 0.0026196762987927193 -0.010538245615839497
leaf_weight=11.480991899967192 8477.3527020215988 13.427790820598601 16.000295788049698 12.318678140640257 124.11042886972427 11.534391611814497 9.6675322353839892 8.790254741907118 31.654409259557724 20.15224689245224 22.36199888586998 7.4596860110759762 22.368274748325348 18.660624921321869
leaf_count=31 22829 36 43 36 335 31 26 24 85 54 64 20 60 50
internal_value=1.11076e-05 0.00412017 -0.000123471 -0.000183701 0.0100944 0.02305 0.014112 -0.00597306 -0.00269405 -0.0171429 -0.0232215 0.00519751 -0.00746653 0.00212965
internal_weight=8807.34 279.307 8528.03 8512.03 175.454 51.3435 39.8091 103.853 95.0624 33.58 34.6807 61.4824 29.828 28.3282
internal_count=23724 752 22972 22929 473 138 107 279 255 90 100 165 80 76
is_linear=0
shrinkage=0.05


Tree=154
num_leaves=15
num_cat=0
split_feature=0 11 4 8 0 11 0 4 9 3 4 2 2 7
split_gain=3.72331 3.92206 3.97502 5.45892 2.67422 6.28124 7.37127 9.55933 8.56055 10.4071 3.8467 4.13807 3.81225 6.34549
threshold=-0.0043836566051889013 0.011278502681897345 0.15745176157587812 0.27854478521763154 0.0014669228573193163 0.010501339747593501 0.010831885363361798 0.92354261263576753 0.00805153724317695 0.49743059442243182 0.92354261263576753 0.0070237832605997185 0.0058599248890660255 0.0036009700607463461
decision_type=2 2 2 2 2 2 2 2 2 2 2 2 2 2
left_child=-1 4 3 -3 -2 10 8 -8 9 -7 11 -6 -12 -14
right_child=1 2 -4 -5 5 6 7 -9 -10 -11 12 -13 13 -15
leaf_value=-0.0065582114399180234 0.0032349009790317122 0.11887493071384213 -0.016226229274732905 -0.034399154338735881 -0.0017697798481589575 0.0026541633509428717 0.18684541002323354 0.0035368123306656878 -0.018496376408439666 0.21590280309353393 -0.00098763602173964401 -0.014257165139566817 0.075732692506650059 0.011923999702974024
leaf_weight=194.46409223787487 771.76380067877471 1.300583649426698 46.663605164736509 1.0498134829103944 325.4024913161993 1.3416263088583931 1.5822953991591924 1.2919097505509851 6.267035223543644 0.99752383306622494 53.421759843826294 83.332920044660568 4.5080255120992652 28.709768705070019
leaf_count=4042 10507 23 1077 25 4917 27 38 22 139 19 701 1650 67 470
internal_value=-9.67185e-05 0.000849724 -0.0130306 0.0504145 0.0013818 -0.00143981 0.035123 0.104451 0.0119695 0.0935934 -0.00228716 -0.00431571 0.0072828 0.0205836
internal_weight=1522.1 1327.63 49.014 2.3504 1278.62 506.855 11.4804 2.87421 8.60619 2.33915 495.375 408.735 86.6396 33.2178
internal_count=23724 19682 1125 48 18557 8050 245 60 185 46 7805 6567 1238 537
is_linear=0
shrinkage=0.05


Tree=155
num_leaves=15
num_cat=0
split_feature=2 7 8 5 11 11 7 9 9 7 11 2 2 3
split_gain=2.27825 7.37145 5.63772 7.11704 5.95751 5.9043 6.82029 5.54813 5.52949 6.07219 5.40473 9.77614 5.70009 5.09997
threshold=0.0042245806744901368 0.0020698365165185769 0.18825108210161404 -0.00063395029508495711 0.0033104564479703408 0.0099836418507264039 0.0076044808765304483 0.016965983814104888 0.0035122752077737817 0.0042144778986741901 0.0044287086569819419 0.0034517990633777225 0.0037311945742051563 0.75153847702706889
decision_type=2 2 2 2 2 2 2 2 2 2 2 2 2 2
left_child=2 13 10 4 -4 6 7 -5 9 -6 -1 -12 -13 -2
right_child=1 -3 3 5 8 -7 -8 -9 -10 -11 11 12 -14 -15
leaf_value=0.0025041075165071155 0.0029161705420650227 0.0005145678179737307 0.0077623043639295387 -0.0068892913907310262 -0.030756500375812741 0.02380501505560766 -0.054489151112532254 0.036450922339451054 -0.00066946789087205969 0.010605849133497302 0.0038387917970946861 -0.022370698507304883 -0.005744945328698522 0.05843180896332742
leaf_weight=1297.8598584830761 7.4526139497756985 5593.9097350537777 202.61581686139107 810.20055827498436 32.288429081439972 15.928693443536757 7.4696893692016593 7.4521408379077902 345.82491117715836 12.235505700111387 228.05489346385002 71.600346624851227 184.13305404782295 9.2984391152858716
leaf_count=3476 20 15031 543 2197 87 43 20 20 928 33 612 193 496 25
internal_value=5.59538e-06 0.000613743 -0.00105549 -0.00338906 0.000806011 -0.00634671 -0.00692877 -0.00649429 -0.00280475 -0.0193898 0.00082275 -0.00368783 -0.0103998 0.0337327
internal_weight=8826.32 5610.66 3215.66 1434.02 592.965 841.051 825.122 817.653 390.349 44.5239 1781.65 483.788 255.733 16.7511
internal_count=23724 15076 8648 3871 1591 2280 2237 2217 1048 120 4777 1301 689 45
is_linear=0
shrinkage=0.05


Tree=156
num_leaves=15
num_cat=0
split_feature=4 4 8 4 8 7 9 0 3 8 1 2 7 6
split_gain=1.87946 5.12947 4.8634 4.21726 4.02941 6.77104 6.2857 4.79282 3.63318 6.30348 5.10044 3.70963 3.62692 4.60917
threshold=0.55016462188742621 0.5261685637492387 0.098989513372330584 0.62179906568023458 0.093040930659923929 0.0053406369994718371 0.0024716091131182466 -0.00095539974177827173 1.0473518024393211 0.04668744724418547 0.0011500616682556329 0.0041954086024766444 0.0100535158509044 -0.0029642100330868324
decision_type=2 2 2 2 2 2 2 2 2 2 2 2 2 2
left_child=1 -1 8 4 5 6 -2 -8 9 11 -11 -3 -6 -14
right_child=3 2 -4 -5 12 -7 7 -9 -10 10 -12 -13 13 -15
leaf_value=-0.00032140993821511013 -0.042993014004440916 -0.013864982356025705 -0.0037471732747955395 9.3369977745327851e-05 0.005831715103528385 -0.025109853790852961 -0.010427473529408881 0.011277362086259422 -0.046206789594411019 -0.0090395965523976593 -0.052963337696974214 0.032425351132263067 0.057607896193284026 0.0066551676906923124
leaf_weight=4445.6012542545795 7.2508721053600302 8.7902452945709246 151.44012823700905 3497.1756916642189 481.44011205434799 27.390726029872894 35.980135917663574 86.775506168603897 11.413185715675352 13.942059129476549 12.566154867410658 8.5259190201759321 7.8052273988723782 10.289498567581175
leaf_count=11993 20 24 408 9406 1294 74 97 233 31 38 34 23 21 28
internal_value=1.08422e-05 -0.000679387 -0.0083794 0.000783845 0.00445959 -0.00251654 0.00224358 0.00491559 -0.0210792 -0.0145352 -0.0298615 0.00892688 0.00665768 0.0286338
internal_weight=8806.39 4652.28 206.678 4154.11 656.932 157.397 130.007 122.756 55.2376 43.8244 26.5082 17.3162 499.535 18.0947
internal_count=23724 12551 558 11173 1767 424 350 330 150 119 72 47 1343 49
is_linear=0
shrinkage=0.05


Tree=157
num_leaves=15
num_cat=0
split_feature=9 4 9 3 11 1 7 7 9 7 9 4 6 11
split_gain=3.57668 4.12252 5.96842 5.83917 5.82076 10.1951 5.08356 3.81374 5.06562 3.76701 5.07069 3.28574 3.09092 3.46038
threshold=0.013931500405169009 0.90358676573915087 0.025273856757767856 3.36677835885301 0.01306073468644128 0.021979382083278935 0.0071325217010471025 0.0041047212878718509 0.018361837096407166 0.0021307589380940082 0.016965983814104888 0.012659779422029878 -0.022106962150382051 0.013687134489865789
decision_type=2 2 2 2 2 2 2 2 2 2 2 2 2 2
left_child=12 9 7 4 5 6 -4 8 -3 10 -2 -11 -1 -14
right_child=1 2 3 -5 -6 -7 -8 -9 -10 11 -12 -13 13 -15
leaf_value=-0.023253317063671522 -0.0081134259669452344 0.0022436831891624767 -0.0063132975753669596 -0.034638049552308967 -0.00622662755484413 0.21276758522760231 0.12671314728061811 -0.021105357557968982 0.11476231689665717 0.061269402827678579 0.12154147457634673 -0.011557766242586032 0.00079994826849090223 0.028972520570021976
leaf_weight=13.23147429153323 1.8531490005552762 4.0288563892245355 1.7185601182281964 1.6547360867261884 1.733613373711705 1.4084821492433546 1.2337621003389356 11.200928246602414 1.3306606933474538 1.5648074187338341 1.2715197764337061 151.0989154111594 1317.5615413915366 10.990525055676697
leaf_count=269 30 68 25 32 29 17 19 240 17 32 16 3567 19150 213
internal_value=-9.45237e-05 -0.00671069 0.0124396 0.0486572 0.0712732 0.102083 0.0492779 -0.00450775 0.0301798 -0.00969895 0.044647 -0.0108113 0.000793517 0.00103301
internal_weight=1521.88 180.098 24.3096 7.74915 6.09442 4.3608 2.95232 16.5604 5.35952 155.788 3.12467 152.664 1341.78 1328.55
internal_count=23724 4092 447 122 90 61 44 325 85 3645 46 3599 19632 19363
is_linear=0
shrinkage=0.05


Tree=158
num_leaves=15
num_cat=0
split_feature=8 9 4 9 7 2 9 7 5 8 9 3 5 4
split_gain=2.24068 4.25331 2.45753 2.74718 2.93469 4.41616 3.01607 3.68137 3.3218 5.39629 2.76914 2.74379 6.55015 3.38492
threshold=0.76306965653910852 0.0099264539062929227 0.95954803765495744 0.0033132250139189822 0.0018732274576334651 0.0027311234301174319 0.0041882141276425337 0.0028458460685303558 -0.014922527269301789 0.23538391769561165 0.0027003960406906521 0.94720474764911777 -0.0048414542536824234 0.99859187030540875
decision_type=2 2 2 2 2 2 2 2 2 2 2 2 2 2
left_child=2 -2 -1 10 5 -5 -6 -8 9 -9 -4 -10 -13 -14
right_child=1 -3 3 4 6 -7 7 8 11 -11 -12 12 13 -15
leaf_value=0.00011608133377271878 -0.015531864478223613 0.023805129082676891 -0.0049628549813315256 -0.010269521514391176 0.01928815969777628 0.034556983178695884 -0.018054380925688899 -0.037468639076942971 -0.004994355932431741 4.2153386158572622e-05 -0.035686544819751587 0.051243490145521889 -0.0022772404296602885 0.031733121790799526
leaf_weight=8479.6726967692375 9.5416795611381513 24.557370901107788 16.168363541364673 9.9234298169612902 12.799311637878416 12.31011915206909 47.864855229854584 16.448977053165436 92.304671287536621 22.986279040575027 13.422322601079939 7.8388326466083518 50.854766428470612 8.5451648533344251
leaf_count=22786 26 67 44 27 35 33 131 45 250 62 37 21 137 23
internal_value=5.48123e-06 0.0127978 -4.41374e-05 -0.00440608 -0.00288464 0.0145497 -0.00437757 -0.00560468 -0.00260987 -0.0156041 -0.0188991 0.000601986 0.00828459 0.00261543
internal_weight=8825.24 34.0991 8791.14 311.467 281.876 22.2335 259.643 246.844 198.979 39.4353 29.5907 159.543 67.2388 59.3999
internal_count=23724 93 23631 845 764 60 704 669 538 107 81 431 181 160
is_linear=0
shrinkage=0.05


Tree=159
num_leaves=15
num_cat=0
split_feature=3 4 7 7 6 6 6 2 4 6 7 5 9 7
split_gain=1.84962 4.06124 6.61354 5.34347 4.02562 4.5067 4.63691 3.78886 3.23615 3.20555 2.68094 3.67573 2.59201 3.27726
threshold=0.25723495176155292 0.81828991949950203 0.0100535158509044 0.0076044808765304483 -0.001611911880052219 0.00055500960987396445 0.0055840993082111792 0.0070237832605997185 0.56947125697125711 -0.00026095161466512901 0.0048508735691086321 0.0013919011574203223 0.0030456478909447388 0.0045868470352656652
decision_type=2 2 2 2 2 2 2 2 2 2 2 2 2 2
left_child=1 2 3 4 12 8 7 10 9 -6 11 -7 -1 -14
right_child=-2 -3 -4 -5 5 6 -8 -9 -10 -11 -12 -13 13 -15
leaf_value=0.028298627651195191 0.00011311927316029858 0.013753089249511512 -0.042330995260916909 0.025034936484495285 0.0060332680926358561 -0.014029417455185728 -0.039752825914182832 0.030597170265372967 -0.044993314294943215 -0.033745511005745348 -0.03105622170410163 0.02109567971517479 -0.023238863543327107 0.016419059517820939
leaf_weight=9.9835445582866686 8633.3365833759308 24.469297498464584 12.976253271102903 13.37722787261009 9.8423355817794782 17.048091053962711 8.0430299937725049 8.9543440043926221 15.129223972558973 10.433033645153047 8.1082690656185132 13.226841121912001 10.048583924770357 10.81753349304199
leaf_count=27 23254 66 36 36 27 47 22 24 42 29 22 36 27 29
internal_value=1.07007e-05 -0.00511644 -0.00823644 -0.00495955 -0.0082583 -0.0135607 -0.0046535 0.00131016 -0.0274936 -0.0144356 -0.00552215 0.00131642 0.00734584 -0.00267917
internal_weight=8805.79 172.458 147.988 135.012 121.635 90.7852 55.3806 47.3375 35.4046 20.2754 38.3832 30.2749 30.8497 20.8661
internal_count=23724 470 404 368 332 249 151 129 98 56 105 83 83 56
is_linear=0
shrinkage=0.05


Tree=160
num_leaves=15
num_cat=0
split_feature=2 9 11 6 6 4 1 5 7 9 7 0 6 5
split_gain=3.52891 3.10182 2.56761 3.41143 8.90374 4.36629 3.4194 5.24733 7.03917 4.43016 2.84707 3.07681 4.18801 6.14099
threshold=0.010489738363247117 0.003984888998009777 0.0032411731553780958 0.0088673905408199697 0.010698676499789277 0.20823398711349525 -0.0095648235093838685 -0.011161927676304115 0.002026818448623778 0.005203516599008637 0.0021785975544537863 -0.0022751429643670337 -0.0021228695698122814 0.0087731286373220942
decision_type=2 2 2 2 2 2 2 2 2 2 2 2 2 2
left_child=2 -2 3 6 5 -5 -1 8 9 -8 11 -9 13 -13
right_child=1 -3 -4 4 -6 -7 7 10 -10 -11 -12 12 -14 -15
leaf_value=-0.03534391762949287 0.086557508077396178 -0.010741873164560557 -0.00061910966359130046 0.1482420853771311 -0.035186615708556211 0.043457447611932515 0.063879542949219589 -0.0095950419914067921 0.10922392289830085 -0.035266176867301151 -0.021836305187586946 -0.01025058631276554 0.010873828964822916 0.022185941485259295
leaf_weight=5.4992714300751677 0.82688902318477531 86.953804295510054 1119.5270492956042 1.6344012059271324 2.4757606610655785 2.5378969684243202 2.0047646686434737 34.690980706363916 2.7627798393368721 2.5724843703210354 10.767365936189888 64.159450054168701 166.41305205598474 18.887399476021528
leaf_count=71 19 2213 18202 22 35 33 21 411 33 35 124 676 1623 206
internal_value=-9.36134e-05 -0.00982532 0.00050213 0.00449461 0.039931 0.0845044 0.00372913 0.00444002 0.0461992 0.00815812 0.0034007 0.00435701 0.00629724 -0.00287353
internal_weight=1521.71 87.7807 1433.93 314.406 6.64806 4.1723 307.758 302.258 7.34003 4.57725 294.918 284.151 249.46 83.0468
internal_count=23724 2232 21492 3290 90 55 3200 3129 89 56 3040 2916 2505 882
is_linear=0
shrinkage=0.05


Tree=161
num_leaves=15
num_cat=0
split_feature=11 9 3 11 4 7 4 11 3 9 5 0 4 6
split_gain=2.12497 4.45356 3.84065 3.62225 5.13081 3.98242 3.33106 3.26152 3.0774 2.98606 3.87428 6.67588 5.76452 4.27229
threshold=0.0014613150331545589 0.0014654606547742949 0.41068733619592801 0.002079427505256208 0.95506901109053366 0.00087950428732614966 0.81539401918375032 0.0012931958343769048 0.70777933916156843 0.0024716091131182466 -0.00063395029508495711 0.00062150793301799488 0.3786127389118138 -0.0029642100330868324
decision_type=2 2 2 2 2 2 2 2 2 2 2 2 2 2
left_child=1 -1 -3 4 5 8 7 -4 -2 10 11 -5 -12 -14
right_child=3 2 6 9 -6 -7 -8 -9 -10 -11 12 -13 13 -15
leaf_value=-0.015510398333360945 0.03902045351989876 -0.017114958277808439 -0.0020073290486237703 0.024610575727225057 -0.045053680112255107 -0.0072379698432076811 0.050524953784760601 0.027160472313269231 -0.0013843047971741158 -4.2526332709330131e-05 -0.015797520299666874 -0.010540200195428229 0.037615915320751293 0.0036294121293051333
leaf_weight=14.935016095638273 8.5660010576248187 7.8384776711463919 16.679910451173782 52.5692118704319 8.3114356100559217 182.4145801961422 7.8025545179843894 22.529279142618179 10.475905209779738 8362.5395752191544 36.145451664924622 18.178590267896652 10.786002427339552 64.793811202049255
leaf_count=40 23 21 45 141 23 490 21 61 28 22482 97 49 29 174
internal_value=5.46479e-06 0.00869588 0.0152869 -6.38074e-05 -0.00655498 -0.00496665 0.0206895 0.0147523 0.0167918 9.55417e-05 0.00642305 0.0155786 0.000625465 0.00847963
internal_weight=8824.57 69.7852 54.8502 8754.78 209.768 201.456 47.0117 39.2092 19.0419 8545.01 182.473 70.7478 111.725 75.5798
internal_count=23724 188 148 23536 564 541 127 106 51 22972 490 190 300 203
is_linear=0
shrinkage=0.05


Tree=162
num_leaves=15
num_cat=0
split_feature=6 3 5 2 11 11 9 5 9 8 1 4 4 0
split_gain=1.81163 6.24856 6.10422 6.9553 4.57001 5.32037 5.28325 4.50328 4.10269 4.98375 4.03038 3.44772 3.43113 3.42526
threshold=-0.022106962150382051 2.2476998305945233 0.081784525068783295 0.020243024887889313 0.0079790947320500395 0.0074697355652335717 0.0086570805093953516 0.081784525068783295 0.01777258741688036 0.37607283652255813 -0.036213110291332173 0.8733722867453082 0.89653022615874123 -0.00015204324886663022
decision_type=2 2 2 2 2 2 2 2 2 2 2 2 2 2
left_child=1 4 3 -2 5 6 -1 8 9 -3 -5 -10 -13 -6
right_child=2 7 -4 10 13 -7 -8 -9 11 -11 -12 12 -14 -15
leaf_value=0.042333520873469116 -8.6339924836250796e-05 -0.037292576177422536 0.030728380514262368 0.00035107982741517264 -0.010168394144615936 0.052272967440816304 0.0020514812407120319 -0.040133676281937716 0.016569392999222918 0.0013348520300268925 -0.035328937268192216 -0.036520083245227146 0.0026657030905118326 0.0092329094085956409
leaf_weight=11.42437422275543 8475.7161212265491 15.630408257246016 16.006777673959732 12.309966176748274 30.000174105167389 11.48250302672386 28.312864661216736 8.7230131924152357 31.663837522268295 17.92837205529213 22.167207479476929 7.4466758966445949 22.359882801771164 94.12810555100441
leaf_count=31 22829 42 43 36 82 31 76 24 85 48 64 20 60 253
internal_value=1.02735e-05 0.00397425 -0.000119485 -0.000177507 0.00972902 0.022295 0.0136325 -0.00575169 -0.00259567 -0.0166563 -0.0225895 0.00508053 -0.00712422 0.00454387
internal_weight=8805.3 279.1 8526.2 8510.19 175.348 51.2197 39.7372 103.752 95.0292 33.5588 34.4772 61.4704 29.8066 124.128
internal_count=23724 752 22972 22929 473 138 107 279 255 90 100 165 80 335
is_linear=0
shrinkage=0.05


Tree=163
num_leaves=15
num_cat=0
split_feature=0 11 6 2 2 11 6 11 1 4 8 7 8 3
split_gain=3.34116 3.63093 10.0357 3.86146 10.654 9.60298 2.67939 2.61075 9.68883 8.01771 9.75251 4.02793 5.44774 7.2233
threshold=-0.0043836566051889013 0.011278502681897345 -0.044103690972887487 0.0080936594580494781 0.007067552710227353 0.012854620989384774 -0.027383224043401749 0.0058486780498309106 0.0095088004168564864 0.26246517694972027 0.2373320313404326 0.0044904964419740191 0.056720049433416062 1.2386029863208561
decision_type=2 2 2 2 2 2 2 2 2 2 2 2 2 2
left_child=7 2 -2 4 -3 -6 -4 8 -1 10 -10 -9 13 -13
right_child=1 3 6 -5 5 -7 -8 11 9 -11 -12 12 -14 -15
leaf_value=-0.004430309423327717 0.12981585272992008 -0.016963874421480576 -0.022245052752875253 -0.020688344057130121 -0.0014684306279760437 0.17186671707047541 0.0013774247062402637 -0.028632110004153756 0.15942631480147335 -0.034960157291175596 0.013262445359871458 -0.0068471134843437961 -0.010471057125890779 0.082853115187866005
leaf_weight=76.07227111235261 1.5173943266272534 8.5087498612701875 12.118781875818966 36.496617950499058 1.5144477747380727 1.6915235370397566 1267.2238232083619 25.666513681411743 2.5501916781067839 1.630618594586849 2.0656316243112087 5.4379071034491044 75.171920718625188 3.8215927928686142
leaf_count=1441 28 168 256 898 32 27 18273 558 22 26 29 124 1764 78
internal_value=-9.24656e-05 0.000799055 0.00130608 -0.0126714 0.0123051 0.0899861 0.00115366 -0.00625043 0.000485098 0.0603474 0.0940164 -0.0112865 -0.00601355 0.0301741
internal_weight=1521.49 1329.07 1280.86 48.2113 11.7147 3.20597 1279.34 192.417 82.3187 6.24644 4.61582 110.098 84.4314 9.2595
internal_count=23724 19682 18557 1125 227 59 18529 4042 1518 77 51 2524 1966 202
is_linear=0
shrinkage=0.05


Tree=164
num_leaves=15
num_cat=0
split_feature=4 4 6 8 8 4 5 0 8 0 1 9 8 6
split_gain=2.12384 4.92025 5.96828 4.52116 4.65454 4.35633 4.09175 4.08459 5.47032 4.68167 4.95536 5.82248 4.74817 4.23946
threshold=0.3786127389118138 0.28520387807108399 0.020896695547570062 0.4001777968413226 0.32269536966576851 0.38674549549549558 -0.0043137336948133312 0.0009565247868062748 0.053858775220617668 0.00033600582766261472 0.011702809653074081 0.010146079174009314 0.056720049433416062 0.00014720553341454653
decision_type=2 2 2 2 2 2 2 2 2 2 2 2 2 2
left_child=1 -1 3 4 6 -2 -3 9 -9 10 -8 -12 -11 -14
right_child=5 2 -4 -5 -6 -7 7 8 -10 12 11 -13 13 -15
leaf_value=-0.00013024989270005689 -0.013040303477469034 0.010861488542401898 -0.014433287955862182 0.013723422536934466 -0.0077765849334676968 -0.00042249316272999693 -0.00056949915719526755 0.048143278755939017 0.0071727760562269984 0.015572668357635433 0.03430999862926367 -0.0075129033224379319 -0.048822060309412663 -0.0046616429283748619
leaf_weight=2354.7851600348949 69.256547540426254 203.76788446307182 40.272309452295303 132.57247519493103 79.068993598222733 5568.2666891217232 256.84195947647095 10.035856962203978 43.293273329734802 7.4781770110130337 23.062433421611786 13.019966989755629 13.062753438949587 9.3070390522479993
leaf_count=6318 186 546 108 358 213 14987 688 27 116 20 62 35 35 25
internal_value=5.6917e-06 0.00103745 0.00434322 0.00529857 0.00360357 -0.000577502 0.00515533 0.00206379 0.0148829 -5.42129e-05 0.001868 0.0192186 -0.0189186 -0.0304489
internal_weight=8824.09 3186.57 831.783 791.511 658.938 5637.52 579.869 376.101 53.3291 322.772 292.924 36.0824 29.848 22.3698
internal_count=23724 8551 2233 2125 1767 15173 1554 1008 143 865 785 97 80 60
is_linear=0
shrinkage=0.05


Tree=165
num_leaves=15
num_cat=0
split_feature=4 0 3 2 11 5 9 2 4 7 7 4 3 6
split_gain=1.77486 5.31016 4.28295 3.91851 4.26756 4.24891 4.06985 3.85556 3.94895 3.77874 3.92529 4.2116 3.50738 3.9898
threshold=0.13510058147486734 -0.00023127185633454119 0.72878119382190898 0.0026737269227281707 0.012854620989384774 0.0047782195367471999 0.0055193425402524469 0.0028264209391510079 0.076183647754622039 0.0086590636491494094 0.0064907487486843109 0.038462193676116814 0.34919563706483275 0.0032484925003309424
decision_type=2 2 2 2 2 2 2 2 2 2 2 2 2 2
left_child=1 3 -3 5 7 6 12 8 -5 10 -9 -12 -1 -14
right_child=-2 2 -4 4 -6 -7 -8 9 -10 -11 11 -13 13 -15
leaf_value=-0.036508316350183541 0.00025876601940822205 -0.048028101563969167 -0.0057030086573957549 0.041834018464883195 -0.016526346062515573 0.013084954463633641 -0.038952851659417198 0.00050456784152238187 -0.0053484244224950624 0.02013115139333653 0.0074411431705225283 -0.019206486745786653 -0.012450713741261879 0.019311230630877238
leaf_weight=10.626748532056807 7844.4011039435863 11.089062422513964 12.965558797121046 11.123875558376314 38.75389289855957 15.485400617122648 15.062238276004789 686.24943128228188 7.374658375978469 22.481208384037018 20.665008544921875 52.490770906209946 43.16674667596817 12.824770539999006
leaf_count=30 21126 30 35 30 107 42 41 1849 20 61 56 142 120 35
internal_value=1.03782e-05 -0.0020185 -0.0252147 -0.00142257 -0.000321886 -0.0109282 -0.0154808 0.000462719 0.0230242 -7.10589e-05 -0.000669119 -0.0116791 -0.0101738 -0.00517569
internal_weight=8804.76 960.359 24.0546 936.305 839.139 97.1659 81.6805 800.385 18.4985 781.886 759.405 73.1558 66.6183 55.9915
internal_count=23724 2598 65 2533 2265 268 226 2158 50 2108 2047 198 185 155
is_linear=0
shrinkage=0.05


Tree=166
num_leaves=15
num_cat=0
split_feature=11 6 9 5 3 5 2 4 4 4 0 3 11 2
split_gain=3.21436 7.46421 5.5679 5.93636 4.6474 7.67918 5.31088 4.19207 4.83361 4.55855 7.53325 7.15586 3.90359 6.43905
threshold=0.0038459536920093297 -0.0089520484789393263 0.017274197195704565 -0.024013387532873808 1.1489695561911903 0.016382310881646166 0.0038226031116606525 0.012659779422029878 0.090459715025352633 0.099014599340351631 -0.0020629868828319704 1.3513743576279225 0.0050306188709453902 0.0050411420517089732
decision_type=2 2 2 2 2 2 2 2 2 2 2 2 2 2
left_child=1 4 3 -3 6 -6 -1 12 -9 10 11 -10 13 -2
right_child=7 2 -4 -5 5 -7 -8 8 9 -11 -12 -13 -14 -15
leaf_value=0.034967101607085153 0.024193725447284532 0.086595831765253234 0.07293818664023137 0.0013749599685705437 -0.019122995692583654 0.078321303882981821 0.12778285400505177 -0.016390562351518093 -0.02283638548881552 -0.0014047316055499992 0.14183706408224761 0.092655767261088262 0.007387489065874356 0.16233628926987947
leaf_weight=4.1766835898160926 2.5337887145578848 2.0532495342195025 2.7667577788233748 429.01288368552923 5.9421164430677873 3.0645283088088036 2.4425146579742432 54.566250616684556 4.2359492816030979 998.75285564363003 1.4083198253065337 1.962628351524472 7.1021771878004074 1.2645245939493177
leaf_count=36 38 29 39 4921 81 38 26 1038 82 17193 20 40 125 18
internal_value=-9.16406e-05 0.00345755 0.00223469 0.00178088 0.0374088 0.0140326 0.0692165 -0.00157995 -0.00189691 -0.00111105 0.0374485 0.0137314 0.0292691 0.0701838
internal_weight=1521.29 449.459 433.833 431.066 15.6258 9.00664 6.6192 1071.83 1060.93 1006.36 7.6069 6.19858 10.9005 3.79831
internal_count=23724 5170 4989 4950 181 119 62 18554 18373 17335 142 122 181 56
is_linear=0
shrinkage=0.05


Tree=167
num_leaves=15
num_cat=0
split_feature=8 9 1 8 7 7 6 5 5 5 2 5 4 0
split_gain=2.09937 3.87503 2.2963 3.94267 5.88472 8.47691 6.38164 5.08643 5.41515 5.08083 4.50926 5.01399 4.44707 4.96344
threshold=0.76306965653910852 0.0099264539062929227 0.0040669703069970012 0.082035189826462226 0.0046133034997587448 0.0041487369223713556 0.0044382729744176005 -0.007402177023755222 -0.011161927676304115 0.0085966478849563675 0.0039136824669126309 0.019249779551304299 0.84276545343588272 -0.0034112487162550062
decision_type=2 2 2 2 2 2 2 2 2 2 2 2 2 2
left_child=2 -2 -1 4 5 7 9 8 -4 -6 -11 -12 13 -9
right_child=1 -3 3 -5 6 -7 -8 12 -10 10 11 -13 -14 -15
leaf_value=0.00053828026210268128 -0.014668706419977726 0.022928677293258069 0.0052781662591738819 -0.002071893793746673 0.021951859164473408 -0.021243199998145133 -0.024411953053642011 0.019892217577028165 -0.04118366707431681 0.041157494434299863 -0.014259284478646831 0.010352579741234116 0.01425009851435481 -0.0021068878231466992
leaf_weight=5795.9324832856655 9.5170518755912763 24.485387563705444 11.536518752574922 2397.3984462022781 76.540933221578598 45.476244300603867 12.701471894979475 28.754977911710739 13.740938454866408 7.8337718546390525 32.088585317134857 58.27298828959465 72.486989200115204 236.66168200969696
leaf_count=15543 26 67 31 6487 206 123 34 77 37 21 86 156 195 635
internal_value=5.44388e-06 0.0124054 -4.25262e-05 -0.00116707 0.00247198 -0.000892543 0.00980743 0.00165569 -0.0199787 0.0122948 0.00476737 0.00161258 0.00327409 0.000276473
internal_weight=8823.43 34.0024 8789.43 2993.49 596.095 408.657 187.438 363.181 25.2775 174.736 98.1953 90.3616 337.904 265.417
internal_count=23724 93 23631 8088 1601 1098 503 975 68 469 263 242 907 712
is_linear=0
shrinkage=0.05


Tree=168
num_leaves=15
num_cat=0
split_feature=8 3 3 2 11 1 5 11 3 4 7 1 9 1
split_gain=1.7295 3.50477 4.12193 3.88918 3.4336 5.24448 2.59795 2.3969 1.85075 3.92517 5.69189 4.74659 3.54654 7.00353
threshold=0.0033323611128471156 0.69929959583562884 0.91475657600848159 0.0072847347014989927 0.0062995716621106453 0.001236052346096214 -0.0018579337004621867 0.0043617116594206725 0.25723495176155292 0.81828991949950203 0.0100535158509044 0.010091020175433906 0.0036140777904607245 -0.001817207021470909
decision_type=2 2 2 2 2 2 2 2 2 2 2 2 2 2
left_child=1 4 -3 6 5 7 -4 -1 9 10 11 12 13 -2
right_child=8 2 3 -5 -6 -7 -8 -9 -10 -11 -12 -13 -14 -15
leaf_value=-0.028841012589193665 0.031931480985283152 0.040998717063348601 0.010732509009649976 0.035515811193466792 -0.029864104831738958 0.039621504982638195 -0.028565002649009647 0.010105083332327873 4.9454575300715362e-05 0.013290947431258034 -0.040602976120650662 0.026435814943012864 -0.01757893511486493 -0.0084971471074870488
leaf_weight=8.3859850466251391 13.386887699365614 13.000354528427122 9.2136747837066668 7.7688733339309684 9.2942471802234632 7.7829454839229575 7.737718969583514 7.4693913459777823 8563.7988117039204 24.483232289552689 12.502266377210615 10.813446760177611 54.692095875740051 53.61515486240387
leaf_count=23 36 35 25 21 25 21 21 20 23070 66 35 29 148 149
internal_value=1.00882e-05 0.00780148 0.0182068 0.00622063 -0.00411671 0.00600679 -0.00720543 -0.0104937 -5.2945e-05 -0.00522678 -0.00835328 -0.00531048 -0.00813138 -0.00041958
internal_weight=8803.95 70.6532 37.7206 24.7203 32.9326 23.6383 16.9514 15.8554 8733.29 169.493 145.01 132.508 121.694 67.002
internal_count=23724 191 102 67 89 64 46 43 23533 463 397 362 333 185
is_linear=0
shrinkage=0.05


Tree=169
num_leaves=15
num_cat=0
split_feature=2 1 11 9 0 3 3 1 4 4 2 8 0 4
split_gain=3.14727 2.91339 8.67637 10.1002 10.6377 3.93303 10.4201 5.27488 9.2718 3.06382 3.85471 6.6788 10.1207 5.62567
threshold=0.010489738363247117 0.018581027803871403 0.011666504914944522 0.025273856757767856 0.02767857282656375 1.6887556892487774 2.2476998305945233 0.024636926091383887 0.75489262941439972 0.25871436652974894 0.011842038905464829 0.10684746038056503 -0.011007184228189396 0.22665486560556744
decision_type=2 2 2 2 2 2 2 2 2 2 2 2 2 2
left_child=-1 9 3 5 -5 7 -7 8 -3 10 -2 12 -12 -13
right_child=1 2 -4 4 -6 6 -8 -9 -10 -11 11 13 -14 -15
leaf_value=0.00046759456388170662 -0.034288723580011025 -0.034244808611831046 -0.025203557642155927 0.24514156957218944 0.036021774350257212 0.20848217518505271 -0.03433394153907747 -0.034257402380410154 0.17670380003749131 -0.021440906728660065 -0.034208520104543429 -0.012192243318558938 0.17870409758579009 0.11091736655867479
leaf_weight=1434.8694390915334 4.9255748651921776 1.1567279137671014 11.014396440237759 1.0708734169602385 1.4073244221508503 0.82366940006613709 0.95307403802871704 4.7785775829106569 0.94763146713376034 46.699039654806256 0.92513834685087237 9.0842182263731939 1.4070088230073441 1.0335398986935604
leaf_count=21492 127 30 293 22 25 20 23 124 23 1212 25 248 32 28
internal_value=-8.99424e-05 -0.00936772 0.00626311 0.0373809 0.126386 0.0119097 0.0782317 -0.00521049 0.0607492 -0.0147717 0.00315269 0.0179657 0.0942439 0.000383536
internal_weight=1521.1 86.2268 22.1523 11.1379 2.4782 8.65968 1.77674 6.88294 2.10436 64.0745 17.3755 12.4499 2.33215 10.1178
internal_count=23724 2232 560 267 47 220 43 177 53 1672 460 333 57 276
is_linear=0
shrinkage=0.05


Tree=170
num_leaves=15
num_cat=0
split_feature=2 7 2 8 3 7 8 3 3 4 3 2 8 1
split_gain=2.09229 6.89919 5.15394 5.18405 4.76043 4.42611 6.01073 6.51739 4.85435 4.79117 4.46793 4.12338 4.07479 4.36803
threshold=0.0042245806744901368 0.0020698365165185769 0.003574903375890295 0.58205226585603753 0.75153847702706889 0.0032610959563433117 0.18825108210161404 1.7580481406552839 0.27638609461785596 0.85979416234724193 0.61954212013135335 0.0038226031116606525 0.0048685612819818029 -0.0099890422194453318
decision_type=2 2 2 2 2 2 2 2 2 2 2 2 2 2
left_child=2 4 -1 5 -2 6 7 -4 -7 10 -10 -11 13 -3
right_child=1 12 3 -5 -6 8 -8 -9 9 11 -12 -13 -14 -15
leaf_value=0.00027678237168537897 0.0028450965645052183 -0.037843531825961209 -8.3166299444594456e-05 0.017489712413114665 0.056471187089244992 0.023988640422090181 -0.0082266983378209355 0.025216100251202269 -0.020233628487833954 0.029326043374901634 -0.007150191715334488 -0.0072990161616846615 0.00062616344346351765 -0.0050081080444530123
leaf_weight=2272.7190093398094 7.4530538320541408 13.450342178344725 330.00965026021004 26.950588285923004 9.3053170740604383 10.350589483976362 250.91326025128365 27.584244549274445 119.10496845841408 12.856735229492189 144.3224940598011 19.103777557611465 5537.4028623700142 41.009156495332718
leaf_count=6110 20 36 885 73 25 28 679 74 323 35 389 52 14885 110
internal_value=5.44011e-06 0.000588312 -0.00101173 -0.00412313 0.0326217 -0.00476024 -0.00229425 0.00186838 -0.00966827 -0.0108476 -0.0130657 0.00743412 0.00049231 -0.0131178
internal_weight=8822.54 5608.62 3213.92 941.196 16.7584 914.246 608.507 357.594 305.739 295.388 263.427 31.9605 5591.86 54.4595
internal_count=23724 15076 8648 2538 45 2465 1638 959 827 799 712 87 15031 146
is_linear=0
shrinkage=0.05


Tree=171
num_leaves=15
num_cat=0
split_feature=6 3 5 2 11 11 9 5 9 9 1 11 4 4
split_gain=1.69974 5.84985 5.68651 6.48536 4.25389 5.00733 4.98194 4.18591 3.86514 4.80922 3.82312 3.28565 3.22758 3.20892
threshold=-0.022106962150382051 2.2476998305945233 0.081784525068783295 0.020243024887889313 0.0079790947320500395 0.0074697355652335717 0.0086570805093953516 0.081784525068783295 0.01777258741688036 0.012244337497693396 -0.036213110291332173 0.0062684967740596238 0.8733722867453082 0.89653022615874123
decision_type=2 2 2 2 2 2 2 2 2 2 2 2 2 2
left_child=1 4 3 -2 5 6 -1 8 9 -3 -5 -8 -10 -14
right_child=2 7 -4 10 -6 -7 11 -9 12 -11 -12 -13 13 -15
leaf_value=0.041140687111531585 -8.3908701053735338e-05 0.0069889121671219611 0.029661949913466615 0.00043015865853506316 0.0044231734833453298 0.050753491066427327 0.02564241668618944 -0.038874910277856417 0.016030620680301172 -0.0316662522831197 -0.034392931653711746 -0.010300528034170576 -0.035371692226961446 0.0025610484197745409
leaf_weight=11.360273331403731 8474.3805341720581 13.417923808097838 16.002597332000732 12.29860934615135 124.09359529614449 11.411976516246794 9.643539100885393 8.6450246572494489 31.662755459547043 20.099506288766861 21.946527153253555 18.663360148668289 7.4276573657989529 22.356652915477753
leaf_count=31 22829 36 43 36 335 31 26 24 85 54 64 50 20 60
internal_value=9.985e-06 0.00385183 -0.000115656 -0.00017166 0.0094221 0.0215667 0.0131698 -0.00556583 -0.00253356 -0.0161916 -0.0218868 0.00194444 0.00491645 -0.00689868
internal_weight=8803.41 278.782 8524.63 8508.63 175.173 51.0791 39.6672 103.61 94.9645 33.5174 34.2451 28.3069 61.4471 29.7843
internal_count=23724 752 22972 22929 473 138 107 279 255 90 100 76 165 80
is_linear=0
shrinkage=0.05


Tree=172
num_leaves=15
num_cat=0
split_feature=9 4 5 8 4 4 11 8 5 0 0 9 1 2
split_gain=3.10297 3.68476 7.33547 11.8222 3.69538 6.05085 8.08753 12.57 6.95952 6.59475 4.93405 8.37688 4.28165 3.66067
threshold=0.0052763142598389852 0.012659779422029878 0.0020177228044601253 0.1585539931217938 0.11500611347939595 0.1388970618780431 0.0044942823274221272 0.11793668795516364 0.022961007727984404 -0.0042016781783826337 -0.0053286828492246198 0.0091733138753955588 -0.024694863217091467 0.0022409430815767688
decision_type=2 2 2 2 2 2 2 2 2 2 2 2 2 2
left_child=-1 2 -2 -4 13 6 7 -6 10 -9 11 -8 -13 -3
right_child=1 4 3 -5 5 -7 8 9 -10 -11 -12 12 -14 -15
leaf_value=0.0029395150851718849 -0.0075054542219612557 0.064326505506697024 0.18861684994022934 0.0095664136301015171 -0.035148403476612543 -0.0018561200744761398 0.13317623404715748 0.077345362551024865 0.099232359079442806 0.21610952362677308 -0.028917498800394199 0.079180730370902661 -0.023203517738038866 -0.014486889566462125
leaf_weight=543.43413706123829 5.4778868034481984 1.5042074434459198 1.5600306056439879 2.2537826411426067 1.6664826273918176 872.11760918609798 1.4854318723082567 2.2211105935275555 1.8652007617056359 1.3933335915207865 8.4490175172686559 1.3222881089895988 4.4836084917187664 71.773311287164688
leaf_count=6486 94 19 20 39 24 15247 24 34 35 20 144 34 105 1399
internal_value=-8.94511e-05 -0.00177326 0.0295634 0.0828065 -0.00207397 -0.00119013 0.0241882 0.078458 0.00790957 0.130838 -0.00291201 0.0272225 0.000114409 -0.012869
internal_weight=1521.01 977.573 9.2917 3.81381 968.282 895.004 22.8865 5.28093 17.6055 3.61444 15.7403 7.29133 5.8059 73.2775
internal_count=23724 17238 153 59 17085 15667 420 78 342 54 307 163 139 1418
is_linear=0
shrinkage=0.05


Tree=173
num_leaves=15
num_cat=0
split_feature=5 6 8 11 7 11 2 9 7 3 11 5 7 5
split_gain=1.9959 2.8635 5.38295 6.6585 5.13672 8.40981 4.9535 4.03121 3.90264 3.78862 3.7308 3.72467 5.69649 3.68517
threshold=-0.066705350568643143 0.026415941827387292 0.080685143789267763 0.0084875789287437078 0.0085089341329153811 0.014881465813066343 0.010112356416741805 0.030714632034214585 0.004433856129448673 4.6856609021149556 0.010124097849731369 -0.0555452373374258 0.0088758686197123304 -0.033271998937990634
decision_type=2 2 2 2 2 2 2 2 2 2 2 2 2 2
left_child=-1 9 -3 6 7 11 8 10 -4 -2 -5 -6 -13 -10
right_child=1 2 3 4 5 -7 -8 -9 13 -11 -12 12 -14 -15
leaf_value=0.0085635959879281128 -6.4648315247051633e-06 -0.033724266319011223 -0.032895808949382259 0.015537717427716312 -0.045704976280080689 0.033116308529330681 -0.049875995627898267 -0.0060457546268492951 -0.016203866731292722 0.01497005165476209 0.052483605071050959 -0.039967699792590801 0.012482349347981994 0.012274188276454136
leaf_weight=67.60506284236908 8539.3425192832947 16.360842823982239 14.216829568147658 23.125064224004745 9.6874776184558851 9.8084826469421369 8.9639100730419141 13.451164335012434 24.307108312845227 42.4377621114254 9.6987665891647321 8.599271118640905 13.006713569164274 21.32728007435799
leaf_count=188 22959 44 38 62 26 27 24 36 65 114 26 23 35 57
internal_value=5.45838e-06 -6.06316e-05 -0.0064379 -0.00357971 0.00558191 -0.0072815 -0.0152125 0.0170073 -0.010021 6.75955e-05 0.0264545 -0.0199436 -0.00839299 -0.00289462
internal_weight=8821.94 8754.33 172.553 156.192 87.3769 41.1019 68.8151 46.275 59.8512 8581.78 32.8238 31.2935 21.606 45.6344
internal_count=23724 23536 463 419 235 111 184 124 160 23073 88 84 58 122
is_linear=0
shrinkage=0.05


Tree=174
num_leaves=15
num_cat=0
split_feature=2 4 4 0 4 3 11 7 5 8 5 2 9 9
split_gain=1.67834 3.08166 3.47999 3.69421 3.13096 2.67949 4.811 4.30244 2.37143 2.11982 2.0823 1.90917 1.80635 5.14432
threshold=0.0014239806581766645 0.13166775710177567 0.35898477755654246 -0.00023127185633454119 0.42727414503324196 0.554197500196833 0.0018216023405519186 0.00087950428732614966 0.0010311521928933348 0.16498879884364906 0.0011467444686624974 0.0012136271864110692 0.0070281333406778451 0.0070715449407577294
decision_type=2 2 2 2 2 2 2 2 2 2 2 2 2 2
left_child=1 -1 3 9 -4 6 7 -6 -8 -3 11 -7 -2 -14
right_child=12 2 4 -5 5 10 8 -9 -10 -11 -12 -13 13 -15
leaf_value=-0.031636510130545532 0.00090504524717235555 -0.021853085926958921 -0.030519401401590086 0.034572361518386101 0.00063547721112808221 -0.010306610986102527 -0.024683469738574906 0.055465161952983857 0.0057505054642253643 0.012901699389235325 -0.001347450842457504 -0.039956107917611415 -0.019746299946441784 -0.00040923752604714097
leaf_weight=10.433242976665495 3839.9303075373173 7.7644734084606233 13.244057804346083 11.048277378082274 7.1300662159919721 11.910667210817339 11.666392534971239 7.1815437376499176 14.181426167488096 10.087576568126677 19.477024734020233 9.9775600731372815 34.642904132604599 4794.0649915337563
leaf_count=31 10335 22 38 30 20 33 33 20 39 28 54 28 93 12920
internal_value=9.79975e-06 -0.00554103 -0.00333951 0.0118488 -0.00797128 -0.00430824 0.0048915 0.0281489 -0.00798585 -0.00221436 -0.0132398 -0.0238221 9.56702e-05 -0.000547969
internal_weight=8802.74 134.102 123.669 28.9003 94.7687 81.5247 40.1594 14.3116 25.8478 17.852 41.3653 21.8882 8668.64 4828.71
internal_count=23724 376 345 80 265 227 112 40 72 50 115 61 23348 13013
is_linear=0
shrinkage=0.05


Tree=175
num_leaves=15
num_cat=0
split_feature=0 11 6 2 2 3 3 6 0 5 11 1 8 7
split_gain=3.02633 3.25714 7.85211 3.61006 9.32187 6.76652 10.8832 2.58299 2.53071 4.83822 2.39377 8.30771 7.61103 3.9756
threshold=-0.0043836566051889013 0.011278502681897345 -0.044103690972887487 0.0080936594580494781 0.0062137679073511727 0.83513320534753677 0.36527690463311469 -0.027383224043401749 0.021990471724724566 0.015396173641562696 0.0058486780498309106 0.013051096927600632 0.27112618176255854 0.0044904964419740191
decision_type=2 2 2 2 2 2 2 2 2 2 2 2 2 2
left_child=10 2 -2 4 -3 6 -6 -4 -5 -10 11 -1 -13 -12
right_child=1 3 7 8 5 -7 -8 -9 9 -11 13 12 -14 -15
leaf_value=-0.00295457628451076 0.10672022340961085 -0.034549075618245779 -0.022059293555156432 -0.024797329195465893 0.13089155200877425 0.13776294334794004 -0.034599573914954593 0.0013025351680876949 0.079436098491000362 -0.034492807459831847 -0.028411474550967375 0.14127048698924266 -0.004633208299110749 -0.005633965398827899
leaf_weight=78.726052105426788 1.7615856491029251 5.6741635501384717 11.943062443286179 31.516319751739502 1.5020837634801862 1.7407261282205579 2.9338691830635071 1269.4885926190764 1.7475317772477859 1.9965305402874944 24.875758465379477 1.9587014615535729 1.6440648846328256 83.331993931904435
leaf_count=1478 28 115 256 816 19 35 58 18273 35 47 558 15 25 1966
internal_value=-8.83484e-05 0.000755763 0.00122982 -0.0121563 0.0117181 0.0542212 0.0214383 0.0010848 -0.0201804 0.0186832 -0.00598184 0.00044319 0.0746897 -0.0108703
internal_weight=1520.84 1330.3 1283.19 47.1112 11.8508 6.17668 4.43595 1281.43 35.2604 3.74406 190.537 82.3288 3.60277 108.208
internal_count=23724 19682 18557 1125 227 112 77 18529 898 82 4042 1518 40 2524
is_linear=0
shrinkage=0.05


Tree=176
num_leaves=15
num_cat=0
split_feature=11 3 9 11 4 7 11 11 5 2 5 7 7 8
split_gain=1.99639 4.17631 4.22119 3.3491 4.84808 3.74183 2.91584 4.28471 4.31993 3.65219 4.37178 4.62081 4.99841 3.58901
threshold=0.0014613150331545589 0.40141194697801641 0.0023601712432499929 0.002079427505256208 0.95506901109053366 0.00087950428732614966 0.002517617141137398 0.0025653987323242772 0.0037935498018558784 0.002280939890903686 0.010573056668000834 0.0016189421046986015 0.001257538979650805 0.036553507647358152
decision_type=2 2 2 2 2 2 2 2 2 2 2 2 2 2
left_child=1 -1 -3 4 5 -2 9 8 -8 -5 11 12 -11 -14
right_child=3 2 -4 6 -6 -7 7 -9 -10 10 -12 -13 13 -15
leaf_value=-0.020131104301612125 0.01633738822134562 0.0012618913420558377 0.028114505048111416 0.01179839607686043 -0.043893683169626413 -0.0069685577444420672 -0.028328270086539681 6.624399460903191e-06 0.011040749934549513 -0.021766862279259495 0.033726875507962224 -0.024562364323125665 0.027817062188723259 0.0016068840280900679
leaf_weight=10.80984330177307 19.018532454967499 31.64668545126915 27.226468414068222 118.04935213923454 8.2412347793579084 182.34779986739159 25.393739223480225 8261.5493666529655 9.6030382215976697 18.590683311223984 8.735942065715788 20.42313626408577 16.466349273920059 63.154039353132248
leaf_count=29 51 85 74 316 23 490 68 22220 26 50 24 55 44 169
internal_value=5.45266e-06 0.00843505 0.0136801 -6.16666e-05 -0.00630572 -0.00476737 9.15534e-05 -6.73302e-05 -0.0175255 0.00546271 -0.000409347 -0.00292306 0.00157687 0.00702743
internal_weight=8821.26 69.683 58.8732 8751.57 209.608 201.366 8541.97 8296.55 34.9968 245.42 127.37 118.634 98.2111 79.6204
internal_count=23724 188 159 23536 564 541 22972 22314 94 658 342 318 263 213
is_linear=0
shrinkage=0.05


Tree=177
num_leaves=15
num_cat=0
split_feature=5 7 7 11 7 2 7 0 1 8 2 8 6 2
split_gain=1.68065 4.23618 6.11526 6.06717 7.26936 5.6698 5.67804 6.63272 5.05072 5.11936 5.05176 4.98735 4.67661 4.57879
threshold=0.011262382618103863 0.0038115590600897756 0.0041242073450233202 0.0058742402214081828 0.0041672487063309791 0.0038452897711292538 0.0044141983829040768 -0.0039520001146926579 -9.2817921953521708e-05 0.27603029874904245 0.0042512526137289258 0.029405821607501787 -0.003928810088413605 0.0046529904876449401
decision_type=2 2 2 2 2 2 2 2 2 2 2 2 2 2
left_child=-1 8 -3 4 -4 -5 7 -7 10 11 -2 -10 -11 -8
right_child=1 2 3 5 -6 6 13 -9 9 12 -12 -13 -14 -15
leaf_value=-0.00037385514854602268 0.040144655365839887 -0.010374264059163744 -0.017636453821801148 -0.018248399599190258 0.026351983366959115 -0.018819239836614612 0.015693102028589728 0.018362854425384628 0.015885208689805665 0.0029463755908424719 0.0096152753055738227 -0.0036848451017161242 0.015611421925004719 -0.0011533495138396823
leaf_weight=6728.5998095571995 17.149696916341782 138.36602538824081 11.973924338817595 41.285087525844574 43.556686788797379 14.206530839204786 42.084565281867981 77.012392640113831 36.595570862293243 210.77922606468201 64.560310423374176 294.90414372086525 111.41634798049927 969.7798927128315
leaf_count=18158 46 370 32 111 117 38 113 206 98 567 173 789 300 2606
internal_value=9.69241e-06 0.00125422 -0.000421031 0.000726723 0.0168669 -5.64795e-05 0.000624389 0.0125721 0.00430278 0.0028378 0.0160229 -0.00152443 0.00732599 -0.000452687
internal_weight=8802.27 2073.67 1338.27 1199.9 55.5306 1144.37 1103.08 91.2189 735.405 653.695 81.71 331.5 322.196 1011.86
internal_count=23724 5566 3593 3223 149 3074 2963 244 1973 1754 219 887 867 2719
is_linear=0
shrinkage=0.05


Tree=178
num_leaves=15
num_cat=0
split_feature=9 4 9 3 11 1 7 7 9 7 9 6 8 6
split_gain=2.91978 3.80409 5.19139 4.97839 4.27791 5.8432 4.07315 3.53042 4.15551 3.18575 3.6676 2.89075 9.54485 3.96075
threshold=0.013931500405169009 0.90358676573915087 0.025273856757767856 3.36677835885301 0.01306073468644128 0.021979382083278935 0.0071325217010471025 0.0041047212878718509 0.018361837096407166 0.0021307589380940082 0.016965983814104888 0.024751653919641625 0.13502078529646031 0.026415941827387292
decision_type=2 2 2 2 2 2 2 2 2 2 2 2 2 2
left_child=11 9 7 4 5 6 -4 8 -3 10 -2 -1 -13 -14
right_child=1 2 3 -5 -6 -7 -8 -9 -10 -11 -12 12 13 -15
leaf_value=0.00053470066897723346 -0.0079724913966401027 0.0023596647758601878 -0.0057691840520981159 -0.03459587293657506 -0.0048978505392059807 0.1601551366430024 0.1102702496523621 -0.020603449062977262 0.10073037936058134 -0.010159431606058079 0.09740878843658099 0.13286374415633886 0.074075932681174683 -0.023326570501478783
leaf_weight=1336.6884618736804 1.8434446863830083 4.0177647620439592 1.6888311766087993 1.581128906458616 1.6610447801649568 1.7790540717542169 1.3694738894701002 10.820863550528882 1.4650487862527368 148.66835307888687 1.4954226426780222 1.7776678316295136 1.3755023367702959 4.326781902462244
leaf_count=19505 30 68 25 32 29 17 19 240 17 3599 16 24 24 79
internal_value=-8.55416e-05 -0.00613383 0.0121996 0.0449726 0.0643324 0.0881046 0.0461919 -0.00404152 0.0286451 -0.00907467 0.039226 0.000708154 0.0317048 0.000168816
internal_weight=1520.56 176.39 24.3832 8.07953 6.4984 4.83736 3.05831 16.3037 5.48281 152.007 3.33887 1344.17 7.47995 5.70228
internal_count=23724 4092 447 122 90 61 44 325 85 3645 46 19632 127 103
is_linear=0
shrinkage=0.05


Tree=179
num_leaves=15
num_cat=0
split_feature=4 9 7 2 7 3 2 6 5 8 4 3 5 7
split_gain=1.95224 2.57305 2.73605 4.02653 2.84306 3.31207 3.64819 5.25903 3.25753 3.95539 4.8232 2.84921 4.86032 3.67514
threshold=0.95954803765495744 0.0033132250139189822 0.0018732274576334651 0.0027311234301174319 0.0030645698706937403 0.53933518677537429 0.0048303561929974037 -0.0024425143629842622 -0.014922527269301789 0.17397459575781329 0.99176136996792696 0.94720474764911777 -0.0048414542536824234 0.003449405966315636
decision_type=2 2 2 2 2 2 2 2 2 2 2 2 2 2
left_child=-1 -2 3 -3 5 -4 7 -7 9 -6 -11 -10 -13 -14
right_child=1 2 4 -5 8 6 -8 -9 11 10 -12 12 13 -15
leaf_value=0.00014760022372501121 -0.017959342687919735 -0.0093575375964347687 0.011105053221624472 0.03352806479474621 -0.037025250648018732 0.003885487316125074 -0.041109335453997489 -0.031477504904148926 -0.0030951221347577545 -0.016000302083518984 0.030369962345190765 0.04873149700501711 0.038347015517030313 0.00055621316118150918
leaf_weight=8508.2465492784977 29.385915458202362 9.8588098883628863 12.108145445585249 12.304095327854155 12.303875774145125 25.346457839012142 12.861652016639708 17.96544170379639 90.065567642450333 19.950591355562214 7.8004442155361167 7.4403689205646506 7.4406133890151969 47.526980966329575
leaf_count=22875 81 27 33 33 34 70 35 49 244 54 21 20 20 128
internal_value=5.07401e-06 -0.00387715 -0.00241476 0.0144511 -0.00384797 -0.0126139 -0.0177265 -0.0107828 -0.000739078 -0.0134283 -0.00296624 0.0025944 0.0108054 0.00567171
internal_weight=8820.61 312.359 282.973 22.1629 260.81 68.2817 56.1736 43.3119 192.528 40.0549 27.751 152.474 62.408 54.9676
internal_count=23724 849 768 60 708 187 154 119 521 109 75 412 168 148
is_linear=0
shrinkage=0.05


Tree=180
num_leaves=15
num_cat=0
split_feature=3 4 2 9 8 4 4 5 6 11 9 4 4 7
split_gain=1.64463 3.60742 2.88746 3.12496 1.77646 2.81131 8.98617 3.1509 3.72387 1.90541 1.9258 1.76111 4.43884 4.45374
threshold=0.18283852646015533 0.76245978085795219 0.0024463473032743676 0.0042573729097074541 0.0033323611128471156 0.79832472488031836 0.64452939336943416 -0.012448677184365365 0.006081587641254855 0.0040633039155907385 0.0069296404198428774 0.55016462188742621 0.62179906568023458 0.0100535158509044
decision_type=2 2 2 2 2 2 2 2 2 2 2 2 2 2
left_child=1 2 -1 -4 5 6 7 -2 9 -9 -11 -6 13 -13
right_child=4 -3 3 -5 11 -7 -8 8 -10 10 -12 12 -14 -15
leaf_value=-0.046382427321293433 -0.01686832598760862 0.020075532952517874 0.01006243564670499 -0.029922249875350488 -0.00068346985762579994 0.028563731506783447 -0.040858090440291039 -0.0031731466951529425 0.047924944410999405 0.040421498697380744 0.0059759062216434289 0.0038387895327166607 3.1604693456677617e-05 0.028771495153069739
leaf_weight=7.2572663128376034 7.8006898164749137 7.3574887216091147 10.011834591627123 9.5452679991722089 4597.0911077558994 13.417680621147154 9.6409972012042982 14.544262737035753 8.1842058300971967 7.4667259156703976 8.8876849710941297 625.70782485604286 3456.0489689707756 18.439104199409485
leaf_count=21 21 20 27 26 12408 36 26 40 22 20 24 1683 9300 50
internal_value=9.62634e-06 -0.0109381 -0.0194479 -0.00945296 5.22972e-05 0.00798897 0.00310498 0.0121454 0.0179364 0.00999322 0.0217023 -1.15283e-05 0.000741845 0.0045525
internal_weight=8801.4 34.1719 26.8144 19.5571 8767.23 69.9422 56.5246 46.8836 39.0829 30.8987 16.3544 8697.29 4100.2 644.147
internal_count=23724 94 74 53 23630 189 153 127 106 84 44 23441 11033 1733
is_linear=0
shrinkage=0.05


Tree=181
num_leaves=15
num_cat=0
split_feature=2 1 11 9 9 8 1 3 4 2 8 0 4 9
split_gain=2.81354 2.7277 7.64574 7.19175 10.5545 3.38145 7.14736 6.56363 3.00766 3.70064 5.53774 7.54729 4.82894 2.54884
threshold=0.010489738363247117 0.018581027803871403 0.011666504914944522 0.025273856757767856 0.03327867382466753 0.2199296641342352 0.024636926091383887 1.6887556892487774 0.25871436652974894 0.011842038905464829 0.10684746038056503 -0.011007184228189396 0.22665486560556744 0.030714632034214585
decision_type=2 2 2 2 2 2 2 2 2 2 2 2 2 2
left_child=13 8 3 5 -5 -3 -7 -8 9 -2 11 -11 -12 -1
right_child=1 2 -4 4 -6 6 7 -9 -10 10 12 -13 -14 -15
leaf_value=0.0002747871483688114 -0.034247560154805623 -0.034278255950719767 -0.024760920723945239 0.21689734807761846 0.022957787403181589 0.1478575488045232 -0.034226913694147917 0.088866722677440987 -0.021034989333774345 -0.034169300393875508 -0.011516961310693866 0.1468219658052807 0.098161997008649429 0.02734165575867252
leaf_weight=1426.8292904943228 4.7100259047001627 2.7688143514096755 10.525101188570259 1.1864833571016782 1.7163542583584783 1.0974021051079033 3.2617633081972599 1.6212404184043405 45.333547485992312 0.88432473689317737 8.8235041722655279 1.6519867070019234 1.1323555260896672 8.7510928548872453
leaf_count=21360 127 71 293 18 29 26 88 35 1212 25 248 32 28 132
internal_value=-8.27258e-05 -0.00893738 0.00612887 0.0340311 0.102227 0.0114048 0.0325552 0.00664227 -0.0142803 0.0035204 0.0177604 0.0837165 0.000957659 0.000439783
internal_weight=1520.29 84.7129 22.1772 11.6521 2.90284 8.74922 5.98041 4.883 62.5357 17.2022 12.4922 2.53631 9.95586 1435.58
internal_count=23724 2232 560 267 47 220 149 123 1672 460 333 57 276 21492
is_linear=0
shrinkage=0.05


Tree=182
num_leaves=15
num_cat=0
split_feature=1 1 11 11 4 4 5 0 8 11 4 7 7 1
split_gain=1.91779 3.75939 5.93521 9.37121 3.70936 4.15611 4.16654 4.90316 6.34933 6.25256 6.07382 5.04147 4.71942 4.51268
threshold=0.0040669703069970012 0.0043199609450707589 0.0042697734829846125 0.0033104564479703408 0.15745176157587812 0.28123649386635552 -0.0023167209721429737 -0.0029897223647589537 0.088487479486770396 0.0057705972986723314 0.25871436652974894 0.0024004442900384037 0.003552251156069539 -0.011416164317753507
decision_type=2 2 2 2 2 2 2 2 2 2 2 2 2 2
left_child=4 2 3 -2 -1 6 -6 8 11 12 13 -8 -10 -11
right_child=1 -3 -4 -5 5 -7 7 -9 9 10 -12 -13 -14 -15
leaf_value=0.0034273425125412303 -0.018176425029165107 -0.00074838953224670105 -0.025140857067172062 0.039752123356217972 -0.00024424960645376295 0.00066295152125024452 -0.0016325182469520635 -0.0020081369903979774 -0.012876874007275763 -0.017771383405367835 -0.034380303458424806 -0.041420031015874131 -0.049102845761623964 0.017063109762241895
leaf_weight=931.2396032512188 17.817690461874012 2944.2686125040054 39.736874610185623 11.479576468467711 509.07580640912056 4007.0404770970345 10.853471010923384 197.96001929044724 45.977823495864868 11.95258519053459 9.3277687430381757 29.881446331739426 11.17596924304962 41.850769430398941
leaf_count=2496 48 7961 107 31 1364 10755 29 531 123 32 25 80 30 112
internal_value=4.65351e-06 -0.00101882 -0.0125524 0.00452177 0.000535802 -1.65395e-05 -0.00315314 -0.0072783 -0.0137575 -0.00797959 0.00286703 -0.030819 -0.0199606 0.00932452
internal_weight=8819.64 3013.3 69.0341 29.2973 5806.34 4875.1 868.056 358.98 161.02 120.285 63.1311 40.7349 57.1538 53.8034
internal_count=23724 8147 186 79 15577 13081 2326 962 431 322 169 109 153 144
is_linear=0
shrinkage=0.05


Tree=183
num_leaves=15
num_cat=0
split_feature=6 3 5 2 0 8 5 9 8 1 1 7 2 7
split_gain=1.61714 5.38429 5.27681 6.01408 4.18914 4.33868 3.94954 3.66666 4.58664 3.65275 3.27574 3.23824 4.37077 4.00852
threshold=-0.022106962150382051 2.2476998305945233 0.081784525068783295 0.020243024887889313 -0.00015204324886663022 0.43392119302866422 0.081784525068783295 0.01777258741688036 0.37607283652255813 -0.036213110291332173 0.033169229274882979 0.0055022377040871819 0.0077912562058932398 0.0071325217010471025
decision_type=2 2 2 2 2 2 2 2 2 2 2 2 2 2
left_child=1 4 3 -2 10 11 7 8 -3 -5 -1 12 -6 -13
right_child=2 6 -4 9 5 -7 -8 -9 -10 -11 -12 13 -14 -15
leaf_value=0.006684883945846572 -8.2902447786488377e-05 -0.035529797045117599 0.028578605145786241 0.00064037957796627873 0.0062125549434527173 0.029289038768318905 -0.037786992424696138 0.0049107917996481431 0.0015822221015207754 -0.033488957687342592 -0.022985052444964765 -0.014228693887319149 0.042118343555372709 0.010920190040592838
leaf_weight=22.706877470016479 8472.3723198771477 15.551059216260908 15.994893252849577 12.272919327020643 21.164760410785675 32.092856705188751 8.5724839866161329 61.382949680089951 17.917941153049469 21.704038709402084 15.759350240230559 24.584758073091507 14.136738300323485 44.569902151823044
leaf_count=62 22829 42 43 36 57 87 24 165 48 64 43 66 38 120
internal_value=9.36485e-06 0.00375907 -0.000113144 -0.000167095 0.009104 0.0132097 -0.00528565 -0.00234826 -0.0156615 -0.021161 -0.00547069 0.00826956 0.0205913 0.00197966
internal_weight=8800.78 278.44 8522.34 8506.35 175.015 136.549 103.424 94.852 33.469 33.977 38.4662 104.456 35.3015 69.1547
internal_count=23724 752 22972 22929 473 368 279 255 90 100 105 281 95 186
is_linear=0
shrinkage=0.05


Tree=184
num_leaves=15
num_cat=0
split_feature=9 3 5 3 0 0 5 0 5 1 9 0 6 6
split_gain=2.80218 3.57229 6.90486 3.50547 5.82725 4.87437 3.61593 11.812 2.96884 4.18392 10.2342 13.3721 4.52392 3.82754
threshold=0.0046497845351542574 1.7140438366166135 0.0047782195367471999 1.1054536421646917 -0.0020629868828319704 -0.0023387351776713206 -0.025963127141575854 -0.00030182571717473445 0.022418342491973439 0.0089025192162920531 0.0043723215442007324 0.0013833422668610657 -0.0056622407247988752 -0.0054469985670793459
decision_type=2 2 2 2 2 2 2 2 2 2 2 2 2 2
left_child=1 3 -3 5 -5 -1 7 -7 9 12 -11 -12 -8 -14
right_child=-2 2 -4 4 -6 6 8 -9 -10 10 11 -13 13 -15
leaf_value=-0.017451871816081044 -0.0014239137610430285 0.10424110341355793 -0.015234068745083757 0.061981088741057788 -0.027106682571550307 0.16236169110607065 -0.019601200125511548 -0.01479642870766221 -0.023800431102721356 0.009369285915589989 0.17515488628809195 -0.0071765040966378056 0.068382999157045973 0.0051042431223362493
leaf_weight=25.140953537076712 1092.7447845730931 2.4833580628037444 2.3571918644011021 2.049983166158202 17.548356022685766 1.5189476870000365 18.881560139358044 2.4723663479089728 8.8711036927998048 15.609694950282575 2.3754989057779303 1.7437245845794676 2.4074598364531985 323.94136611372232
leaf_count=326 18836 22 22 24 201 22 231 38 135 194 31 20 29 3593
internal_value=-8.13526e-05 0.0033512 0.0460605 0.00286195 -0.0177881 0.00386628 0.00528483 0.0526235 0.0047794 0.00547409 0.0278686 0.0979715 0.00419431 0.00557105
internal_weight=1520.15 427.402 4.84055 422.561 19.5983 402.963 377.822 3.99131 373.83 364.959 19.7289 4.11922 345.23 326.349
internal_count=23724 4888 44 4844 225 4619 4293 60 4233 4098 245 51 3853 3622
is_linear=0
shrinkage=0.05


Tree=185
num_leaves=15
num_cat=0
split_feature=2 7 8 5 11 11 7 11 7 8 5 5 3 7
split_gain=1.93741 6.45025 4.92044 6.41122 5.57942 5.34688 6.43461 5.21512 6.8577 6.32023 5.97082 5.43276 5.20397 5.36639
threshold=0.0042245806744901368 0.0020698365165185769 0.18825108210161404 -0.00063395029508495711 0.0033104564479703408 0.0099836418507264039 0.0076044808765304483 0.0037856976954547612 0.0024776668693116447 0.43392119302866422 -0.019512366158085971 -0.01520273718249915 3.1891322047639044 0.0026262706376743114
decision_type=2 2 2 2 2 2 2 2 2 2 2 2 2 2
left_child=2 -2 -1 4 -4 6 12 8 9 -6 -9 -12 13 -5
right_child=1 -3 3 5 7 -7 -8 10 -10 -11 11 -13 -14 -15
leaf_value=0.0007807333641949133 0.031545354086394979 0.00047279986359419641 0.0075590099650988734 -0.010415961856419192 -0.0085454147448793868 0.022798953308516529 -0.052723609009136911 0.024232267316100096 -0.029592416467533519 0.039704641143132831 -0.022372351749287811 0.00091580253425688522 0.022681917779076615 -0.0022009241524545272
leaf_weight=1780.262189656496 16.751820385456085 5589.8489695191383 202.51593554019928 433.83787479996681 51.848075956106186 15.849167436361311 7.4673117697238913 24.593809604644775 37.160646915435791 7.8092345893383017 27.950876891613007 240.73854666948318 15.410749197006224 366.92832097411156
leaf_count=4777 45 15031 543 1180 139 43 20 66 100 21 75 647 42 995
internal_value=4.67742e-06 0.000565641 -0.00097438 -0.00315617 0.000825579 -0.00596697 -0.00652051 -0.00266999 -0.0127319 -0.00222941 0.000651609 -0.00150679 -0.00609779 -0.00665165
internal_weight=8818.97 5606.6 3212.37 1432.11 592.617 839.493 823.644 390.101 96.818 59.6573 293.283 268.689 816.177 800.766
internal_count=23724 15076 8648 3871 1591 2280 2237 1048 260 160 788 722 2217 2175
is_linear=0
shrinkage=0.05


Tree=186
num_leaves=15
num_cat=0
split_feature=11 2 8 8 2 8 7 9 11 7 7 7 11 4
split_gain=1.65037 6.71732 7.22624 5.53924 10.058 6.384 6.06818 5.89262 5.42603 5.34596 9.39443 5.26019 7.38942 8.04285
threshold=0.004245510018889358 0.0044068505253932197 0.32269536966576851 0.21620603423673487 0.016186943639037877 0.33706487615046143 0.0024004442900384037 0.0044923011201555476 0.0041971806329756415 0.0047975691870753854 0.0036773437114217271 0.014755063973937147 0.01306073468644128 0.79476088152918056
decision_type=2 2 2 2 2 2 2 2 2 2 2 2 2 2
left_child=1 -1 -3 4 6 7 -2 9 -4 10 -5 12 -8 -14
right_child=3 2 8 5 -6 -7 11 -9 -10 -11 -12 -13 13 -15
leaf_value=-0.0002083258008336175 0.020137226827802741 -0.01433933947825651 0.010298782111665569 -0.0022917251415131941 -0.020023883825153826 0.00084968003356365664 0.0017297513395686161 -0.0047154737736186106 -0.027552159656263321 -0.0089688709044713558 0.032087902249678293 -0.037303183097291838 0.0092566721870802424 0.051562449990364301
leaf_weight=2141.2931526899338 46.665988594293594 176.55488973855972 61.066228657960892 41.112829983234406 51.55102065205574 1844.8281626105309 3062.188290387392 1217.153117030859 11.205642789602278 35.676169365644455 38.457636594772339 8.5014991164207441 49.056004256010056 14.571458846330641
leaf_count=5810 125 482 164 110 146 4972 8217 3274 30 96 103 23 133 39
internal_value=9.41949e-06 -0.00111191 -0.00888776 0.000427549 0.00188477 -0.00105504 0.00223983 -0.0036923 0.00443005 0.00711371 0.0143245 0.00197336 0.00208018 0.0189452
internal_weight=8799.88 2390.12 248.827 6409.76 3232.53 3177.23 3180.98 1332.4 72.2719 115.247 79.5705 3134.32 3125.82 63.6275
internal_count=23724 6486 676 17238 8683 8555 8537 3583 194 309 213 8412 8389 172
is_linear=0
shrinkage=0.05


Tree=187
num_leaves=15
num_cat=0
split_feature=0 11 6 4 9 6 0 5 5 2 0 7 8 2
split_gain=2.72983 2.94369 6.04108 3.39372 4.19864 2.55605 2.26114 8.04068 12.6788 5.75286 4.24583 7.72647 5.67717 6.51101
threshold=-0.0043836566051889013 0.011278502681897345 -0.044103690972887487 0.15745176157587812 0.012244337497693396 -0.027383224043401749 0.0099968457535057221 0.033402001036839463 0.035747622229632056 0.0093168253006255201 0.011947816313223704 0.0067181347870253327 0.29461838386895106 0.0068635666259406897
decision_type=2 2 2 2 2 2 2 2 2 2 2 2 2 2
left_child=-1 2 -2 4 -3 -4 -7 10 -9 -10 11 12 13 -8
right_child=1 3 5 -5 -6 6 7 8 9 -11 -12 -13 -14 -15
leaf_value=-0.0057103765340939319 0.087277352607277939 -0.0037664321310127355 -0.022065856999242 -0.014947678273150239 0.13099242216427895 0.00087213964141675832 0.07422007629694638 0.21578095885574833 -0.013979001137423192 0.13483681824571506 -0.0096668328724737271 0.15778778153359899 -0.034458293016983797 -0.018152975067319319
leaf_weight=188.71089910157025 2.0332595221698275 1.6007436793297523 11.874613353982566 43.609793836250901 0.90467401407659043 1233.7892101500183 5.0536088310182077 1.1924099251627911 2.4351254999637608 0.88559948652982701 20.028335450217128 1.0394312627613533 3.8364708796143523 3.0644043572247028
leaf_count=4042 28 30 256 1077 18 17489 102 18 52 19 419 22 83 69
internal_value=-8.23696e-05 0.000715368 0.00116072 -0.0116965 0.0448933 0.00102426 0.00123993 0.0133293 0.0759273 0.0257085 0.00477411 0.0270328 0.0156638 0.0393509
internal_weight=1520.06 1331.35 1285.23 46.1152 2.50542 1283.2 1271.32 37.5354 4.51313 3.32072 33.0223 12.9939 11.9545 8.11801
internal_count=23724 19682 18557 1125 48 18529 18273 784 89 71 695 276 254 171
is_linear=0
shrinkage=0.05


Tree=188
num_leaves=15
num_cat=0
split_feature=8 9 0 11 3 1 8 4 11 9 11 7 6 5
split_gain=1.92733 3.40699 2.0851 5.19971 2.74037 2.9626 2.6124 2.94747 2.53267 2.4563 4.01755 5.58973 3.77006 3.35714
threshold=0.76306965653910852 0.0099264539062929227 -0.019438778248737482 0.014881465813066343 3.8207666386489652 -0.0074792259783288033 0.10974312333784685 0.20823398711349525 0.0097632359222385705 0.01476492596584328 0.0031375936563004234 0.0021111182200037036 -0.019954777922623155 0.081784525068783295
decision_type=2 2 2 2 2 2 2 2 2 2 2 2 2 2
left_child=2 -2 3 4 5 6 -1 -8 -6 13 -11 -12 -13 -4
right_child=1 -3 9 -5 8 -7 7 -9 -10 10 11 12 -14 -15
leaf_value=-0.033878917686354808 -0.013526988575732167 0.021808153532247455 -0.00026581522695775264 0.025208108137911446 -0.03671605088994729 0.024377755088946157 0.001469703319035503 -0.031557736263150914 -0.0066581057430065097 -0.03766027032665855 0.052276794638261015 -0.0043037768019749097 0.0032990837241844381 -0.034060622667428632
leaf_weight=8.9793168902397138 9.4745633006095868 24.364273548126221 7444.1132872104645 11.080703139305113 16.404177993535999 7.4561745822429648 37.978130757808685 8.2167344987392408 12.235097885131834 6.3168122172355643 5.5733700692653647 193.91815540194511 1024.5044412612915 7.3559415638446799
leaf_count=24 26 67 20027 31 44 20 102 22 33 17 15 523 2753 20
internal_value=4.79885e-06 0.0119146 -4.10811e-05 -0.00713593 -0.0110627 -0.00520402 -0.00920167 -0.00440493 -0.0238749 4.25608e-05 0.00211232 0.00231758 0.00208905 -0.000299177
internal_weight=8817.97 33.8388 8784.13 102.35 91.2696 62.6304 55.1742 46.1949 28.6393 8681.78 1230.31 1224 1218.42 7451.47
internal_count=23724 93 23631 276 245 168 148 124 77 23355 3308 3291 3276 20047
is_linear=0
shrinkage=0.05


Tree=189
num_leaves=15
num_cat=0
split_feature=7 3 7 9 5 1 3 0 8 8 2 4 6 6
split_gain=1.58798 3.81398 3.76859 6.15998 5.7112 5.60005 5.49725 10.45 5.9799 6.47183 6.15003 5.66415 5.41735 5.90581
threshold=0.0018732274576334651 2.34915876472953 0.0023422169766073747 0.0021349832000687519 0.012220683655066351 0.0027638629875332021 0.41068733619592801 -0.00087423706572584744 0.46823432833563128 0.25755542023791317 0.002280939890903686 0.97531314706023997 -0.007078895001350287 -0.0062582477069082374
decision_type=2 2 2 2 2 2 2 2 2 2 2 2 2 2
left_child=1 -1 3 -2 6 -6 7 -5 9 11 -11 12 -8 -14
right_child=2 -3 -4 4 5 -7 8 -9 -10 10 -12 -13 13 -15
leaf_value=-0.0012848757657387729 -0.023013722004067812 -0.017847986891979046 -0.00010695652292294253 -0.008090305980352477 0.052081295835124754 0.012148127913564885 -0.021218761027562094 0.032320231800333166 -0.024444141073025887 0.043301518414644982 0.0086623779411007535 0.035593286397997949 0.03898250961641217 -0.00048846356972423411
leaf_weight=928.04305863380432 21.023922860622406 36.108716189861298 7102.1389447748661 26.254074275493622 10.381852298974989 56.879261940717697 31.035353004932404 40.952857732772827 21.507917195558548 14.900250047445295 91.516616255044937 10.786617457866667 9.7082420587539655 397.59088343381882
leaf_count=2532 59 100 19118 71 28 154 83 110 58 40 246 29 26 1070
internal_value=9.59074e-06 -0.00190519 0.000245227 0.00365974 0.00444789 0.0183119 0.00300046 0.016534 0.00142425 0.00242575 0.0135125 -0.000201188 -0.00108202 0.000452353
internal_weight=8798.83 964.152 7834.68 732.538 711.514 67.2611 644.253 67.2069 577.046 555.538 106.417 449.121 438.334 407.299
internal_count=23724 2632 21092 1974 1915 182 1733 181 1552 1494 286 1208 1179 1096
is_linear=0
shrinkage=0.05


Tree=190
num_leaves=15
num_cat=0
split_feature=9 4 9 8 4 8 5 2 7 9 4 6 11 0
split_gain=2.64824 3.45673 4.32518 4.86418 4.26701 5.32266 2.92088 8.41122 2.90908 3.09906 2.9348 2.69267 3.40733 7.11232
threshold=0.013931500405169009 0.91509978688838201 0.015461215895963588 0.42111881556037767 0.92354261263576753 0.37030322530794796 -0.0056962382694432587 0.0098775141994721476 0.0021307589380940082 0.016965983814104888 0.012659779422029878 -0.022106962150382051 0.013297268085721618 -0.0061850644554797213
decision_type=2 2 2 2 2 2 2 2 2 2 2 2 2 2
left_child=11 8 -3 4 -4 6 7 -6 9 -2 -10 -1 -13 -14
right_child=1 2 3 -5 5 -7 -8 -9 10 -11 -12 12 13 -15
leaf_value=-0.022475518964994806 -0.0076745836107421292 -0.034586885535100816 0.10881641597616437 -0.034611676877094009 0.14811203217172472 0.10622348550201036 -0.0039105984394336808 -0.011432353891664616 0.057008385456512982 0.087486669857115548 -0.010324041312506102 0.00063431109324203674 0.12712750460022357 0.012804504210661094
leaf_weight=12.449479607865213 1.8244480490684503 3.9621915295720127 1.7249502949416662 3.0313594192266455 1.3580811731517326 1.7568794302642334 7.9726186599582407 2.1089703422039747 1.6362761110067356 1.6110450252890585 147.65349171869457 1319.7491423543543 1.5419178716838349 11.559996375814078
leaf_count=269 30 82 22 64 20 25 131 40 32 16 3630 19104 28 231
internal_value=-8.19562e-05 -0.00587454 0.0126956 0.0231308 0.0348614 0.0251946 0.0127504 0.0510629 -0.00853923 0.0369505 -0.00958605 0.000670009 0.000886199 0.0262588
internal_weight=1519.94 174.64 21.9151 17.9529 14.9215 13.1965 11.4397 3.46705 152.725 3.43549 149.29 1345.3 1332.85 13.1019
internal_count=23724 4092 384 302 238 216 191 60 3708 46 3662 19632 19363 259
is_linear=0
shrinkage=0.05


Tree=191
num_leaves=15
num_cat=0
split_feature=11 9 3 4 11 7 5 6 4 4 8 8 5 6
split_gain=1.87808 4.01117 3.32414 3.18624 3.07907 3.06793 7.30612 4.3374 4.16293 3.44932 2.77794 5.03697 2.35657 2.24764
threshold=0.0014613150331545589 0.0014654606547742949 0.41068733619592801 0.81539401918375032 0.0012931958343769048 0.0010398669608766449 -0.002600176706801681 0.00080384150851579796 0.84612949085427214 0.31215783888110049 0.10684746038056503 0.26620243449475117 0.0011467444686624974 0.00042282597470961504
decision_type=2 2 2 2 2 2 2 2 2 2 2 2 2 2
left_child=1 -1 -3 4 12 6 -2 8 10 -9 -8 -12 -4 -7
right_child=5 2 3 -5 -6 13 7 9 -10 -11 11 -13 -14 -15
leaf_value=-0.014793001817355898 -0.043095968197194003 -0.015681439115427454 0.015029320738232019 0.048781146392190305 0.025801909866187207 -0.00073136406727513899 0.030657725539289294 0.00084897404979175021 -0.025584803837245179 -0.044164760864481657 -0.021912913116917645 0.032285029952138236 -0.022687913731367946 0.00088136655086193416
leaf_weight=14.912755936384199 13.778043568134306 7.8326033651828757 8.8614649176597613 7.756891816854476 22.388517618179321 4610.8712156713009 14.562007457017897 7.8352524936199215 8.1066830158233625 9.3158734738826734 10.089614480733873 7.4539789557456961 7.7748351395130149 4065.2373979389668
leaf_count=40 37 21 24 21 61 12439 39 21 22 25 27 20 21 10906
internal_value=4.55735e-06 0.0081898 0.0144654 0.0195128 0.0136952 -6.05026e-05 -0.0104014 -0.00254853 0.0064306 -0.0236009 0.0145145 0.00111488 -0.00259751 2.42895e-05
internal_weight=8816.78 69.5271 54.6143 46.7817 39.0248 8747.25 71.1415 57.3634 40.2123 17.1511 32.1056 17.5436 16.6363 8676.11
internal_count=23724 188 148 127 106 23536 191 154 108 46 86 47 45 23345
is_linear=0
shrinkage=0.05


Tree=192
num_leaves=15
num_cat=0
split_feature=11 2 8 8 2 8 7 2 8 7 2 3 5 11
split_gain=1.57594 6.2463 6.76049 5.17164 9.42758 5.94754 5.62942 5.50022 5.08873 6.7386 7.32461 5.6849 5.39603 5.07326
threshold=0.004245510018889358 0.0044068505253932197 0.32269536966576851 0.21620603423673487 0.016186943639037877 0.33706487615046143 0.0024004442900384037 0.001886002663331919 0.18644951986368707 0.0019358797456055651 0.0031984512919091394 0.38412856712600291 0.0037935498018558784 0.0041971806329756415
decision_type=2 2 2 2 2 2 2 2 2 2 2 2 2 2
left_child=1 8 -3 4 6 7 -2 -5 -1 10 11 12 -10 -4
right_child=3 2 13 5 -6 -7 -8 -9 9 -11 -12 -13 -14 -15
leaf_value=-0.0023323936241597121 0.019416242024373354 -0.01387292412049617 0.0099656265052230544 0.042272187580888111 -0.019436819223906721 0.00082362502985345611 0.0019123864692939972 -0.0037861623304417283 -0.03047102291908604 0.0063048597593266384 -0.017811679186693668 0.0028063475292887672 0.018164255864304011 -0.026633496531066021
leaf_weight=1220.4899274706841 46.617385119199753 176.1916780769825 61.044747769832611 6.5137686133384696 51.304022967815399 1844.6142078340054 3134.4629410207272 1325.4049537181854 24.822627693414688 524.91052281856537 64.086514800786972 298.91906470060349 7.4042735099792472 11.206900238990782
leaf_count=3320 125 482 164 18 146 4972 8412 3565 69 1415 173 813 20 30
internal_value=9.3863e-06 -0.00108665 -0.00859119 0.000417961 0.00182597 -0.00101481 0.0021689 -0.00356091 -0.00021567 0.00259198 -0.00233912 0.000655279 -0.0192969 0.00428876
internal_weight=8797.99 2389.08 248.443 6408.92 3232.38 3176.53 3181.08 1331.92 2140.63 920.143 395.232 331.146 32.2269 72.2516
internal_count=23724 6486 676 17238 8683 8555 8537 3583 5810 2490 1075 902 89 194
is_linear=0
shrinkage=0.05


Tree=193
num_leaves=15
num_cat=0
split_feature=2 1 11 9 9 8 3 1 4 4 2 9 6 5
split_gain=2.57432 2.54643 6.80212 5.38913 7.3167 3.24522 11.1555 4.2623 6.87936 2.85778 3.46174 4.74678 10.182 3.36848
threshold=0.010489738363247117 0.018581027803871403 0.011666504914944522 0.025273856757767856 0.03327867382466753 0.58205226585603753 1.6644990741364065 0.024636926091383887 0.75489262941439972 0.25871436652974894 0.011842038905464829 0.0097900541907752527 0.00035943694324695177 -0.040680219043699596
decision_type=2 2 2 2 2 2 2 2 2 2 2 2 2 2
left_child=-1 9 3 5 -5 7 -7 8 -3 10 -2 12 -12 -13
right_child=1 2 -4 4 -6 6 -8 -9 -10 -11 11 13 -14 -15
leaf_value=0.00041551075418040217 -0.034210928412505018 -0.034256582295289294 -0.024366047805356568 0.16950126850965389 0.019200771017687097 -0.034184815173725 0.2073989819068256 -0.034266845332134803 0.1343204859490737 -0.020627309812938206 -0.034420611438280881 -0.034164775654687604 0.18808103152534436 0.024372358443729605
leaf_weight=1436.179722847417 4.5198874268680838 1.2387327775359174 10.133639797568319 1.4551721885800355 1.8255098164081571 1.1340720783919094 0.82582310400903214 4.4674592558294535 1.1832912154495714 44.052794814109802 0.95004655979573671 3.8430446870625019 1.1206861250102518 6.8170879874378425
leaf_count=21492 127 32 293 18 29 32 15 118 23 1212 23 111 22 177
internal_value=-8.08866e-05 -0.00861193 0.0058712 0.0311319 0.0858677 0.0108399 0.0676091 -0.00530958 0.0481025 -0.0138718 0.00337961 0.0167255 0.0859979 0.00326935
internal_weight=1519.75 83.5672 22.2637 12.1301 3.28068 8.84938 1.9599 6.88948 2.42202 61.3035 17.2508 12.7309 2.07073 10.6601
internal_count=23724 2232 560 267 47 220 47 173 55 1672 460 333 45 288
is_linear=0
shrinkage=0.05


Tree=194
num_leaves=15
num_cat=0
split_feature=8 9 9 11 5 9 2 5 1 9 2 7 1 5
split_gain=1.81006 3.19604 2.05319 3.75429 5.13688 3.31744 4.12819 3.94042 6.26454 6.37176 4.38546 4.12783 5.72065 5.04601
threshold=0.76306965653910852 0.0099264539062929227 0.03327867382466753 0.0097632359222385705 -0.045333842948068477 0.023815479227886193 0.005094266649085015 -0.029318712833015254 -0.0081784041202534827 0.030714632034214585 0.011211100113581379 0.0068052137805927043 0.012801139528117778 0.018430278859666294
decision_type=2 2 2 2 2 2 2 2 2 2 2 2 2 2
left_child=2 -2 5 4 -4 -1 -7 -8 10 11 -9 12 -10 -14
right_child=1 -3 3 -5 -6 6 7 8 9 -11 -12 -13 13 -15
leaf_value=-0.00011086484068194131 -0.013098261373851889 0.021157348188541446 -0.053961143651696457 -0.00029958699085473058 -0.0099811971279050414 0.040722051996579661 0.014545060692350379 -0.0052275609316956668 -0.0062697353381359032 0.035308798186246736 -0.037865791023135004 -0.012638839777285289 0.056627263500019412 0.011707885272285164
leaf_weight=8412.6051072180271 9.4594278633594495 24.302454680204391 8.19026070833206 87.435638725757599 35.064066380262375 8.2022727429866773 69.809877455234528 41.081864356994629 28.007124692201614 17.159218817949295 13.732351779937742 31.153565526008606 8.9428296089172381 20.778453797101974
leaf_count=22634 26 67 22 238 94 22 189 110 75 46 37 84 24 56
internal_value=4.57654e-06 0.0115596 -3.98452e-05 -0.0062601 -0.0183089 5.41185e-05 0.00586462 0.00462512 0.000319943 0.00741418 -0.0134043 0.00202896 0.00994454 0.0252237
internal_weight=8815.92 33.7619 8782.16 130.69 43.2543 8651.47 238.868 230.665 160.855 106.041 54.8142 88.882 57.7284 29.7213
internal_count=23724 93 23631 354 116 23277 643 621 432 285 147 239 155 80
is_linear=0
shrinkage=0.05


Tree=195
num_leaves=15
num_cat=0
split_feature=3 4 2 9 7 4 11 9 3 7 6 11 5 5
split_gain=1.55712 3.30324 2.74145 2.90072 1.67797 4.8806 4.47543 4.39681 4.2332 9.09065 4.88908 4.69636 4.16205 4.13881
threshold=0.18283852646015533 0.76245978085795219 0.0024463473032743676 0.0042573729097074541 0.010940470433647913 0.15745176157587812 0.016491339077259495 0.013661440816830626 0.44513718674437597 0.011310198135724153 -0.0069330845738007499 0.01968614190591576 -0.0053673131744806221 -0.0322304452812446
decision_type=2 2 2 2 2 2 2 2 2 2 2 2 2 2
left_child=1 2 -1 -4 6 7 -2 -6 11 -10 13 12 -7 -11
right_child=4 -3 3 -5 5 8 -8 -9 9 10 -12 -13 -14 -15
leaf_value=-0.045318258535899082 -6.9198753446384451e-06 0.018953187368628825 0.0096361585127692669 -0.02892298741297239 -0.039867219421247456 -0.019986795237003724 -0.027479283104973624 0.00013571911376219944 0.03461283392201759 -0.019134997922097972 -0.010611011015695969 0.048085802418104381 0.026828308776347107 0.017135578350287964
leaf_weight=7.1578449904918697 8549.5671208500862 7.3766864240169516 10.014098018407823 9.5086720883846265 10.597990036010744 7.6342484652996072 14.85034793615341 19.522152811288834 20.590637892484665 9.7380596101284009 64.323413997888565 12.539765685796736 12.555973321199417 40.894089251756668
leaf_count=21 23041 20 27 26 29 21 41 55 56 28 180 34 34 111
internal_value=9.2798e-06 -0.0106612 -0.018849 -0.00914428 5.07513e-05 0.00459667 -5.45558e-05 -0.0139396 0.00791452 0.0040176 -0.00146257 0.0240531 0.00912676 0.0101597
internal_weight=8796.87 34.0573 26.6806 19.5228 8762.81 198.396 8564.42 30.1201 168.276 135.546 114.956 32.73 20.1902 50.6321
internal_count=23724 94 74 53 23630 548 23082 84 464 375 319 89 55 139
is_linear=0
shrinkage=0.05


Tree=196
num_leaves=15
num_cat=0
split_feature=2 4 8 2 4 3 7 0 5 4 8 11 5 4
split_gain=2.5088 3.50246 6.55904 3.94983 5.20458 11.4924 12.1013 10.5798 5.81523 6.36156 6.17936 3.98253 4.99408 3.69503
threshold=0.0033529785338916591 0.90787266351408036 0.34821787237967278 0.003075675311163662 0.24356498290620945 0.63698384994228663 0.003695654684996867 -0.0018193537037738659 0.0073560833372420783 0.82549018965502186 0.45368098165190002 0.0028080486403383796 0.0011467444686624974 0.48110390882960791
decision_type=2 2 2 2 2 2 2 2 2 2 2 2 2 2
left_child=1 3 -3 -1 5 6 7 -5 10 13 11 12 -6 -10
right_child=-2 2 -4 4 8 -7 -8 -9 9 -11 -12 -13 -14 -15
leaf_value=-0.00051422569466503566 -0.0014207049830116236 0.0087152167998297298 0.066878365759496905 -0.0065632802032408837 0.058745896172959777 -0.0041134808141446537 0.2142726672482409 0.12383788850706468 0.055346633561368125 0.10372531525729192 0.076107889030543996 -0.0159250458090789 -0.0367566653905924 0.00025087002457056991
leaf_weight=349.35833076387644 1058.9310528691858 31.022693861275911 5.7447035163640967 3.4755245596170421 4.1974689215421668 8.03288960829377 1.4012943767011163 2.8155174553394313 4.4101908132433918 2.5059454105794421 2.2464545890688887 33.630608331412077 2.0313425399363041 9.8173495791852456
leaf_count=3945 18460 308 46 45 41 112 19 30 57 29 32 454 19 127
internal_value=-8.07005e-05 0.0029994 0.0178029 0.00171547 0.0121623 0.0377147 0.0813948 0.051797 0.00533324 0.0302676 -0.00457602 -0.00912332 0.0276006 0.0173292
internal_weight=1519.62 460.69 36.7674 423.923 74.5646 15.7252 7.69234 6.29104 58.8394 16.7335 42.1059 39.8594 6.22881 14.2275
internal_count=23724 5264 354 4910 965 206 94 75 759 213 546 514 60 184
is_linear=0
shrinkage=0.05


Tree=197
num_leaves=15
num_cat=0
split_feature=4 9 0 7 2 9 7 5 8 3 5 7 0 5
split_gain=1.75636 2.41014 2.73845 2.50837 3.76447 2.7743 3.4517 3.57817 4.74478 3.05103 4.52143 3.46696 3.27439 3.49315
threshold=0.95954803765495744 0.0033132250139189822 0.0015934071874316379 0.0018732274576334651 0.0027311234301174319 0.0041882141276425337 0.0030645698706937403 -0.014922527269301789 0.23538391769561165 0.94720474764911777 -0.0048414542536824234 0.003449405966315636 0.0075904992025888881 0.0087731286373220942
decision_type=2 2 2 2 2 2 2 2 2 2 2 2 2 2
left_child=-1 2 -2 4 -3 -5 -7 8 -8 12 -11 -12 -9 -14
right_child=1 3 -4 5 -6 6 7 9 -10 10 11 -13 13 -15
leaf_value=0.00013978435417190036 -0.0047366887869281773 -0.0091466261819446986 -0.035902766023411949 0.019058684241158072 0.032343562017901027 -0.015084575530752695 -0.035508089751572255 0.0018438201497735587 -0.00020224731920426959 0.047241509290443497 0.037316508190926571 0.0006361624248943478 -0.0014342891160466513 -0.041156602509980766
leaf_weight=8503.1717639565468 17.427981913089756 9.8460845649242419 11.834275990724562 12.799050509929655 12.292448759078978 61.487106740474701 16.254501581192017 62.311337023973465 22.955445468425751 7.40112081170082 7.4530469477176657 47.488718330860138 11.513010412454607 10.658451259136198
leaf_count=22875 48 27 33 35 33 169 45 169 62 20 20 128 31 29
internal_value=4.65135e-06 -0.00368151 -0.0173409 -0.00226642 0.0138909 -0.00364049 -0.00481423 -0.00141975 -0.0148383 0.00216369 0.0105541 0.00561198 -0.00402789 -0.0205299
internal_weight=8814.89 311.723 29.2623 282.46 22.1385 260.322 247.523 186.036 39.2099 146.826 62.3429 54.9418 84.4828 22.1715
internal_count=23724 849 81 768 60 708 673 504 107 397 168 148 229 60
is_linear=0
shrinkage=0.05


Tree=198
num_leaves=15
num_cat=0
split_feature=2 7 5 8 8 11 11 8 0 8 6 1 3 9
split_gain=1.50396 6.20912 3.38471 5.62358 3.32795 4.73339 4.64231 5.85886 5.27511 6.36262 4.60767 6.43985 4.55862 5.86082
threshold=0.0021665971983351245 0.001257538979650805 0.0089843916921579572 0.16331799968673597 0.37305420300378372 0.0062423387181435265 0.0028488090083331617 0.2127810300355599 0.0015934071874316379 0.047991730947975542 -0.00053649112915467149 -0.0051761437706477837 0.64489783961231695 0.0038990673594183063
decision_type=2 2 2 2 2 2 2 2 2 2 2 2 2 2
left_child=2 -2 4 -4 5 6 -1 8 9 10 -8 -12 13 -9
right_child=1 -3 3 -5 -6 -7 7 12 -10 -11 11 -13 -14 -15
leaf_value=-0.0045233009689549051 0.017440388748729958 7.341481960672873e-05 -0.020889644664917491 0.024927356208077036 -0.015078294835057481 -0.037090121557199887 -0.019281728015069367 0.025508525632523552 0.026573387402049616 -0.016837356767227505 -0.010010891915842401 0.04991745196577374 0.042799187345961026 -0.020156054087550127
leaf_weight=343.25209546089172 51.792620629072189 8164.9477741718292 9.1164472401142103 25.23843714594841 54.964025676250458 9.4804999232292158 7.6440137922763851 20.256112694740299 14.526585847139357 49.796655833721161 7.313090026378636 11.583090126514431 15.607398480176924 10.758421510457991
leaf_count=952 139 21987 25 68 152 26 21 55 39 137 20 32 42 29
internal_value=9.25224e-06 0.000182884 -0.00245252 0.0127693 -0.00341173 -0.00210366 -0.0014137 0.00634987 -0.0010436 -0.006299 0.0134738 0.0267243 0.0207593 0.00966825
internal_weight=8796.28 8216.74 579.537 34.3549 545.182 490.218 480.737 137.485 90.8634 76.3368 26.5402 18.8962 46.6219 31.0145
internal_count=23724 22126 1598 93 1505 1353 1327 375 249 210 73 52 126 84
is_linear=0
shrinkage=0.05


Tree=199
num_leaves=15
num_cat=0
split_feature=0 0 8 3 2 3 11 4 6 3 2 9 2 5
split_gain=2.44486 2.74571 3.42753 6.93589 5.63576 6.78467 10.9056 5.12467 4.09621 7.8121 7.99297 6.57889 6.0776 4.1789
threshold=-0.0043836566051889013 0.0014669228573193163 0.12105827774657318 2.1127265945038727 0.0012136271864110692 0.73768823680009199 0.0022938787970164204 0.37070477810606745 -0.0087748349923379345 1.2056055103177405 0.0062137679073511727 0.0052424367085911099 0.0054154923494565037 0.020051729224312569
decision_type=2 2 2 2 2 2 2 2 2 2 2 2 2 2
left_child=-1 2 3 8 5 6 -4 -5 9 10 11 -2 -13 -10
right_child=1 -3 4 7 -6 -7 -8 -9 13 -11 -12 12 -14 -15
leaf_value=-0.0054351598123047939 0.13229539681777455 -0.0021060786268150768 -0.028730932779578569 0.013438490241337784 -0.0007494637877171282 0.10042585959072953 0.086979072467720034 0.12314373714696945 0.0034367227889232493 0.11517134158048595 -0.01612088814767525 -0.035278810983354433 0.09654765680218251 0.042240455816330437
leaf_weight=186.95391825772822 2.0787501186132413 533.71571173518896 5.7151939272880536 2.0581738837063304 497.96589561365545 2.9137919768691054 3.1634755060076714 2.2049333862960339 261.66981161944568 2.3284503612667313 7.9899428449571133 2.0671768188476567 1.5151441618800161 7.1273093875497571
leaf_count=4042 23 8740 44 31 7093 25 20 31 3336 34 137 28 19 121
internal_value=-8.06499e-05 0.000670597 0.00252583 0.00687539 5.95693e-05 0.034223 0.0124966 0.0701794 0.00592773 0.0305224 0.0160838 0.061537 0.0204772 0.00446563
internal_weight=1519.47 1332.51 798.798 289.04 509.758 11.7925 8.87867 4.26311 284.777 15.9795 13.651 5.66107 3.58232 268.797
internal_count=23724 19682 10942 3760 7182 89 64 62 3698 241 207 70 47 3457
is_linear=0
shrinkage=0.05


Tree=200
num_leaves=15
num_cat=0
split_feature=11 9 3 4 11 11 7 2 7 5 3 2 8 8
split_gain=1.73844 3.76219 3.13663 3.04957 2.96924 3.62027 4.85912 4.63344 6.42251 5.49849 4.78668 4.19144 4.535 4.18967
threshold=0.0014613150331545589 0.0014654606547742949 0.41068733619592801 0.81539401918375032 0.00215330933363799 0.002517617141137398 0.001257538979650805 0.0022052682076546784 0.0015677943497392785 -0.0048414542536824234 1.6253056947993019 0.0017797757947049489 0.22737957811798759 0.31456449442272977
decision_type=2 2 2 2 2 2 2 2 2 2 2 2 2 2
left_child=1 -1 -3 -4 -2 6 -6 11 10 -10 -9 12 -8 -11
right_child=4 2 3 -5 5 -7 7 8 9 13 -12 -13 -14 -15
leaf_value=-0.014370951938021246 -0.0054931186699826518 -0.015307742915687468 0.013199576600126231 0.047600405547163667 -0.013468541727647637 -6.6023923670045412e-05 -0.0049493317538530576 0.0064620551517216226 -0.043695038543993148 0.011608832810490161 0.04314556902478927 0.029331948891329701 0.039528323756455812 -0.029691721241621918
leaf_weight=14.906169354915617 244.25599572062492 7.8297330737113944 38.936034888029099 7.7195719778537741 26.429001301527023 8290.3258416950703 24.616717517375946 59.772496998310089 10.817543655633925 19.001221269369129 10.446919202804564 42.612712919712067 7.4701719582080832 9.0724732875823957
leaf_count=40 658 21 106 21 71 22314 66 160 29 51 28 114 20 25
internal_value=4.66968e-06 0.00788746 0.0139769 0.0188915 -5.78815e-05 9.82951e-05 0.00657786 0.00946021 0.00289177 -0.0134084 0.0119197 0.0190545 0.00540554 -0.00173812
internal_weight=8814.21 69.3915 54.4853 46.6556 8744.82 8500.57 210.239 183.81 109.111 38.8912 70.2194 74.6996 32.0869 28.0737
internal_count=23724 188 148 127 23536 22878 564 493 293 105 188 200 86 76
is_linear=0
shrinkage=0.05


Tree=201
num_leaves=15
num_cat=0
split_feature=6 3 5 2 0 8 5 1 9 9 11 4 8 1
split_gain=1.47929 4.97827 4.73856 5.26144 3.88945 4.01371 3.71857 3.54741 3.49051 4.42015 3.0846 3.80869 3.29015 3.07248
threshold=-0.022106962150382051 2.2476998305945233 0.081784525068783295 0.020243024887889313 -0.00015204324886663022 0.43392119302866422 0.081784525068783295 -0.036213110291332173 0.01777258741688036 0.012244337497693396 0.016491339077259495 0.9702298391605042 0.22351038926493344 0.033169229274882979
decision_type=2 2 2 2 2 2 2 2 2 2 2 2 2 2
left_child=1 4 3 -2 13 10 8 -5 9 -3 11 -6 -12 -1
right_child=2 6 -4 7 5 -7 -8 -9 -10 -11 12 -13 -14 -15
leaf_value=0.0064518296540570109 -8.1292420771322726e-05 0.0069582728224958359 0.027129628919913402 0.0016174891962679784 0.014617600980386981 0.028193057174982203 -0.036798204590940686 -0.032213642821420883 0.0048162981100878148 -0.030151572864647522 -0.037311658944383749 -0.021870005518397059 0.010039055132801445 -0.022315202778669625
leaf_weight=22.692789733409882 8468.1441791951656 13.396125137805937 15.937475651502607 12.164126217365263 81.820681691169739 31.995266199111938 8.4945518970489484 21.345611423254013 61.345922887325287 20.009847223758698 7.2340087890624982 7.8369931876659384 7.4434585869312286 15.706178992986677
leaf_count=62 22829 36 43 36 220 87 24 64 165 54 20 21 20 43
internal_value=8.66414e-06 0.00359804 -0.000108477 -0.000159538 0.00874156 0.0127006 -0.0051066 -0.0199328 -0.00226543 -0.0152702 0.00794976 0.0114282 -0.0132985 -0.00531464
internal_weight=8795.57 277.976 8517.59 8501.65 174.729 136.33 103.246 33.5097 94.7519 33.406 104.335 89.6577 14.6775 38.399
internal_count=23724 752 22972 22929 473 368 279 100 255 90 281 241 40 105
is_linear=0
shrinkage=0.05


Tree=202
num_leaves=15
num_cat=0
split_feature=2 1 11 9 3 8 8 3 4 2 5 4 1 8
split_gain=2.39251 2.41012 6.26334 4.56072 6.05357 3.05184 4.9217 5.71962 2.75509 3.28237 4.34725 4.79263 6.89164 5.22594
threshold=0.010489738363247117 0.018581027803871403 0.011666504914944522 0.025273856757767856 2.34915876472953 0.2199296641342352 0.2642500908749828 1.6887556892487774 0.25871436652974894 0.011842038905464829 -0.047740193668498125 0.22223169784145394 -0.0073264211002670122 0.10974312333784685
decision_type=2 2 2 2 2 2 2 2 2 2 2 2 2 2
left_child=-1 8 3 5 -5 -3 -7 -8 9 -2 -11 12 13 -12
right_child=1 2 -4 4 -6 6 7 -9 -10 10 11 -13 -14 -15
leaf_value=0.00039706700357327137 -0.034178749267348318 -0.034278322163510976 -0.024074081759815708 0.14902048829317741 0.017253889862328644 0.11421750738275108 -0.034244852225027218 0.078106103016193751 -0.020303114581799717 -0.034125905793974946 0.13702681933712163 0.12357132941815539 -0.034368004905052131 0.023914623513951041
leaf_weight=1436.5632791165262 4.3575412742793587 2.6863060966134089 9.8654701914638263 1.6067950092256063 1.9051394648849962 1.3441028483211992 3.143264340236783 1.7710797972977159 43.091191882267594 3.2378429174423227 1.4522207230329502 1.2643724046647555 3.50443639978766 3.4400213230401278
leaf_count=21492 127 71 293 16 31 31 86 32 1212 98 28 26 87 94
internal_value=-7.89212e-05 -0.00835023 0.0056869 0.0292571 0.0775403 0.0102998 0.0294341 0.00624529 -0.0135425 0.00333963 0.0160142 0.0328183 0.0191528 0.057491
internal_weight=1519.23 82.6698 22.3222 12.4567 3.51193 8.94475 6.25845 4.91434 60.3476 17.2564 12.8989 9.66105 8.39668 4.89224
internal_count=23724 2232 560 267 47 220 149 118 1672 460 333 235 209 122
is_linear=0
shrinkage=0.05


Tree=203
num_leaves=15
num_cat=0
split_feature=8 9 0 11 3 1 8 1 5 8 11 1 4 5
split_gain=1.72413 2.99659 1.96097 4.80509 2.47477 2.70652 2.3455 2.8723 3.63294 3.052 2.28337 2.21109 4.01092 5.02676
threshold=0.76306965653910852 0.0099264539062929227 -0.019438778248737482 0.014881465813066343 3.8207666386489652 -0.0074792259783288033 0.10974312333784685 -0.050096861570272537 -0.029318712833015254 0.26228726694063664 0.0097632359222385705 0.0040669703069970012 0.15745176157587812 -0.039230939470647423
decision_type=2 2 2 2 2 2 2 2 2 2 2 2 2 2
left_child=2 -2 3 4 5 6 -1 -8 -9 -10 -6 12 13 -4
right_child=1 -3 11 -5 10 -7 7 8 9 -11 -12 -13 -14 -15
leaf_value=-0.032327665771947088 -0.012605021997697755 0.020600897638251025 0.021336790198504953 0.024290009102351202 -0.035107162065469447 0.023186863088369713 -0.032950358027772984 0.015804629305597492 0.0071086729500698239 -0.033447972157830914 -0.0065457263267111503 -0.0010598024602444533 5.5823109223031157e-05 0.0029211088277314797
leaf_weight=8.9774630367755872 9.4394442737102491 24.244543939828873 38.778262078762054 11.001288473606108 16.3478217124939 7.4384365677833548 7.3963459730148235 20.097369730472558 8.5775474309921425 10.101849108934401 12.234827637672423 2983.8238960802555 4821.0626310706139 834.09456160664558
leaf_count=24 26 67 105 31 44 20 20 54 23 27 33 8073 12942 2235
internal_value=4.95753e-06 0.0112954 -3.83581e-05 -0.00692481 -0.0106914 -0.00512452 -0.00894302 -0.00439633 0.00105012 -0.0148244 -0.0228814 4.27239e-05 0.000620487 0.00373924
internal_weight=8813.62 33.684 8779.93 102.173 91.1717 62.589 55.1506 46.1731 38.7768 18.6794 28.5826 8677.76 5693.94 872.873
internal_count=23724 93 23631 276 245 168 148 124 104 50 77 23355 15282 2340
is_linear=0
shrinkage=0.05


Tree=204
num_leaves=15
num_cat=0
split_feature=3 4 2 9 8 3 3 2 11 1 5 11 7 4
split_gain=1.455 3.06793 2.59593 2.72031 1.66252 2.80934 3.73947 3.34251 3.12974 4.58338 2.35872 1.91949 1.7538 4.52724
threshold=0.18283852646015533 0.76245978085795219 0.0024463473032743676 0.0042573729097074541 0.0033323611128471156 0.69929959583562884 0.91475657600848159 0.0072847347014989927 0.0062995716621106453 0.001236052346096214 -0.0018579337004621867 0.0043617116594206725 0.010940470433647913 0.15745176157587812
decision_type=2 2 2 2 2 2 2 2 2 2 2 2 2 2
left_child=1 2 -1 -4 5 8 -7 10 9 11 -8 -2 -6 -14
right_child=4 -3 3 -5 12 6 7 -9 -10 -11 -12 -13 13 -15
leaf_value=-0.044264083350514023 -0.026324595243117838 0.018170379995582197 0.0093103813695035124 -0.028063849185577791 -0.00012154768997112202 0.038665616706475024 0.010119082358533137 0.032620877848369617 -0.028335240245962554 0.037822003085923657 -0.027373032132726495 0.0089530002314437938 -0.013252660690048679 0.0078453716825220513
leaf_weight=7.0481246113777187 7.9626585841178912 7.3881757259368888 10.016830146312715 9.4731621742248517 8493.1696383357048 13.021194547414778 9.2257883846759814 7.8075208961963645 8.9066193103790265 7.7801051437854758 7.693222492933276 7.4763406217098236 29.974951267242432 167.57235559821129
leaf_count=21 22 20 27 26 22894 35 25 21 24 21 21 20 84 463
internal_value=8.51769e-06 -0.0103261 -0.0182595 -0.00885546 4.85395e-05 0.00773026 0.0169793 0.00555912 -0.00313737 0.00652829 -0.00692891 -0.00924141 -1.32216e-05 0.00464405
internal_weight=8794.52 33.9263 26.5381 19.49 8760.59 69.8734 37.7477 24.7265 32.1257 23.2191 16.919 15.439 8690.72 197.547
internal_count=23724 94 74 53 23630 189 102 67 87 63 46 42 23441 547
is_linear=0
shrinkage=0.05


Tree=205
num_leaves=15
num_cat=0
split_feature=11 6 9 5 6 0 4 4 4 0 3 1 1 8
split_gain=2.3218 6.53906 4.29597 4.99196 4.24315 3.65644 3.4538 4.31074 4.22595 5.26392 6.58022 3.48942 13.6572 3.37493
threshold=0.0038459536920093297 -0.009149089522027247 0.017274197195704565 -0.024013387532873808 -0.010052461101675349 0.0051702257285906614 0.012659779422029878 0.090459715025352633 0.099014599340351631 -0.0020629868828319704 1.3513743576279225 -0.011416164317753507 -0.0057768569923075481 0.016140332272397296
decision_type=2 2 2 2 2 2 2 2 2 2 2 2 2 2
left_child=1 4 3 -3 -1 13 11 -8 9 10 -9 -2 -13 -5
right_child=6 2 -4 5 -6 -7 7 8 -10 -11 -12 12 -14 -15
leaf_value=0.016693309594127747 -0.034711112831520362 0.075621596980136263 0.06030403815460509 0.019425298766636703 0.072641931093254633 -0.029669586019445589 -0.015623475701820259 -0.022309068755710336 -0.0012078629287727359 0.11501134727621785 0.08772115140440731 0.16437111906902152 0.0099245197943772893 0.00055322580711467107
leaf_weight=10.417706042528151 1.9642622843384732 2.2519552186131468 3.1143315732479087 25.183152392506599 5.0226745754480353 9.5142055451869947 52.46638154797256 4.0707961022853851 992.32686236687005 1.6521409675478924 2.0396104380488396 1.7563259936869133 7.7356834113597861 399.55506643652916
leaf_count=123 37 29 39 259 49 154 1038 82 17193 20 40 30 114 4517
internal_value=-7.77366e-05 0.00291131 0.00178804 0.00137054 0.0348931 0.000985491 -0.0013561 -0.0016533 -0.000920396 0.035828 0.0144182 0.0259491 0.0385021 0.00167217
internal_weight=1519.07 455.059 439.619 436.504 15.4404 434.252 1064.01 1052.56 1000.09 7.76255 6.11041 11.4563 9.49201 424.738
internal_count=23724 5170 4998 4959 172 4930 18554 18373 17335 142 122 181 144 4776
is_linear=0
shrinkage=0.05


Tree=206
num_leaves=15
num_cat=0
split_feature=3 3 7 3 8 8 5 9 6 8 9 11 2 1
split_gain=1.74108 4.02905 3.973 5.59929 4.08878 4.09778 10.5718 10.2285 8.46772 7.04434 8.3291 6.25941 5.93571 5.71179
threshold=0.50525055043628619 0.50885654936820479 0.011310198135724153 0.25723495176155292 0.60125320032255647 0.33395327521088319 -0.010924166147606417 0.0037676858953138068 0.0020884386866159006 0.22187114742601852 0.0044923011201555476 0.012854620989384774 0.004881113219827587 0.0024556256625401099
decision_type=2 2 2 2 2 2 2 2 2 2 2 2 2 2
left_child=2 -2 4 -4 5 9 8 12 -7 -1 -11 13 -8 -12
right_child=1 -3 3 -5 -6 6 7 -9 -10 10 11 -13 -14 -15
leaf_value=-0.0019612410945227935 0.017315484311408873 0.00029335825908098634 0.020300735997234323 -0.026173105847309738 0.01920527531738931 -0.002059444762728875 -0.0019447487588376646 -0.017057001588862364 0.033572075314311889 -0.0036247267017532297 0.0077684425145807942 -0.024697597038078681 0.034164310307780228 0.025179086766359271
leaf_weight=1199.8960104286671 34.940834999084473 6823.0789056122303 8.1109714210033399 32.255603313446045 24.753132045269012 46.145660996437073 67.938943028450012 190.17713949084282 26.107378423213959 133.75772655010223 125.33475422859192 10.838175088167189 13.67115595936775 75.473023384809494
leaf_count=3225 94 18366 22 88 67 125 185 516 70 361 336 29 37 203
internal_value=4.89969e-06 0.000380084 -0.00131159 -0.016835 -0.000984213 -0.00124872 -0.00618377 -0.0107029 0.0108154 -0.000150003 0.00614205 0.0123145 0.00410417 0.0143122
internal_weight=8812.48 6858.02 1954.46 40.3666 1914.09 1889.34 344.04 271.787 72.253 1545.3 345.404 211.646 81.6101 200.808
internal_count=23724 18460 5264 110 5154 5087 933 738 195 4154 929 568 222 539
is_linear=0
shrinkage=0.05


Tree=207
num_leaves=15
num_cat=0
split_feature=1 8 3 6 11 4 5 4 9 1 6 7 7 1
split_gain=1.424 4.4904 3.92075 4.72392 3.59555 2.91214 5.77507 3.09753 3.29435 3.34209 2.6187 4.25023 5.43521 4.48483
threshold=-0.031665980329646175 0.079236187012099488 2.34915876472953 0.023348938664238757 0.014881465813066343 0.24016381808010556 -0.051562851520038401 0.36681039966848894 0.01035397921769759 -0.036213110291332173 0.028437957058646591 0.0097990027104593938 0.0085089341329153811 -0.036213110291332173
decision_type=2 2 2 2 2 2 2 2 2 2 2 2 2 2
left_child=1 -1 3 5 -4 6 -3 -7 -9 -10 -5 12 13 -12
right_child=-2 2 4 10 -6 7 -8 8 9 -11 11 -13 -14 -15
leaf_value=0.034921361529790744 -9.8875809369393939e-05 -0.0151449566815141 0.01442403513157068 -0.026920638522174752 -0.022467897593287853 -0.024365488441802408 0.039525765870132873 -0.017391011487590504 0.0023019934575177468 0.035559842861803845 0.0031442730656804233 -0.031316101243376214 0.036832708324031072 -0.040598856788848676
leaf_weight=11.050778925418852 8550.9506019055843 7.1935943663120296 74.172891080379486 20.179682493209839 7.2500968575477591 10.537730753421782 14.70427232980728 11.472445607185362 22.160260766744607 11.460450202226644 23.947747886180878 12.44091960787773 8.8117082715034467 7.7577514350414303
leaf_count=30 23059 20 201 55 22 29 40 31 61 31 65 35 24 21
internal_value=8.41197e-06 0.00378159 0.0022989 -0.00247851 0.0111391 0.00612058 0.0215661 4.08081e-05 0.00574427 0.0136388 -0.0115939 -0.00575359 0.00209544 -0.00755886
internal_weight=8794.09 243.14 232.09 150.667 81.423 77.5288 21.8979 55.6309 45.0932 33.6207 73.1378 52.9581 40.5172 31.7055
internal_count=23724 665 635 412 223 212 60 152 123 92 200 145 110 86
is_linear=0
shrinkage=0.05


Tree=208
num_leaves=15
num_cat=0
split_feature=9 4 9 8 1 6 6 7 6 8 7 3 11 6
split_gain=2.30783 3.18203 4.18538 3.29158 3.4537 6.41811 3.67992 3.12249 2.72107 10.1197 3.74228 5.33019 2.8595 7.2567
threshold=0.013931500405169009 0.90358676573915087 0.015461215895963588 0.42111881556037767 0.017590730389775988 -0.027383224043401749 0.013347247429518766 0.0082612883454852831 0.024751653919641625 0.12738878394610445 0.0058682284340119666 1.6644990741364065 0.013297268085721618 0.0115813458522464
decision_type=2 2 2 2 2 2 2 2 2 2 2 2 2 2
left_child=8 -2 -3 4 6 -6 7 -4 12 -10 11 -11 -1 -14
right_child=1 2 3 -5 5 -7 -8 -9 9 10 -12 -13 13 -15
leaf_value=0.00021354414229138394 -0.008311536940270486 -0.034536672010114754 -0.019105117723730896 -0.021539183002895434 0.0054578735244217736 0.096975866207214795 0.090766836093599049 0.059486192860584923 0.13671083115465385 0.11261297919787223 -0.034961074847065801 -0.034649222031200903 0.01240058092432501 0.146048072233815
leaf_weight=1325.141944238916 147.56064300052822 4.1872723009437349 6.3229133579880052 3.8297331966459742 3.5773758683353662 4.1243956200778475 1.1943945921957491 1.5795693285763261 1.7304999977350224 1.3551486767828467 3.3955000005662441 1.1242340318858621 12.712618174031375 1.1038757488131512
leaf_count=19228 3645 90 115 85 52 51 25 29 20 23 63 21 258 19
internal_value=-7.8432e-05 -0.00552567 0.0110399 0.0202913 0.0298277 0.0544669 0.00896725 -0.00339608 0.000618879 0.0304418 -0.000860755 0.0458394 0.000449483 0.0230784
internal_weight=1518.94 172.376 24.8157 20.6284 16.7986 7.70177 9.09688 7.90248 1346.56 7.60538 5.87488 2.47938 1338.96 13.8165
internal_count=23724 4092 447 357 272 103 169 144 19632 127 107 44 19505 277
is_linear=0
shrinkage=0.05


Tree=209
num_leaves=15
num_cat=0
split_feature=2 11 9 11 7 8 11 7 7 7 9 2 8 5
split_gain=1.69422 4.36366 4.1854 5.14384 4.80015 6.40593 9.87845 7.16816 6.04949 5.37327 5.08815 4.72298 4.46761 6.39453
threshold=0.0046529904876449401 0.0035694002150102383 0.013523055347217313 0.0031072845425029016 0.0035227029569695552 0.60125320032255647 0.0045720688365796514 0.0073077559017716218 0.0034912001765038925 0.0068052137805927043 0.012344865439399331 0.0025795341852325702 0.19188795913070375 0.0049111233585021523
decision_type=2 2 2 2 2 2 2 2 2 2 2 2 2 2
left_child=2 -2 4 -4 8 6 -6 -7 10 11 12 -8 -1 -14
right_child=1 -3 3 -5 5 7 9 -9 -10 -11 -12 -13 13 -15
leaf_value=0.0015421517180340646 0.038940496570462606 0.00054740632963312403 -0.023447960769783702 0.0098826178781044535 -0.056835575550152076 0.031275047428355907 0.004124991935765307 -0.015599486266757957 0.0253284896215972 0.0091731170548714682 -0.016048152654912256 -0.0078740861924983321 0.00038407331826886007 -0.0075359321615064258
leaf_weight=1652.0324319005013 7.4117815196514121 5040.7036044001579 12.58714923262596 144.03455170989037 9.2816130518913251 24.66849747300148 95.236048698425293 12.184340953826903 23.058817088603973 61.911414802074432 50.917322933673859 590.46172058582306 679.91650053858757 407.66593912243843
leaf_count=4431 20 13558 34 387 25 67 256 33 62 167 137 1599 1828 1120
internal_value=5.12454e-06 0.000603776 -0.000797771 0.00720395 -0.00114519 -0.00457914 -0.00557029 0.0157773 -0.000176431 -0.00493383 -0.000387184 -0.00620754 -9.61159e-05 -0.00258464
internal_weight=8812.07 5048.12 3763.96 156.622 3607.33 793.744 756.891 36.8528 2813.59 747.609 2790.53 685.698 2739.61 1087.58
internal_count=23724 13578 10146 421 9725 2147 2047 100 7578 2022 7516 1855 7379 2948
is_linear=0
shrinkage=0.05


Tree=210
num_leaves=15
num_cat=0
split_feature=3 1 6 5 2 9 6 1 7 8 6 9 2 7
split_gain=1.38598 3.5288 4.25002 3.66278 3.55037 3.21487 4.14651 5.16669 4.36043 4.27244 2.93197 2.68978 2.6642 3.86731
threshold=0.25723495176155292 0.010091020175433906 0.0055840993082111792 -0.011926427561377765 0.0076191917478889504 0.0036140777904607245 -0.0011181426787588583 -0.001817207021470909 0.0051240737928553133 0.25083399983812871 -0.0038420862138480363 0.0026308588568438765 0.0040841173617036696 0.0043968578018595619
decision_type=2 2 2 2 2 2 2 2 2 2 2 2 2 2
left_child=1 2 3 -1 5 6 11 -8 9 -9 -7 -5 -12 -14
right_child=-2 -3 -4 4 -6 10 7 8 -10 -11 12 -13 13 -15
leaf_value=-0.028987059832689288 9.6790296448655744e-05 0.018273497894691706 -0.039439035249401511 0.004450160646857485 0.01893372173202959 -0.043455292852393877 0.025017412033738175 -0.018305255375397855 -0.049179548434473717 0.01963839157054241 -0.026695725968827522 0.040325212468382492 -0.025681963616101013 0.021058762519777587
leaf_weight=13.9607657790184 8622.1156584322453 15.539337962865828 9.3270847201347333 12.523518472909922 17.479995489120483 8.1406894326210004 10.395533800125113 24.870969355106368 7.4023004770278922 10.572640866041182 13.545908123254774 8.9650590419769269 7.3412881195545223 11.142124652862547
leaf_count=38 23254 42 26 35 47 22 28 71 21 29 37 24 20 30
internal_value=8.3345e-06 -0.00444636 -0.00671434 -0.00462862 -0.00205979 -0.00525357 0.000878326 -0.00660411 -0.0142763 -0.00698687 -0.016661 0.0194173 -0.00985089 0.00249416
internal_weight=8793.32 171.207 155.668 146.341 132.38 114.9 74.73 53.2414 42.8459 35.4436 40.17 21.4886 32.0293 18.4834
internal_count=23724 470 428 402 364 317 208 149 121 100 109 59 87 50
is_linear=0
shrinkage=0.05


Tree=211
num_leaves=15
num_cat=0
split_feature=11 4 6 2 2 4 11 1 9 5 8 2 0 4
split_gain=2.31515 6.45954 4.68339 3.6929 7.69267 9.01175 5.23628 7.27969 2.52041 6.02378 10.3795 6.16447 3.32321 3.29081
threshold=0.011278502681897345 0.020692419423045106 -0.044103690972887487 0.0085405065221437568 0.0062137679073511727 0.21164068071759837 0.013297268085721618 0.0030809076917555204 0.030714632034214585 -0.01661037939133261 0.20515013488156134 0.0080936594580494781 -0.0065414240202127912 0.91509978688838201
decision_type=2 2 2 2 2 2 2 2 2 2 2 2 2 2
left_child=2 -2 -1 4 -3 -6 -7 -8 12 10 -10 -12 -4 -11
right_child=1 3 8 -5 5 6 7 -9 9 13 11 -13 -14 -15
leaf_value=0.071111121285368034 0.11778222602750291 -0.03449515333037001 -0.0097065928607498637 -0.018862911810947944 0.14153477089932012 -0.022895206329054188 0.0060621196236072305 0.15133929651296477 0.17576958730535905 -0.034518872616178628 0.11662748423752495 -0.0088189020145130765 0.0006066326558908712 0.044994051340785879
leaf_weight=2.3329770639538756 0.9806412011384954 6.1880186684429637 82.875854672864079 45.23203313909471 1.695894919335841 4.3074101693928224 2.4182780943810944 1.3401720151305196 1.4138875268399713 4.6468248851597291 1.31108683347702 3.8699329271912575 1358.3857678305358 1.8074078671634195
leaf_count=29 18 132 1948 1254 29 92 35 21 19 102 16 86 19925 18
internal_value=-7.80581e-05 -0.00952782 0.000325212 -0.0115684 0.00911818 0.0367649 0.0147364 0.0578644 0.000211658 0.0220871 0.0556943 0.022926 1.35985e-05 -0.0122525
internal_weight=1518.81 62.1624 1456.64 61.1818 15.9498 9.76176 8.06586 3.75845 1454.31 13.0491 6.59491 5.18102 1441.26 6.45423
internal_count=23724 1581 22143 1563 309 177 148 56 22114 241 121 102 21873 120
is_linear=0
shrinkage=0.05


Tree=212
num_leaves=15
num_cat=0
split_feature=3 3 7 3 3 8 8 5 9 6 8 9 11 2
split_gain=1.65138 3.76673 3.66506 5.20856 3.92689 3.76747 3.7954 9.86435 9.59278 7.90655 6.65891 7.73139 5.84206 5.61322
threshold=0.50525055043628619 0.50885654936820479 0.011310198135724153 0.25723495176155292 0.37892470556873853 0.60125320032255647 0.33395327521088319 -0.010924166147606417 0.0037676858953138068 0.0020884386866159006 0.22187114742601852 0.0044923011201555476 0.012854620989384774 0.0039136824669126309
decision_type=2 2 2 2 2 2 2 2 2 2 2 2 2 2
left_child=2 -2 5 -4 -5 6 10 9 13 -8 -1 -12 -13 -9
right_child=1 -3 3 4 -6 -7 7 8 -10 -11 11 12 -14 -15
leaf_value=-0.0019210929699420066 0.016740474797871972 0.00028662924375603651 0.019656915914463849 -0.04571612263229527 -0.01034721794063182 0.018421397694360308 -0.0019940196639255353 -0.0043514760793099024 -0.01650341143209675 0.032436837536091993 -0.0034566949685395977 0.013829888233804672 -0.023863683215820355 0.024595609601006908
leaf_weight=1199.6986006200314 34.96146696805954 6822.3305338919163 8.0946592986583692 13.53459909558296 18.677537441253662 24.742109417915344 46.133545339107513 58.07991349697113 189.80792036652565 26.110615760087967 133.68644526600838 200.90246748924255 10.833811640739439 23.532837986946106
leaf_count=3225 94 18366 22 37 51 67 125 158 516 70 361 539 29 64
internal_value=5.13749e-06 0.000370518 -0.00127722 -0.0161981 -0.0252082 -0.000962928 -0.00121685 -0.00596934 -0.0103397 0.01045 -0.000159807 0.00595737 0.0119012 0.00399535
internal_weight=8811.13 6857.29 1953.84 40.3068 32.2121 1913.53 1888.79 343.665 271.421 72.2442 1545.12 345.423 211.736 81.6128
internal_count=23724 18460 5264 110 88 5154 5087 933 738 195 4154 929 568 222
is_linear=0
shrinkage=0.05


Tree=213
num_leaves=15
num_cat=0
split_feature=11 2 8 11 8 2 7 8 9 7 7 7 11 4
split_gain=1.39082 5.81742 6.35947 5.85315 4.75724 8.77334 5.2834 5.21381 5.19476 5.71914 10.8337 4.87555 6.81284 7.37041
threshold=0.004245510018889358 0.0044068505253932197 0.29238533919694248 0.0041971806329756415 0.21620603423673487 0.016186943639037877 0.0024004442900384037 0.33706487615046143 0.0045744857699183874 0.0047975691870753854 0.0041242073450233202 0.014755063973937147 0.01306073468644128 0.79476088152918056
decision_type=2 2 2 2 2 2 2 2 2 2 2 2 2 2
left_child=1 -1 -3 -4 5 6 -2 8 9 10 -6 12 -8 -14
right_child=4 2 3 -5 7 -7 11 -9 -10 -11 -12 -13 13 -15
leaf_value=-0.00018121008395538679 0.018789770094231117 -0.013930474439085403 0.008628624588173088 -0.028746725202226011 0.0026689695860667643 -0.018835343106088521 0.0015902845520092185 0.00073950974293014022 -0.0043888345711115663 -0.010255722683394732 0.041861329533603997 -0.036138490695325702 0.0088429023001699893 0.049343074395934272
leaf_weight=2138.8453671634197 46.571952432394028 165.36714172363281 70.28778076171875 12.309642493724821 67.2627232670784 50.978375613689423 3061.9754884243011 1843.3021187484264 1202.381278604269 37.493869662284851 23.897015959024429 8.4348825514316541 49.009135991334915 14.574164927005766
leaf_count=5810 125 454 189 33 180 146 8217 4972 3238 101 64 23 133 39
internal_value=8.51072e-06 -0.0010217 -0.00827141 0.00305851 0.000392363 0.00174282 0.00207264 -0.000982428 -0.00336708 0.00618215 0.012943 0.00182422 0.00192667 0.0181261
internal_weight=8792.69 2386.81 247.965 82.5974 6405.88 3231.54 3180.57 3174.34 1331.03 128.654 91.1597 3133.99 3125.56 63.5833
internal_count=23724 6486 676 222 17238 8683 8537 8555 3583 345 244 8412 8389 172
is_linear=0
shrinkage=0.05


Tree=214
num_leaves=15
num_cat=0
split_feature=11 4 6 11 6 0 3 2 7 7 0 3 9 0
split_gain=2.21272 3.82724 5.55287 3.69452 5.63534 5.43127 6.63432 6.27048 3.68354 6.60765 8.77128 3.57501 5.93596 5.44296
threshold=0.0068467847198277502 0.89653022615874123 0.00094999830083538576 0.0067801000669412232 0.003810779096056574 0.002942782105137163 0.73372354664517359 0.0061838561454854932 0.0048205122539642332 0.0048508735691086321 -0.0020059096754627627 0.37046935601904352 0.0058570481963600143 0.0034668288672836667
decision_type=2 2 2 2 2 2 2 2 2 2 2 2 2 2
left_child=3 8 11 -1 5 6 7 -5 -2 10 -10 -3 -13 -14
right_child=1 2 -4 4 -6 -7 -8 -9 9 -11 -12 12 13 -15
leaf_value=0.00070222958302058262 -0.018453846203200792 -0.035177224127518017 -0.024098941813091704 0.055015538843610413 -0.03475577725574882 -0.015879054780807686 0.003748252163802326 0.1732352606100761 0.17740463104598225 -0.003975712355993687 -0.0030421139180078377 0.087620869540652138 -0.03480659723429648 0.025111291757026151
leaf_weight=1137.9983947761357 46.19959395378828 2.8344987425953141 9.50158574990928 2.70561910048127 2.7907521277666083 2.6182087138295174 2.5647846348583698 1.9159492179751394 1.173680189996958 272.78961621411145 1.5800968892872322 3.2418547421693793 4.4274734351784018 26.332606628537178
leaf_count=15819 905 43 197 27 53 43 39 24 20 5958 30 38 79 449
internal_value=-7.91716e-05 -0.00345353 0.00998115 0.0010003 0.0279314 0.0457746 0.0682369 0.104026 -0.00538841 -0.00319777 0.0738656 0.0187718 0.0232691 0.016487
internal_weight=1518.67 368.081 46.338 1150.59 12.5953 9.80456 7.18635 4.62157 321.743 275.543 2.75378 36.8364 34.0019 30.7601
internal_count=23724 7719 806 16005 186 133 90 51 6913 6008 50 609 566 528
is_linear=0
shrinkage=0.05


Tree=215
num_leaves=15
num_cat=0
split_feature=4 9 0 7 2 9 7 5 8 7 5 5 3 0
split_gain=1.62892 2.26507 2.5891 2.33541 3.52357 2.60253 3.24308 3.38541 4.46751 2.84289 3.87108 3.35011 3.86381 3.16387
threshold=0.95954803765495744 0.0033132250139189822 0.0015934071874316379 0.0018732274576334651 0.0027311234301174319 0.0041882141276425337 0.0030645698706937403 -0.014922527269301789 0.23538391769561165 0.0034103036180770279 0.0011467444686624974 -0.0051625953338828275 0.93950779427668318 0.016753899415673932
decision_type=2 2 2 2 2 2 2 2 2 2 2 2 2 2
left_child=-1 2 -2 4 -3 -5 -7 8 -8 10 -9 12 -11 -13
right_child=1 3 -4 5 -6 6 7 9 -10 11 -12 13 -14 -15
leaf_value=0.00013523725199208019 -0.004577983406605997 -0.0088970128391386519 -0.034966622927803052 0.018457555962631739 0.031288039531229848 -0.014613835742165925 -0.034575316579163351 -0.0064313714222621627 -0.00024878855526546962 0.0025670771036107399 0.039830431458683702 -0.0081043587843836525 0.046669064088526141 0.015231776124749278
leaf_weight=8499.2480634450912 17.398650735616688 9.8182329833507556 11.737836748361586 12.825078725814818 12.274924039840696 61.317543566226959 16.147767573595047 7.7917511165142086 22.950317293405533 15.222102344036104 10.775615602731703 88.138484001159668 7.371368706226348 17.390273749828339
leaf_count=22875 48 27 33 35 33 169 45 21 62 41 29 239 20 47
internal_value=5.15345e-06 -0.00354805 -0.0168203 -0.00217687 0.0134297 -0.00350337 -0.00464317 -0.00135245 -0.0144259 0.00213209 0.0204168 -0.000517708 0.0169558 -0.00425876
internal_weight=8810.41 311.16 29.1365 282.023 22.0932 259.93 247.105 185.788 39.0981 146.69 18.5674 128.122 22.5935 105.529
internal_count=23724 849 81 768 60 708 673 504 107 397 50 347 61 286
is_linear=0
shrinkage=0.05


Tree=216
num_leaves=15
num_cat=0
split_feature=6 3 5 2 11 11 9 5 1 9 8 11 3 1
split_gain=1.40992 4.58834 4.30798 4.84226 3.69 4.70462 4.63447 3.51422 3.51241 3.3015 4.20997 3.06939 2.96319 2.83867
threshold=-0.022106962150382051 2.2476998305945233 0.081784525068783295 0.020243024887889313 0.0079790947320500395 0.0074697355652335717 0.0086570805093953516 0.081784525068783295 -0.036213110291332173 0.01777258741688036 0.37607283652255813 0.0062684967740596238 4.6856609021149556 0.02673963593552409
decision_type=2 2 2 2 2 2 2 2 2 2 2 2 2 2
left_child=1 4 3 -2 5 6 -1 9 -5 10 -3 -8 13 -11
right_child=2 7 -4 8 -6 -7 11 -9 -10 12 -12 -13 -14 -15
leaf_value=0.038891762398630889 -7.9672713827674032e-05 -0.033882677201932436 0.025914662930543571 0.0022924714933370309 0.0038053349756466586 0.048332696316111201 0.023889011478101956 -0.03582165649787749 -0.031511111347975768 -0.009470735425764135 0.0017438842230274719 -0.010944931191216239 -0.01435354739196306 0.018581140856070138
leaf_weight=11.200421869754789 8464.9028181731701 15.447052180767058 15.877158701419829 12.079552441835402 123.80811005830765 11.256115496158598 9.5723466575145739 8.4106140434741956 21.120992213487625 12.298005670309065 17.902701050043106 18.635196208953857 15.203180015087126 33.818047255277634
leaf_count=31 22829 42 43 36 335 31 26 24 64 33 48 50 41 91
internal_value=8.51958e-06 0.00351547 -0.000105805 -0.00015442 0.00845686 0.0198238 0.0116808 -0.00484831 -0.0192122 -0.00209657 -0.0147577 0.000876112 0.00478948 0.0111004
internal_weight=8791.53 277.552 8513.98 8498.1 174.472 50.6641 39.408 103.08 33.2005 94.669 33.3498 28.2075 61.3192 46.1161
internal_count=23724 752 22972 22929 473 138 107 279 100 255 90 76 165 124
is_linear=0
shrinkage=0.05


Tree=217
num_leaves=15
num_cat=0
split_feature=8 6 9 2 7 4 8 8 2 0 5 6 4 11
split_gain=2.2096 7.29871 16.4505 4.66237 5.62344 5.80508 4.19453 4.26463 8.25377 8.94724 8.01571 9.49022 7.08711 9.52681
threshold=0.095916637171342647 0.028437957058646591 0.018012786618767953 0.0012136271864110692 0.0011579278644673365 0.48443920568175886 0.1957926954067897 0.23329264116700596 0.0046271452041844055 4.18639362014345e-05 0.0025581502408255252 0.0029802563379278178 0.75148908594547115 0.0054214921854689275
decision_type=2 2 2 2 2 2 2 2 2 2 2 2 2 2
left_child=1 -1 -3 4 -2 -6 -5 8 9 10 -8 -12 13 -11
right_child=3 2 -4 6 5 -7 7 -9 -10 12 11 -13 -14 -15
leaf_value=0.002505589957198072 -0.0046591036243706987 0.2286564623404701 -0.03443407610682532 -0.0060412837160100019 0.10302868163465216 0.017183348327377161 -0.0141285103252287 -0.0011487763100083703 -0.004346049457235642 0.049545708173667789 0.01917429563696578 0.15065840602882333 0.013389766920209212 0.16619795867279619
leaf_weight=418.57014034315944 7.7067719250917417 1.1294761225581162 1.2536591719835994 362.00214654393494 3.5362788736820221 4.4442810267210007 21.067911721765999 601.63644656352699 57.443099215626717 14.659308131784206 9.1289894692599756 1.6151745282113541 12.269537348300217 1.9875616095960129
leaf_count=6071 63 12 30 5570 24 31 284 10081 1054 182 109 24 158 31
internal_value=-7.735e-05 0.00300237 0.0902565 -0.0012586 0.0258042 0.0552224 -0.00165104 0.000556882 0.00924075 0.0220925 0.00379489 0.0389404 0.0422224 0.0634735
internal_weight=1518.45 420.953 2.38314 1097.5 15.6873 7.98056 1081.81 719.808 118.172 60.7285 31.8121 10.7442 28.9164 16.6469
internal_count=23724 6113 42 17611 118 55 17493 11923 1842 788 417 133 371 213
is_linear=0
shrinkage=0.05


Tree=218
num_leaves=15
num_cat=0
split_feature=8 11 4 6 7 2 11 7 7 9 11 7 4 3
split_gain=1.588 3.34541 2.93207 1.88415 6.89537 6.77483 4.43625 6.04236 4.16778 3.91968 3.71951 4.48819 4.14848 2.96011
threshold=0.76306965653910852 0.0050572816872082359 0.46171834650037308 0.026415941827387292 0.006270109568075422 0.008801385875178298 0.014881465813066343 0.0068740843864017786 0.0059584613673802677 0.026371466663028389 0.0067105931145609258 0.005296988340850896 0.11500611347939595 4.6856609021149556
decision_type=2 2 2 2 2 2 2 2 2 2 2 2 2 2
left_child=3 -2 -3 13 8 -6 7 9 10 -7 -5 -12 -13 -1
right_child=1 2 -4 4 5 6 -8 -9 -10 -11 11 12 -14 -15
leaf_value=1.1444178993283275e-05 -0.020000503345459431 0.043927208499074458 0.0079075338033094689 -0.024730934177729993 0.048828161520093671 0.042044104797385323 0.022825201845899232 -0.010883058466984567 -0.041745864861811463 -0.0021739318860232869 0.020466699452628866 0.013886067850515205 -0.03165280739999185 0.013558822290491788
leaf_weight=8534.246172606945 6.9593653976917258 8.144028455018999 18.447771072387695 28.408751457929611 7.4410621225833884 10.013943910598757 17.44110968708992 77.493540465831757 13.43789556622505 10.033166110515593 14.936629235744475 7.8400675058364895 13.810881793498991 40.513004124164581
leaf_count=22979 19 23 51 76 20 27 50 209 36 27 40 21 37 109
internal_value=4.83042e-06 0.0108619 0.018939 -3.66787e-05 -0.0048236 0.00259167 -0.000400533 -0.00455349 -0.0163976 0.0199139 -0.0111569 -0.000617203 -0.0151626 7.54512e-05
internal_weight=8809.17 33.5512 26.5918 8775.62 200.857 122.423 114.982 97.5407 78.4342 20.0471 64.9963 36.5876 21.6509 8574.76
internal_count=23724 93 74 23631 543 333 313 263 210 54 174 98 58 23088
is_linear=0
shrinkage=0.05


Tree=219
num_leaves=15
num_cat=0
split_feature=0 3 8 11 7 2 8 4 2 8 2 2 6 1
split_gain=1.38097 3.84925 4.64238 4.97203 8.54537 8.25557 8.58004 6.40828 6.18007 6.30723 6.81969 6.28768 5.58461 6.49908
threshold=8.3836565118313596e-05 2.1127265945038727 0.1302993693163266 0.004245510018889358 0.0022755443565560291 0.0051513174056633769 0.12426429408639021 0.83554535434695643 0.0057666752859159747 0.0077900281407502917 0.0060235945542126612 0.0061838561454854932 -0.0036697139771496648 0.0036209282164984462
decision_type=2 2 2 2 2 2 2 2 2 2 2 2 2 2
left_child=1 2 3 4 -1 6 -5 8 -7 -10 -11 -12 -13 -14
right_child=-2 -3 -4 5 -6 7 -8 -9 9 10 11 12 13 -15
leaf_value=0.00099187707513088345 0.00063633138430769381 0.0042844801644065494 -0.0023419330017901189 0.0073663839321619143 -0.014060315694621801 -0.010507652409711958 0.042518696391214507 -0.041680068586256461 0.025425991620093992 0.019790690035319788 -0.028594163197318525 -0.0090375619343463654 0.00016954822081174668 0.018217722266743615
leaf_weight=362.29223966598511 4386.0250231027603 367.15903493762016 2572.9403741955757 355.71779537200928 127.46590948104858 108.6783395409584 18.249443888664246 9.2482188344001752 28.689495414495468 44.728082209825516 19.34720253944397 108.37763679027557 217.00444686412811 64.766966849565506
leaf_count=992 11809 999 6952 955 350 292 49 25 77 120 52 293 585 174
internal_value=8.31361e-06 -0.000617046 -0.00106278 0.00118444 -0.00292565 0.00324941 0.0090818 -0.000380716 0.000264907 0.00268924 0.00125315 -0.000771649 0.000608049 0.00431804
internal_weight=8790.69 4404.67 4037.51 1464.57 489.758 974.808 373.967 600.84 591.592 482.914 454.224 409.496 390.149 281.771
internal_count=23724 11915 10916 3964 1342 2622 1004 1618 1593 1301 1224 1104 1052 759
is_linear=0
shrinkage=0.05


Tree=220
num_leaves=15
num_cat=0
split_feature=11 4 6 2 2 4 11 1 6 9 3 0 11 1
split_gain=2.14687 5.57507 4.10384 3.52789 7.13612 7.0968 4.70464 5.6166 2.5091 3.40158 6.65316 3.26796 3.28017 7.85337
threshold=0.011278502681897345 0.020692419423045106 -0.044103690972887487 0.0085405065221437568 0.0062137679073511727 0.21164068071759837 0.013297268085721618 0.0030809076917555204 -0.027383224043401749 0.03327867382466753 2.34915876472953 -0.0043836566051889013 0.0058486780498309106 0.0095088004168564864
decision_type=2 2 2 2 2 2 2 2 2 2 2 2 2 2
left_child=2 -2 -1 4 -3 -6 -7 -8 -4 11 -11 12 13 -10
right_child=1 3 8 -5 5 6 7 -9 9 10 -12 -13 -14 -15
leaf_value=0.064586634237436075 0.10326149498422883 -0.03445171127784704 -0.022459252828824067 -0.018523463790451347 0.1212451270333062 -0.022581245863409961 0.0060776169748834258 0.12867151531724177 -0.0041376580990127925 0.12661799835961254 0.010805020990774962 0.0010547246477558678 -0.013703418451165687 0.05206257726243714
leaf_weight=2.478995405137538 1.0819314774125803 5.9699679650366333 12.115469438955186 44.304871154949069 1.9120844416320313 4.2044026851654035 2.417189303785563 1.5228991694748399 73.736567165702581 1.5300830937921981 6.5430737659335136 1273.8594291321933 79.805929929018021 6.7884023599326602
leaf_count=29 18 132 267 1254 29 92 35 21 1437 21 130 18242 1940 77
internal_value=-7.6651e-05 -0.00923413 0.000309379 -0.0112515 0.00885151 0.034558 0.0142064 0.0534619 0.000199818 0.000390162 0.0327547 0.000207979 -0.00651957 0.000600125
internal_weight=1518.27 61.4133 1456.86 60.3314 16.0265 10.0566 8.14449 3.94009 1454.38 1442.26 8.07316 1434.19 160.331 80.525
internal_count=23724 1581 22143 1563 309 177 148 56 22114 21847 151 21696 3454 1514
is_linear=0
shrinkage=0.05


Tree=221
num_leaves=15
num_cat=0
split_feature=11 5 9 4 11 7 5 6 4 4 8 8 8 8
split_gain=1.5821 3.76829 6.24337 3.25173 3.90727 2.83199 6.87623 4.08599 3.81943 3.22669 2.62121 2.5898 4.78314 2.14832
threshold=0.0014613150331545589 -0.0020061770394058064 0.0014654606547742949 0.81539401918375032 0.0012931958343769048 0.0010398669608766449 -0.002600176706801681 0.00080384150851579796 0.84612949085427214 0.31215783888110049 0.2373320313404326 0.10684746038056503 0.26620243449475117 0.11144016240689318
decision_type=2 2 2 2 2 2 2 2 2 2 2 2 2 2
left_child=1 -1 -3 4 13 6 -2 8 11 -9 -6 -8 -13 -4
right_child=5 2 3 -5 10 -7 7 9 -10 -11 -12 12 -14 -15
leaf_value=0.036043194545315314 -0.041705257864333212 -0.029599252052352584 0.0032423839229962989 0.03830412657403244 0.0049184229172497141 2.6759486248710427e-05 0.029692056415528453 0.00083712727407645566 -0.024391341057451832 -0.042722404711083441 0.04048905353387168 -0.021295450895183549 0.031544596322955754 -0.032754139246559399
leaf_weight=9.9282360970973951 13.781093418598173 11.911801993846892 8.8415975570678729 8.8087028563022596 13.573496103286745 8668.0487057864666 14.54428246617317 7.8316107392311123 8.068519324064253 9.2997540533542615 8.3745901286602003 10.081566452980043 7.44592460989952 7.8029446005821219
leaf_count=27 37 32 24 24 37 23345 39 21 22 25 23 27 20 21
internal_value=4.91518e-06 0.00753311 0.0027609 0.0108929 0.00463634 -5.4732e-05 -0.00999625 -0.00236621 0.00635857 -0.0228091 0.0184909 0.0140945 0.00115174 -0.0136327
internal_weight=8808.34 69.2414 59.3131 47.4013 38.5926 8739.1 71.0528 57.2717 40.1403 17.1314 21.9481 32.0718 17.5275 16.6445
internal_count=23724 188 161 129 105 23536 191 154 108 46 60 86 47 45
is_linear=0
shrinkage=0.05


Tree=222
num_leaves=15
num_cat=0
split_feature=6 3 5 2 0 8 1 5 9 9 1 1 7 7
split_gain=1.33698 4.26065 4.0497 4.47034 3.56211 3.71021 3.40034 3.27887 3.12737 4.09077 2.96421 5.58681 3.06011 4.09605
threshold=-0.022106962150382051 2.2476998305945233 0.081784525068783295 0.020243024887889313 -0.00015204324886663022 0.3930911764853724 -0.036213110291332173 0.081784525068783295 0.01777258741688036 0.012244337497693396 0.0018620628371400791 0.017092508034991485 0.0055022377040871819 0.0072130877948597258
decision_type=2 2 2 2 2 2 2 2 2 2 2 2 2 2
left_child=1 4 3 -2 -1 10 -5 8 9 -3 -6 -12 -13 -14
right_child=2 7 -4 6 5 -7 -8 -9 -10 -11 11 12 13 -15
leaf_value=-0.0052824757086201738 -7.8497629323775998e-05 0.0070426057028897694 0.025146062272122849 0.0026204234679385353 0.036491549026917182 0.025136234561808125 -0.030743267506674329 -0.034748980343590335 0.0047035420284422154 -0.02870768019486853 -0.020208685790475685 0.025829192747456632 -0.015197515264890224 0.01476570320716126
leaf_weight=38.286993682384491 8464.2422626316547 13.38201457262039 15.851350784301756 12.041286289691923 7.7373490035533896 38.450779885053635 20.878294944763184 8.3126445114612562 61.301865965127945 19.902394324541092 18.543843448162079 22.548588693141937 18.22956645488739 30.470959573984146
leaf_count=105 22829 36 43 36 21 105 64 24 165 54 50 61 49 82
internal_value=8.34872e-06 0.00342582 -0.000102917 -0.000150019 0.0081894 0.0119826 -0.0185395 -0.00464171 -0.00199576 -0.0143343 0.0067968 0.00423804 0.0106007 0.00354988
internal_weight=8790.18 277.167 8513.01 8497.16 174.268 135.981 32.9196 102.899 94.5863 33.2844 97.5303 89.793 71.2491 48.7005
internal_count=23724 752 22972 22929 473 368 100 279 255 90 263 242 192 131
is_linear=0
shrinkage=0.05


Tree=223
num_leaves=15
num_cat=0
split_feature=8 6 9 2 7 4 8 8 1 1 1 3 8 3
split_gain=2.07014 6.25661 12.2106 4.23865 4.97016 4.74066 3.9489 4.02743 3.80559 3.86095 7.33412 3.77536 6.85005 7.80082
threshold=0.095916637171342647 0.028437957058646591 0.018012786618767953 0.0012136271864110692 0.0011579278644673365 0.48443920568175886 0.1957926954067897 0.19776269058341037 0.007121302818009565 0.00026827778450612476 -0.0048011690037600982 0.46383446439326498 0.13324220520845648 0.45225795306799987
decision_type=2 2 2 2 2 2 2 2 2 2 2 2 2 2
left_child=1 -1 -3 4 -2 -6 11 8 9 10 -8 12 -5 -14
right_child=3 2 -4 6 5 -7 7 -9 -10 -11 -12 -13 13 -15
leaf_value=0.0024240300187716706 -0.0046434444629708917 0.18408746909258139 -0.034416190469903761 -0.014214875859897983 0.092088227286494434 0.016350202431038678 -0.03457605435945281 0.0001998803721604579 0.11660851495358149 -0.035942003116944676 0.13187118218020746 -0.0086887763571432391 0.0099601638426613376 0.091004690776899211
leaf_weight=419.36765486747026 7.6992918252944973 1.3519738763570779 1.2130715455859897 33.129149774089456 3.8175513669848424 4.5033657401800156 1.1865138877183197 714.21800919435918 1.31960704177618 1.8290005959570406 1.4965642914175981 276.54691336676478 47.190760757774115 3.1685116793960324
leaf_count=6071 63 12 30 458 24 31 25 11830 23 22 23 4440 627 45
internal_value=-7.57915e-05 0.00290021 0.0807518 -0.00122137 0.0243087 0.051098 -0.00160004 0.000537777 0.0419207 0.0200774 0.0582647 -0.00587555 0.003443 0.0150593
internal_weight=1518.04 421.933 2.56505 1096.11 16.0202 8.32092 1080.09 720.05 5.83169 4.51208 2.68308 360.035 83.4884 50.3593
internal_count=23724 6113 42 17611 118 55 17493 11923 93 70 48 5570 1130 672
is_linear=0
shrinkage=0.05


Tree=224
num_leaves=15
num_cat=0
split_feature=9 3 8 1 2 1 4 11 0 6 4 7 5 6
split_gain=1.55587 4.93259 4.05929 3.87006 4.11709 3.71859 3.32446 3.65398 3.27827 4.85616 5.20633 4.44261 5.04098 4.80724
threshold=0.0070281333406778451 1.5047763036666486 0.56464800920956726 -0.020676886002525065 0.012559882880154583 0.0087424372887020974 0.46580108117741414 0.0022938787970164204 0.003068407863985349 0.01252444884841806 0.22990328308198296 0.0041242073450233202 0.0008952853201236586 -0.0075738678535828092
decision_type=2 2 2 2 2 2 2 2 2 2 2 2 2 2
left_child=1 3 6 -1 8 -6 -3 -8 9 -5 -11 -10 13 -13
right_child=-2 2 -4 4 5 -7 7 -9 11 10 -12 12 -14 -15
leaf_value=-0.015846695818884576 0.00060656976405572488 -0.017487485088248871 -0.046211792427423334 -0.0010698029573079544 0.038109483472247602 0.00017646988211258893 -0.021615509028029167 0.0064655338928504696 0.007255057782446464 0.05373186101609724 0.0071826198542338741 -0.052625402995534955 0.0046704372116223442 -0.0098825961976395441
leaf_weight=40.19865557551384 4838.907108604908 52.946497052907944 7.5094338655471793 3364.0966570973396 13.263069719076158 12.597126007080076 15.371714562177656 47.02083632349968 280.22431626915932 7.8323707580566397 25.772229343652725 8.0749751031398755 58.378627091646194 35.489956498146057
leaf_count=108 13020 144 22 9066 36 34 42 128 758 21 69 22 158 96
internal_value=4.73082e-06 -0.000729058 -0.0105917 -0.000414019 -0.000251009 0.0196314 -0.0082726 -0.00045282 -0.000387036 -0.000880878 0.0180321 0.00400352 -0.00493438 -0.0178052
internal_weight=8807.68 3968.78 122.848 3845.93 3805.73 25.8602 115.339 62.3926 3779.87 3397.7 33.6046 382.168 101.944 43.5649
internal_count=23724 10704 336 10368 10260 70 314 170 10190 9156 90 1034 276 118
is_linear=0
shrinkage=0.05


Tree=225
num_leaves=15
num_cat=0
split_feature=2 5 7 2 11 7 1 1 6 9 3 8 1 1
split_gain=1.36492 5.67563 5.35409 4.64007 4.6249 6.28495 3.16429 3.0536 3.35521 2.77472 5.22592 5.18612 4.5757 4.48505
threshold=0.0029997627562392743 0.013294250714743041 0.0015099258017785911 0.0031486588127362216 0.0092304894598710698 0.0069630163829871184 0.011702809653074081 0.0053196388673145386 -0.0020410834389546421 0.0069296404198428774 1.7580481406552839 0.22547973433923754 -0.020676886002525065 -0.023000647696142445
decision_type=2 2 2 2 2 2 2 2 2 2 2 2 2 2
left_child=1 4 3 -2 5 6 -1 -3 -9 10 12 -12 13 -4
right_child=2 7 9 -5 -6 -7 -8 8 -10 -11 11 -13 -14 -15
leaf_value=-0.0018875648983348412 0.0038973516785261453 -0.0052587141192599243 0.0075749860508889091 0.053248991967371852 -0.035780350317848014 0.04398251040023949 -0.032375447218858371 0.012489613805015818 0.044513393093653666 -0.00051769140367233506 -0.0050548711767192745 0.036278764528539134 0.00099907364409534375 0.044863985971460719
leaf_weight=1357.3322744071484 10.317429035902025 17.101427137851715 28.666640341281891 8.846612870693205 10.104424118995665 7.4461537003517142 8.5643328130245191 38.540535897016525 10.382745653390883 4666.4290890097618 11.892126262187956 20.97179326415062 2581.5642388164997 11.220130294561384
leaf_count=3698 28 46 77 24 29 20 23 104 28 12592 32 57 6936 30
internal_value=8.66536e-06 -0.00139345 0.000285553 0.0266793 -0.00207696 -0.00182899 -0.00207873 0.0129284 0.0192859 0.00021646 0.00150714 0.0213218 0.00125873 0.0180644
internal_weight=8789.38 1449.47 7339.91 19.164 1383.45 1373.34 1365.9 66.0247 48.9233 7320.74 2654.31 32.8639 2621.45 39.8868
internal_count=23724 3948 19776 52 3770 3741 3721 178 132 19724 7132 89 7043 107
is_linear=0
shrinkage=0.05


Tree=226
num_leaves=15
num_cat=0
split_feature=2 8 8 5 1 6 11 4 6 3 4 8 5 6
split_gain=2.04091 2.27441 5.20842 6.29809 7.98363 4.07843 6.0163 4.03289 11.5356 2.88167 2.5239 2.88788 6.65919 2.49009
threshold=0.010489738363247117 0.32006034799619704 0.24863087711898432 -0.039230939470647423 -0.01166758866945526 -0.044103690972887487 0.011278502681897345 0.53438217195287818 -0.0012550499948282676 1.9811806658286566 0.094475397088075536 0.44501952589294369 -0.047740193668498125 0.031080854691345718
decision_type=2 2 2 2 2 2 2 2 2 2 2 2 2 2
left_child=-1 2 13 4 -4 6 -3 -5 9 -9 11 -7 -13 -2
right_child=1 5 3 7 -6 10 -8 8 -10 -11 -12 12 -14 -15
leaf_value=0.00035637833562392565 -0.012844724995376734 0.1186166716459969 0.012720371655773345 -0.034161803077327239 0.20790665264856975 -0.034153454032677423 -0.034104568413678524 -0.034383705172374691 0.17317571350904853 0.069102457480341481 -0.027128818670733169 -0.034037495104026816 0.18423655770179376 0.036408369823615012
leaf_weight=1437.2158153224736 34.796701887622476 1.2955604009330266 1.0666639991104605 3.0224540587514621 1.0295616518706081 1.1397886462509661 1.2839608713984487 2.511853221803904 1.2047447133809326 0.91874746233224858 28.311453320086002 0.7120681144297123 0.68612469919025876 2.7704986520111552
leaf_count=21492 946 15 32 88 22 34 41 70 32 10 838 24 17 63
internal_value=-7.8194e-05 -0.00781284 -0.00075997 0.0317943 0.108586 -0.0177967 0.0425994 0.0107735 0.0400733 -0.00666913 -0.0228468 0.0249192 0.0730745 -0.00921242
internal_weight=1517.97 80.7502 47.3212 9.75403 2.09623 33.429 2.57952 7.6578 4.63535 3.4306 30.8494 2.53798 1.39819 37.5672
internal_count=23724 2232 1263 254 54 969 56 200 112 80 913 75 41 1009
is_linear=0
shrinkage=0.05


Tree=227
num_leaves=15
num_cat=0
split_feature=11 5 9 4 11 7 5 6 4 4 8 8 8 8
split_gain=1.52282 3.53252 5.85853 3.05535 3.65885 2.60302 6.4301 3.82683 3.57809 3.03622 2.47982 2.41761 4.48648 1.99907
threshold=0.0014613150331545589 -0.0020061770394058064 0.0014654606547742949 0.81539401918375032 0.0012931958343769048 0.0010398669608766449 -0.002600176706801681 0.00080384150851579796 0.84612949085427214 0.31215783888110049 0.2373320313404326 0.10684746038056503 0.26620243449475117 0.11144016240689318
decision_type=2 2 2 2 2 2 2 2 2 2 2 2 2 2
left_child=1 -1 -3 4 13 6 -2 8 11 -9 -6 -8 -13 -4
right_child=5 2 3 -5 10 -7 7 9 -10 -11 -12 12 -14 -15
leaf_value=0.035052647580476867 -0.040259020279149821 -0.028605669949962623 0.0032264597023253629 0.037286465995332772 0.004849382056710227 2.4444889825274372e-05 0.028814802162459026 0.00092511300376970761 -0.02356310421832734 -0.041352777508884678 0.039505674345776537 -0.020520947369963974 0.030679744461926884 -0.031478908034945713
leaf_weight=9.894013434648512 13.774054318666456 11.886417955160139 8.8412393033504504 8.7750600278377515 13.571248203516008 8666.7071111500263 14.524040460586546 7.831241816282275 8.0461425185203534 9.2776747047901136 8.3300083279609662 10.074517279863359 7.4368889331817618 7.8186908066272727
leaf_count=27 37 32 24 24 37 23345 39 21 22 25 23 27 20 21
internal_value=4.82953e-06 0.00739735 0.00277713 0.0106575 0.00459781 -5.36467e-05 -0.00959076 -0.00220446 0.00624572 -0.022001 0.0180307 0.0137326 0.00122339 -0.0130612
internal_weight=8806.79 69.1167 59.2227 47.3362 38.5612 8737.67 70.9646 57.1905 40.0816 17.1089 21.9013 32.0354 17.5114 16.6599
internal_count=23724 188 161 129 105 23536 191 154 108 46 60 86 47 45
is_linear=0
shrinkage=0.05


Tree=228
num_leaves=15
num_cat=0
split_feature=0 3 8 6 4 8 4 8 1 1 7 0 7 7
split_gain=1.31446 3.72801 5.58022 3.96637 4.4444 4.48952 5.23099 5.88102 5.79708 6.91671 6.27727 4.89258 4.82343 5.42218
threshold=8.3836565118313596e-05 1.8150822391399337 0.033764290829871833 -0.0028091198733423352 0.99859187030540875 0.11973766255821762 0.3786127389118138 0.094521599002101067 -0.0041676612477380935 -0.0071674275945550533 0.0054235206580762361 0.00058430258422626717 0.0056853614561707374 0.0052593582897413702
decision_type=2 2 2 2 2 2 2 2 2 2 2 2 2 2
left_child=-1 3 -3 4 5 6 7 -2 9 10 -8 -7 13 -10
right_child=1 2 -4 -5 -6 11 8 -9 12 -11 -12 -13 -14 -15
leaf_value=-0.0006017186817131408 -0.0065764367971589454 -0.02666644135556745 -0.0022774202963601205 -0.00038718742856012694 -0.01496855727181097 0.016627028400643843 -0.018275988856017403 -0.053585270486076232 0.00017996189876483244 0.04436516334734171 0.035856914678173646 0.0039857698235660826 -0.011381800888534998 0.027039421276621695
leaf_weight=4403.5178184211254 23.347015023231506 24.722495943307877 456.82097864151001 2043.6832093894482 34.523852556943893 81.879974126815796 14.571251064538957 9.3048785924911481 389.30648976564407 16.060828685760498 8.4673525989055616 1173.9785871505737 88.762632101774216 19.742563813924789
leaf_count=11915 63 67 1235 5509 93 220 39 25 1045 43 23 3154 240 53
internal_value=8.48478e-06 0.000621241 -0.00352956 0.00113327 0.00280394 0.00314007 -0.000541968 -0.0199726 0.000639696 0.019178 0.00161942 0.00480996 -0.000816354 0.00147632
internal_weight=8788.69 4385.17 481.543 3903.63 1859.95 1825.42 569.563 32.6519 536.911 39.0994 23.0386 1255.86 497.812 409.049
internal_count=23724 11809 1302 10507 4998 4905 1531 88 1443 105 62 3374 1338 1098
is_linear=0
shrinkage=0.05


Tree=229
num_leaves=15
num_cat=0
split_feature=11 7 4 7 1 1 2 2 9 8 0 7 3 11
split_gain=1.96373 5.76984 4.15462 3.97841 3.72309 8.58162 3.87408 4.93648 3.00061 5.53934 3.07435 5.46901 10.9362 2.98794
threshold=0.0089311397767915159 0.0064907487486843109 0.0038084760941415993 0.0065614045209183734 -0.028437322766992953 -0.027068056432646561 0.0062137679073511727 0.0064106317865104548 0.0047975163273163432 0.27854478521763154 0.0078176433143167853 0.0073817555224171593 0.92610439524997512 0.013687134489865789
decision_type=2 2 2 2 2 2 2 2 2 2 2 2 2 2
left_child=-1 -2 -3 -4 -5 -6 -7 -8 9 -9 13 12 -12 -10
right_child=1 2 3 4 5 6 7 8 10 -11 11 -13 -14 -15
leaf_value=0.0005193763485630275 -0.02680384673514314 0.12999533094656066 0.058903316857305946 -0.02712656879515081 0.13447668562190507 -0.022947532201374354 0.089841697248048885 0.12968544554027919 -0.011243592703850261 -0.034379724697356125 0.16179169219263284 0.0011602956430661682 0.0089686771101111073 0.013972644186881197
leaf_weight=1367.8665420021862 26.240598602220416 0.60242656245827575 2.6556238085031501 14.081060260534285 1.1772977951914061 17.232739686965942 1.6057756468653668 1.2162494752556079 49.726167518645525 0.89164325594902027 1.7797134649008537 13.897302584722636 3.4207805655896664 15.381490113213657
leaf_count=20097 616 9 57 412 25 366 31 23 1255 22 39 343 72 357
internal_value=-7.60101e-05 -0.00550871 -0.000990188 -0.00163138 -0.00296646 0.000233034 -0.00126998 0.00297897 0.00136297 0.0602855 -0.000112023 0.0175281 0.0612678 -0.00528633
internal_weight=1517.78 149.909 123.668 123.066 120.41 106.329 105.152 87.9191 86.3133 2.10789 84.2055 19.0978 5.20049 65.1077
internal_count=23724 3627 3011 3002 2945 2533 2508 2142 2111 45 2066 454 111 1612
is_linear=0
shrinkage=0.05


Tree=230
num_leaves=15
num_cat=0
split_feature=0 2 3 4 3 4 7 9 9 3 2 7 4 5
split_gain=1.51984 3.66448 5.47659 3.83258 3.23006 2.68862 3.54332 3.83171 2.19939 5.37605 3.52317 4.02031 3.09956 4.68681
threshold=-0.019438778248737482 0.013083956619987168 1.6049158639372354 0.28948890420904405 3.1891322047639044 0.090459715025352633 0.006270109568075422 0.030714632034214585 0.023173773961777198 0.75732546162508374 0.004519526763362417 0.0033249804293664195 0.88907355875793226 0.050781132179283352
decision_type=2 2 2 2 2 2 2 2 2 2 2 2 2 2
left_child=1 2 -1 5 -3 -4 7 -7 -2 -10 -11 -12 -13 -14
right_child=8 4 3 -5 -6 6 -8 -9 9 10 11 12 13 -15
leaf_value=-0.048390025899110845 -7.6599478543465491e-05 0.019819918071137657 -0.018648090617221405 -0.037549769044128573 -0.010659897774051 0.012304986523518921 0.025721801396792809 -0.031536908773661061 -0.026433367650858044 0.041491085684724316 -0.032397976140646163 0.0084833757060166961 -0.0096841024559620476 0.03027456631787236
leaf_weight=9.3303918540477735 8391.3486985564232 20.635148286819458 16.075748533010483 8.8193469345569593 15.018213629722593 11.219413101673128 13.775891453027723 8.9668247997760755 13.685943752527235 6.690197527408599 7.0897348225116721 221.57561263442039 53.280513733625412 8.5104306638240796
leaf_count=25 22601 57 43 24 42 30 37 24 37 18 19 600 144 23
internal_value=4.63277e-06 -0.00600862 -0.0128005 -0.00715863 0.00698095 -0.00180208 0.00617186 -0.0071698 7.63874e-05 0.00420648 0.00561768 0.0047914 0.00572186 -0.00418062
internal_weight=8806.02 103.841 68.1876 58.8572 35.6534 50.0379 33.9621 20.1862 8702.18 310.832 297.146 290.456 283.367 61.7909
internal_count=23724 282 183 158 99 134 91 54 23442 841 804 786 767 167
is_linear=0
shrinkage=0.05


Tree=231
num_leaves=15
num_cat=0
split_feature=8 3 4 4 5 1 0 3 4 7 7 6 6 6
split_gain=1.3206 2.97483 3.36179 3.43874 2.70363 4.52595 1.48959 1.47408 3.36122 4.9173 4.54227 4.00233 4.09685 3.8691
threshold=0.0033323611128471156 0.45225795306799987 0.77009581232096247 0.62966123119706752 -0.011414048072632616 -0.0062408691932877413 -0.0024548774435827351 0.25723495176155292 0.81828991949950203 0.0100535158509044 0.0076044808765304483 -0.001611911880052219 0.00055500960987396445 0.0055840993082111792
decision_type=2 2 2 2 2 2 2 2 2 2 2 2 2 2
left_child=1 -1 3 4 -3 -6 -7 8 9 10 11 -2 -13 -14
right_child=7 2 -4 -5 5 6 -8 -9 -10 -11 -12 12 13 -15
leaf_value=-0.014959958394731016 0.0077919190451346022 -0.015156118128998822 0.03531947591266759 -0.024015882049514138 0.051273018624013234 -0.010615652247765374 0.016482133927825517 4.4685246841460856e-05 0.012449062028279077 -0.038080263579404354 0.023332688645465356 -0.02671990001992058 0.0009145262340850553 -0.036985606234510721
leaf_weight=12.819851160049437 30.38584241271019 7.4260528981685558 11.919497489929197 8.1141664385795575 7.8167784512042955 7.7662027180194846 14.616460442543046 8549.3298403024673 24.468255311250687 12.115278601646422 12.944014251232145 34.423377931118011 45.976374447345734 7.8894558846950522
leaf_count=35 82 20 32 22 21 21 40 23070 66 35 35 97 126 22
internal_value=8.59926e-06 0.00682535 0.0116691 0.0055059 0.0118725 0.0185188 0.00707991 -4.65124e-05 -0.00468187 -0.00759811 -0.00479229 -0.00785991 -0.0132467 -0.00463651
internal_weight=8788.01 70.479 57.6592 45.7397 37.6255 30.1994 22.3827 8717.53 168.203 143.734 131.619 118.675 88.2892 53.8658
internal_count=23724 191 156 124 102 82 61 23533 463 397 362 327 245 148
is_linear=0
shrinkage=0.05


Tree=232
num_leaves=15
num_cat=0
split_feature=11 2 2 4 4 6 6 9 3 0 11 1 3 2
split_gain=1.93398 4.60738 11.1027 4.85557 4.33993 3.20614 2.36185 3.09685 5.17754 3.01519 3.08198 7.0289 5.38998 5.77512
threshold=0.011278502681897345 0.0080936594580494781 0.0069817134560952359 0.53019445142905053 0.78515179646797384 -0.044103690972887487 -0.027383224043401749 0.03327867382466753 2.34915876472953 -0.0043836566051889013 0.0058486780498309106 0.0095088004168564864 1.3252418198102742 0.0059950413364178064
decision_type=2 2 2 2 2 2 2 2 2 2 2 2 2 2
left_child=5 2 -2 -4 -5 -1 -7 9 -9 10 11 -8 13 -13
right_child=1 -3 3 4 -6 6 7 8 -10 -11 -12 12 -14 -15
leaf_value=0.054175199260901821 -0.018405366085309637 -0.016758951067152379 0.11401819454345506 -0.035265166539203668 0.093504609034651118 -0.022106253365027514 -0.0040183527673428986 0.10813057181730013 0.010631077581952475 0.001001785103927929 -0.013349829649456128 0.024815210389443475 -0.014190286804330926 0.13496123577234892
leaf_weight=2.7550744302570811 9.2840837799012643 45.461767442524433 3.0020125247538081 1.4917034916579726 1.1656203456223009 11.78539641946554 73.4613949470222 1.7179511860012988 6.5648516174405813 1275.3633442893624 78.497771391645074 2.4375024549663058 2.3316361978650093 2.3253193907439709
leaf_count=29 198 1297 43 24 19 267 1437 21 130 18242 1940 23 31 23
internal_value=-7.51662e-05 -0.00884194 0.0152437 0.0704446 0.021219 0.000288232 0.00018616 0.000368266 0.0308536 0.000192233 -0.00629912 0.000571463 0.0480979 0.078591
internal_weight=1517.65 60.4052 14.9434 5.65934 2.65732 1457.24 1454.49 1442.7 8.2828 1434.42 159.054 80.5559 7.09446 4.76282
internal_count=23724 1581 284 86 43 22143 22114 21847 151 21696 3454 1514 77 46
is_linear=0
shrinkage=0.05


Tree=233
num_leaves=15
num_cat=0
split_feature=4 9 0 7 9 9 7 5 8 3 5 4 7 11
split_gain=1.53564 2.12299 2.46054 2.14388 3.30966 2.43396 3.11584 3.19837 4.23725 2.71274 4.00434 3.16632 4.59514 5.81144
threshold=0.95954803765495744 0.0033132250139189822 0.0015934071874316379 0.0018732274576334651 0.0050487970675986669 0.0041882141276425337 0.0030645698706937403 -0.014922527269301789 0.23538391769561165 0.94720474764911777 -0.0048414542536824234 0.99859187030540875 0.0036561763683376981 0.0062103452814734261
decision_type=2 2 2 2 2 2 2 2 2 2 2 2 2 2
left_child=-1 2 -2 4 -3 -5 -7 8 -8 -9 -11 12 -12 -14
right_child=1 3 -4 5 -6 6 7 9 -10 10 11 -13 13 -15
leaf_value=0.00013063263533576367 -0.0044042244342939489 -0.0024068053848212323 -0.034124611137280901 0.017819326271343406 0.037453890943408827 -0.01428194247022831 -0.033713599929792677 -0.0037289895890293095 -0.00021214861064860363 0.044780649071188623 0.034364013016916606 0.03410148420947947 -0.042551730490832218 0.0037110178120283617
leaf_weight=8494.6332207024097 17.348927974700931 13.607704013586046 11.63410773873329 12.852252274751661 8.435915142297743 61.20187771320343 16.041655510663986 84.327773571014404 22.928980946540833 7.3167944550514212 8.2000252008438093 8.1792334914207441 8.7983061373233777 29.714148074388504
leaf_count=22875 48 37 33 35 23 169 45 229 62 20 22 22 24 80
internal_value=4.37301e-06 -0.00344885 -0.0163343 -0.00212267 0.0128476 -0.00339404 -0.00449914 -0.00127163 -0.0140025 0.00211408 0.0100348 0.0054033 0.000378322 -0.00685787
internal_weight=8805.22 310.588 28.983 281.605 22.0436 259.561 246.709 185.507 38.9706 146.536 62.2085 54.8917 46.7125 38.5125
internal_count=23724 849 81 768 60 708 673 504 107 397 168 148 126 104
is_linear=0
shrinkage=0.05


Tree=234
num_leaves=15
num_cat=0
split_feature=6 7 2 7 4 4 9 11 7 9 11 5 7 2
split_gain=1.30815 5.06058 5.31228 4.76339 4.93654 4.72714 4.06114 3.63431 3.22828 4.64685 4.19948 2.26787 5.25755 7.20702
threshold=0.026415941827387292 0.006270109568075422 0.008801385875178298 0.0059584613673802677 0.35068127783796804 0.14219886632492951 0.019408746153627726 0.0068467847198277502 0.0068740843864017786 0.026371466663028389 0.014881465813066343 -0.020945111935957307 0.0025169011308823481 0.0056772570156918825
decision_type=2 2 2 2 2 2 2 2 2 2 2 2 2 2
left_child=11 3 -3 4 5 7 -7 -2 9 -4 -10 12 -1 -14
right_child=1 2 8 -5 -6 6 -8 -9 10 -11 -12 -13 13 -15
leaf_value=-0.029732608737596474 0.024084658848652945 -0.043744771463021165 -0.042468386460135843 0.041049153072202624 -0.011757212323071298 0.060728937938909704 0.017301933845849087 -0.017707957655823833 0.0090229516002360999 0.005907232897891166 -0.017913622627403328 0.00018731661448931377 0.0074368337874520761 -0.0042140072403482635
leaf_weight=17.381516426801682 9.2912865579128283 7.2833416759967795 9.8467711508274096 13.414019972085951 20.807173788547516 8.5649563074111956 14.493508368730543 11.819026559591292 78.550432026386261 10.011218965053557 17.736603647470474 7719.3985336720943 164.68783023953438 684.09453529119492
leaf_count=47 25 20 27 36 56 23 39 32 214 27 53 20823 444 1858
internal_value=8.64049e-06 0.00398763 -0.00232212 0.0139226 0.00832244 0.0177816 0.0334327 0.000686235 0.000275449 -0.0180803 0.00406109 -8.48925e-05 -0.00251087 -0.00195341
internal_weight=8787.38 201.818 123.428 78.39 64.976 44.1688 23.0585 21.1103 116.145 19.858 96.287 8585.56 866.164 848.782
internal_count=23724 552 341 211 175 119 62 57 321 54 267 23172 2349 2302
is_linear=0
shrinkage=0.05


Tree=235
num_leaves=15
num_cat=0
split_feature=8 6 0 2 2 8 8 1 11 1 3 0 5 8
split_gain=1.88245 5.23906 5.99615 3.81319 4.61207 3.7743 3.79581 7.64529 9.0617 7.66981 5.66038 5.56775 12.3024 5.42451
threshold=0.095916637171342647 0.028437957058646591 -0.0063667470773705248 0.0012136271864110692 0.0010178295242889116 0.1957926954067897 0.23329264116700596 -0.0031855416611425028 0.004245510018889358 0.011229613912122521 0.36527690463311469 -0.0020059096754627627 0.02619380960834717 0.2199296641342352
decision_type=2 2 2 2 2 2 2 2 2 2 2 2 2 2
left_child=1 -1 -3 4 -2 -5 7 -7 9 10 -9 12 -10 -12
right_child=3 2 -4 5 -6 6 -8 8 11 -11 13 -13 -14 -15
leaf_value=0.0023044577233938923 -0.0053927179864997664 -0.00043706924198339393 0.14671798112456982 -0.00572800759331148 0.047782560725592844 -0.0098506740892815269 -0.0010676433815380228 0.093173057259729117 0.015269385798217079 0.14256173197036912 0.0083249796141112633 -0.0050719315402679294 0.1696529972556215 0.056990603509299124
leaf_weight=420.53466963768005 7.6964086815714845 1.4203231930732729 1.3504336327314366 358.22129924781621 8.67264174669981 37.949265146628022 600.00267384573817 3.4180328547954621 10.972876438871024 1.6813980191946019 17.039732731878761 38.381110277026892 1.4623894672840823 8.6241287216544134
leaf_count=6071 57 27 15 5570 61 671 10081 24 197 20 196 609 26 99
internal_value=-7.53204e-05 0.00275597 0.0712845 -0.00117072 0.0227806 -0.00153449 0.00055326 0.00868975 0.0173144 0.0387319 0.0327289 0.00434863 0.0334249 0.0246787
internal_weight=1517.43 423.305 2.77076 1094.12 16.3691 1077.75 719.532 119.529 81.5797 30.7633 29.0819 50.8164 12.4353 25.6639
internal_count=23724 6113 42 17611 118 17493 11923 1842 1171 339 319 832 223 295
is_linear=0
shrinkage=0.05


Tree=236
num_leaves=15
num_cat=0
split_feature=9 9 11 5 11 11 0 4 5 1 5 11 5 1
split_gain=1.50569 3.38518 3.09207 5.29403 3.35243 3.09542 4.85761 3.75869 3.32869 2.78419 5.48378 2.72598 2.66084 2.09874
threshold=0.03327867382466753 0.028777240793240056 0.010124097849731369 -0.045333842948068477 0.01073140735366139 0.012543979427923858 0.018856292693739233 0.48829951652532305 -0.039230939470647423 -0.018613459969792526 -0.03120167363636921 0.007165882397751012 0.018430278859666294 0.0040669703069970012
decision_type=2 2 2 2 2 2 2 2 2 2 2 2 2 2
left_child=1 -1 3 -2 -4 8 7 -7 -6 10 -3 -5 -8 -11
right_child=2 9 4 11 5 6 12 -9 -10 13 -12 -13 -14 -15
leaf_value=-2.1307903220796967e-06 -0.04861103541936565 0.015779653616959138 0.024203364492245555 0.017763941179957051 -0.04288794390403218 0.0053612409161614381 -0.038483372668552382 0.045065800336524769 -0.0040067603577071328 0.031577322363346025 -0.037319090454742042 -0.014321121225885219 -0.00086155053625736977 0.0098579015994292793
leaf_weight=8599.4790426194668 9.6267668008804304 12.922935158014299 12.591888904571531 8.5449975132942182 8.8860911428928393 25.673394411802292 8.2222559750080126 7.7630531191825858 14.466137081384657 17.433797389268875 7.795606017112731 29.385402381420135 10.97047173976898 30.723926991224289
leaf_count=23166 26 35 34 23 24 72 23 22 39 47 21 79 30 83
internal_value=4.35755e-06 8.62974e-05 -0.00521331 -0.0154973 0.000308392 -0.00365156 0.00307088 0.0145796 -0.018802 0.0111269 -0.0041994 -0.00709297 -0.0169789 0.0177206
internal_weight=8804.49 8668.36 136.13 47.5572 88.5733 75.9814 52.6292 33.4364 23.3522 68.8763 20.7185 37.9304 19.1927 48.1577
internal_count=23724 23352 372 128 244 210 147 94 63 186 56 102 53 130
is_linear=0
shrinkage=0.05


Tree=237
num_leaves=15
num_cat=0
split_feature=6 3 5 2 11 11 9 1 5 9 8 4 4 6
split_gain=1.2992 3.83005 3.80767 4.03938 3.31019 4.49887 4.32338 3.28782 3.04041 2.98642 3.92 2.85624 2.99115 2.83093
threshold=-0.022106962150382051 2.2476998305945233 0.081784525068783295 0.020243024887889313 0.0079790947320500395 0.0074697355652335717 0.0086570805093953516 -0.036213110291332173 0.081784525068783295 0.01777258741688036 0.37607283652255813 0.8733722867453082 0.89653022615874123 -0.0011835833093039344
decision_type=2 2 2 2 2 2 2 2 2 2 2 2 2 2
left_child=1 4 3 -2 5 6 -1 -5 9 10 -3 -11 -13 -9
right_child=2 8 -4 7 -6 -7 -8 13 -10 11 -12 12 -14 -15
leaf_value=0.037249180952740144 -7.9410866187845368e-05 -0.032372703377556981 0.024408971826771153 0.0031061587470328951 0.0035019033576006811 0.046789050479655633 0.00033862444386143008 -0.0069358393982315086 -0.033500085409724344 0.015256611924085575 0.0020827371193824907 -0.033927335541661184 0.0027956844254252294 -0.044852824916962547
leaf_weight=11.050201773643492 8461.8422761261463 15.328576296567915 15.815799951553343 11.975512593984602 123.70191040635109 11.116260021924971 28.127427458763123 8.1480745375156403 8.1910417377948743 31.61324742436409 17.888202160596848 7.3825371265411404 22.277777433395386 12.435844510793686
leaf_count=31 22829 42 43 36 335 31 76 25 24 85 48 20 60 39
internal_value=8.21505e-06 0.00338011 -0.000101409 -0.000147045 0.00789931 0.0187151 0.0107494 -0.0177245 -0.00427778 -0.0017446 -0.0138174 0.00480016 -0.00634478 -0.0298435
internal_weight=8786.89 276.677 8510.22 8494.4 173.996 50.2939 39.1776 32.5594 102.681 94.4903 33.2168 61.2736 29.6603 20.5839
internal_count=23724 752 22972 22929 473 138 107 100 279 255 90 165 80 64
is_linear=0
shrinkage=0.05


Tree=238
num_leaves=15
num_cat=0
split_feature=11 4 2 2 4 11 8 6 0 9 6 9 3 0
split_gain=1.83711 4.45784 3.09899 6.03607 4.98875 3.93663 4.65169 2.86765 2.33295 4.53818 2.24138 2.80266 4.28081 2.8217
threshold=0.011278502681897345 0.020692419423045106 0.0085405065221437568 0.0062137679073511727 0.21164068071759837 0.013297268085721618 0.27355928128467971 -0.044103690972887487 0.021990471724724566 0.028777240793240056 -0.027383224043401749 0.03327867382466753 2.34915876472953 -0.0043836566051889013
decision_type=2 2 2 2 2 2 2 2 2 2 2 2 2 2
left_child=7 -2 3 -3 -5 -6 -7 -1 -4 -10 -9 13 -13 -12
right_child=1 2 8 4 5 6 -8 10 9 -11 11 12 -14 -15
leaf_value=0.050140157432183377 0.085310566304172011 -0.034372828418301832 -0.021319969978659647 0.095398159052682702 -0.022497766568899763 -0.010652053652812521 0.093604244445235518 -0.02178262362738527 0.11024410357523461 -0.014753029106202895 -0.0061170524758025367 0.09575358922076227 0.010132495259509537 0.00096665873289851164
leaf_weight=2.8779883235692969 1.2362079210579384 5.5723878182470825 38.799943305552006 2.2799785211682311 4.176586236804722 1.981882471591234 2.3250933401286602 11.524025265127419 1.0169737134128802 2.5391673520207405 157.9827519543469 1.8716418817639331 6.6349190231412649 1276.3241863530129
leaf_count=29 18 132 1172 29 92 24 32 267 13 69 3454 21 130 18242
internal_value=-7.34679e-05 -0.00865313 -0.0106322 0.00786797 0.0297364 0.0120897 0.04563 0.000279372 -0.0177674 0.0209932 0.000180702 0.000356128 0.0289711 0.000186418
internal_weight=1517.14 59.9282 58.692 16.3359 10.7635 8.48356 4.30698 1457.22 42.3561 3.55614 1454.34 1442.81 8.50656 1434.31
internal_count=23724 1581 1563 309 177 148 56 22143 1254 82 22114 21847 151 21696
is_linear=0
shrinkage=0.05


Tree=239
num_leaves=15
num_cat=0
split_feature=8 11 4 9 9 2 5 1 9 4 6 7 7 1
split_gain=1.47711 3.1505 2.73049 1.73693 2.86033 3.67924 3.49745 5.56595 5.72782 4.06494 4.77648 3.90374 5.36249 4.55257
threshold=0.76306965653910852 0.0050572816872082359 0.46171834650037308 0.03327867382466753 0.023815479227886193 0.005094266649085015 -0.029318712833015254 -0.0081784041202534827 0.030714632034214585 0.40950430792450992 0.023348938664238757 0.0070470376082241463 0.0090980466973671573 0.012801139528117778
decision_type=2 2 2 2 2 2 2 2 2 2 2 2 2 2
left_child=3 -2 -3 4 -1 -6 -7 9 11 10 -8 13 -13 -9
right_child=1 2 -4 -5 5 6 7 8 -10 -11 -12 12 -14 -15
leaf_value=-0.00010233111852178019 -0.019442968085170542 0.042683156941771723 0.0077438496890102392 -0.0057744148133115208 0.038448094571765914 0.013659862877878515 0.0088519190464957497 -0.0054565368183339992 0.033419508699791475 -0.033267795692447803 -0.028759950991625073 -0.034195396658084423 0.0090072097717804975 0.02214033105139224
leaf_weight=8402.6995484530926 6.948257863521575 8.0458518266677874 18.333229064941406 129.89009237289429 8.1602371633052808 69.432607710361481 25.334535330533981 28.369169324636459 17.100396692752838 16.71510124206543 12.658787429332731 14.869380295276644 13.894381701946257 31.580258876085281
leaf_count=22634 19 23 51 354 22 189 68 76 46 45 34 40 38 85
internal_value=4.4612e-06 0.0105108 0.0184006 -3.54613e-05 5.08075e-05 0.00545483 0.00428402 0.000228571 0.00692323 -0.0127198 -0.00367977 0.0018158 -0.0133263 0.00908099
internal_weight=8804.03 33.3273 26.3791 8770.7 8640.81 238.115 229.955 160.522 105.814 54.7084 37.9933 88.7132 28.7638 59.9494
internal_count=23724 93 74 23631 23277 643 621 432 285 147 102 239 78 161
is_linear=0
shrinkage=0.05


Tree=240
num_leaves=15
num_cat=0
split_feature=2 7 11 2 7 8 4 1 11 11 4 7 6 9
split_gain=1.26377 6.91787 4.43452 3.85201 5.64778 5.00769 4.92566 5.35579 4.20502 5.72994 6.53789 5.6433 7.45474 9.28542
threshold=0.0033529785338916591 0.0015099258017785911 0.0026159640766683103 0.0042245806744901368 0.003711524296837554 0.60125320032255647 0.050616627222789159 0.0018620628371400791 0.0033352856743196733 0.004245510018889358 0.64452939336943416 0.0029888612323961589 -0.0033003439425104233 0.018706782776192806
decision_type=2 2 2 2 2 2 2 2 2 2 2 2 2 2
left_child=-1 -2 -3 4 6 -6 7 -4 -5 10 -10 12 -11 -14
right_child=1 2 3 8 5 -7 -8 -9 9 11 -12 -13 13 -15
leaf_value=-0.0011195816237864204 0.072137225753967221 0.065833097297704243 0.031233694866847406 0.028132000191703817 0.010430404560692962 -0.02134808078106536 0.00028166110326299044 -0.015315747785748349 -0.0011966083350591742 0.014320165176415987 -0.015784084840840647 -0.00046293470536580382 -0.00071412988675702976 0.0545959689331754
leaf_weight=1936.4202893078327 3.3521876335144034 2.5798476040363303 25.210276395082474 12.979686826467512 270.86769938468933 12.99141877889633 934.789636105299 8.185575067996977 199.6679302752018 153.89327982068062 124.83103287220001 4805.1610714197159 287.35472410917282 7.7939033806323996
leaf_count=5264 9 7 68 35 727 35 2516 22 544 412 340 12953 771 21
internal_value=8.24201e-06 0.000327081 0.000291921 0.000267214 0.00277407 0.00897599 0.000955742 0.0198241 -0.0002941 -0.000360238 -0.00680824 3.79902e-05 0.00539835 0.000746428
internal_weight=8786.08 6849.66 6846.31 6843.73 1252.04 283.859 968.185 33.3959 5591.68 5578.7 324.499 5254.2 449.042 295.149
internal_count=23724 18460 18451 18444 3368 762 2606 90 15076 15041 884 14157 1204 792
is_linear=0
shrinkage=0.05


Tree=241
num_leaves=15
num_cat=0
split_feature=9 4 3 4 3 1 5 0 0 3 0 5 9 5
split_gain=1.79332 3.27402 3.26158 3.11866 3.03341 2.95182 3.1998 2.84887 7.01825 8.27632 7.25251 3.52976 2.65574 4.26165
threshold=0.014257405877293365 0.90358676573915087 2.7035108074298395 0.012659779422029878 0.56790177640194517 0.017590730389775988 0.035747622229632056 0.016753899415673932 -0.0013788801308778854 2.9200372352036998 0.00016541796725050347 0.034567090880682771 0.027432215814648449 -0.040680219043699596
decision_type=2 2 2 2 2 2 2 2 2 2 2 2 2 2
left_child=-1 2 3 -2 -3 -6 -7 8 12 -10 -11 -12 -4 -14
right_child=1 4 7 -5 5 6 -8 -9 9 10 11 -13 13 -15
leaf_value=0.0005194599240551178 0.055798206244656229 0.089404618525446747 -0.024225175295241232 -0.013439993886284847 -0.0095684649008016508 0.045878160959429259 -0.01019597822267328 -0.034441841282129688 0.14958402796788622 0.14242600653166471 -0.01465301940113174 0.076403619208963935 -0.034182397118522639 0.037180436911223344
leaf_weight=1356.127901699394 1.6524779871106137 1.1992778684943939 9.686592038720848 102.90233285352588 11.832927274517717 7.2706784438341838 3.9135150127112865 3.8517381325364104 1.629440706223251 1.12297429703176 5.0268875900655985 1.3501512967050073 3.1561926249414682 6.2049939818680269
leaf_count=19818 28 20 227 2742 234 101 70 95 35 18 104 31 94 107
internal_value=-7.25228e-05 -0.00506508 -0.00806924 -0.0123457 0.0118788 0.00783939 0.026257 0.00589074 0.0114041 0.0474482 0.0252584 0.00462556 -0.00587162 0.0131199
internal_weight=1516.93 160.8 136.584 104.555 24.2164 23.0171 11.1842 32.029 28.1772 9.12945 7.50001 6.37704 19.0478 9.36119
internal_count=23724 3906 3481 2770 425 405 171 711 616 188 153 135 428 201
is_linear=0
shrinkage=0.05


Tree=242
num_leaves=15
num_cat=0
split_feature=3 7 3 7 5 3 6 9 0 8 11 1 1 8
split_gain=1.47396 3.74337 4.78206 3.60554 6.14579 3.55646 3.52138 5.99051 4.00919 6.06639 3.9199 5.71649 5.72581 5.21396
threshold=0.50525055043628619 0.011310198135724153 0.25723495176155292 0.0097990027104593938 0.0093965863646923598 0.50885654936820479 -0.01688604394898972 0.0081498899329426958 0.0057233147491221967 0.1785438141187278 0.0059451788489501408 0.012801139528117778 -0.015210314962560425 0.60125320032255647
decision_type=2 2 2 2 2 2 2 2 2 2 2 2 2 2
left_child=1 3 -3 6 -5 -2 7 -1 10 -10 11 12 -8 -12
right_child=5 2 -4 4 -6 -7 8 -9 9 -11 13 -13 -14 -15
leaf_value=0.01235209715125596 0.016256367331276469 0.018154561508431647 -0.025012028039998774 0.02989514568172838 -0.0078096426765101399 0.00026800371263980069 0.042760087178037066 -0.045437868027701653 -0.0045696271182487499 0.027203476240647274 -0.0047584078133045245 0.031496962695667478 -0.00020735332560792481 0.025115076730641402
leaf_weight=7.3825217485427883 34.960045099258423 8.0271278321742994 31.964854270219803 24.527122616767883 19.320979177951813 6816.4245256483555 7.8134300708770743 11.422940224409102 29.347730308771133 30.777447164058685 740.58632054924965 14.727941721677778 1010.9397900998592 14.9000306725502
leaf_count=20 94 22 88 68 52 18366 21 31 79 83 1998 40 2722 40
internal_value=4.27085e-06 -0.00120793 -0.0163477 -0.000891215 0.0132811 0.000349586 -0.0012239 -0.0227511 -0.00100497 0.0116947 -0.00143179 0.000569306 0.00012219 -0.00416923
internal_weight=8803.12 1951.74 39.992 1911.75 43.8481 6851.38 1867.9 18.8055 1849.09 60.1252 1788.97 1033.48 1018.75 755.486
internal_count=23724 5264 110 5154 120 18460 5034 51 4983 162 4821 2783 2743 2038
is_linear=0
shrinkage=0.05


Tree=243
num_leaves=15
num_cat=0
split_feature=0 3 8 11 7 2 8 4 2 8 2 2 4 6
split_gain=1.28242 3.50587 4.27808 4.59802 7.95714 7.57582 7.93097 6.01137 5.81748 5.83531 6.31408 5.84725 5.28507 5.21404
threshold=8.3836565118313596e-05 2.1127265945038727 0.1302993693163266 0.004245510018889358 0.0022755443565560291 0.0051513174056633769 0.12426429408639021 0.83554535434695643 0.0057666752859159747 0.0077900281407502917 0.0060235945542126612 0.0061838561454854932 0.77009581232096247 -0.0036697139771496648
decision_type=2 2 2 2 2 2 2 2 2 2 2 2 2 2
left_child=1 2 3 4 12 6 -5 8 -7 -10 -11 -12 -1 -13
right_child=-2 -3 -4 5 -6 7 -8 -9 9 10 11 13 -14 -15
leaf_value=-0.00017743806799764363 0.00061353548242056564 0.0040844883704922721 -0.0022485773754171725 0.0070592666116025731 -0.013578618448089311 -0.010188231551472891 0.040837414876829153 -0.040427295551854953 0.024485425476966274 0.019064640405288928 -0.027579814779207464 -0.0087093133029985635 0.033016967234721632 0.0042015355346982771
leaf_weight=349.77119693160057 4383.246158093214 366.94547164440155 2571.2707822322845 355.736886292696 127.14034792780876 108.58197697997093 18.270305901765823 9.2156770527362806 28.701025545597076 44.776385426521301 19.294972658157349 108.24733185768127 12.416845440864561 281.71484971046448
leaf_count=958 11809 999 6952 955 350 292 49 25 77 120 52 293 34 759
internal_value=8.14198e-06 -0.000594661 -0.00102017 0.00113751 -0.0028171 0.00312317 0.00870933 -0.000355847 0.000268667 0.00262075 0.00123861 -0.000711721 0.000960561 0.000617688
internal_weight=8785.33 4402.08 4035.14 1463.87 489.328 974.539 374.007 600.532 591.317 482.735 454.034 409.257 362.188 389.962
internal_count=23724 11915 10916 3964 1342 2622 1004 1618 1593 1301 1224 1104 992 1052
is_linear=0
shrinkage=0.05


Tree=244
num_leaves=15
num_cat=0
split_feature=8 6 9 2 7 4 8 8 3 8 3 4 3 4
split_gain=1.75418 4.59075 5.21978 3.48101 4.29741 3.92169 3.55064 3.5109 3.49526 6.34037 6.61503 5.63242 4.62652 3.95955
threshold=0.095916637171342647 0.028437957058646591 0.016248188744797398 0.0012136271864110692 0.0011579278644673365 0.48443920568175886 0.1957926954067897 0.19776269058341037 0.46383446439326498 0.13324220520845648 0.45225795306799987 0.5261685637492387 0.18283852646015533 0.94186960005895048
decision_type=2 2 2 2 2 2 2 2 2 2 2 2 2 2
left_child=1 -1 -3 4 -2 -6 8 -8 9 -5 12 -12 -11 -14
right_child=3 2 -4 6 5 -7 7 -9 -10 10 11 -13 13 -15
leaf_value=0.0022242617706905287 -0.0053777146540933546 0.1326231390766516 -0.00092139712141082976 -0.01384096569631329 0.080821792504884471 0.014039655243667445 0.03828517958909463 0.00021629725946268328 -0.0083053077132445377 0.082129880203893807 0.14893490933585182 0.020438751709679223 0.0022422420901443271 0.061044922414058081
leaf_weight=421.31561990082264 7.8464953601360348 1.4462248682975762 1.4810372684150932 32.594946034252644 4.1543645858764631 4.6689712554216385 6.108308905735611 713.42309680208564 272.71870001032948 2.099576396867632 1.6266301237046712 1.79269652813673 42.389797454699874 3.0701502710580817
leaf_count=6071 63 9 33 458 24 31 93 11830 4440 20 21 24 577 30
internal_value=-7.08832e-05 0.0026578 0.0650568 -0.0011305 0.021543 0.0454832 -0.00148183 0.000539475 -0.00556383 0.00338216 0.0143943 0.0815665 0.00956492 0.0062135
internal_weight=1516.74 424.243 2.92726 1092.49 16.6698 8.82334 1075.82 719.531 356.292 83.5738 50.9789 3.41933 47.5595 45.4599
internal_count=23724 6113 42 17611 118 55 17493 11923 5570 1130 672 45 627 607
is_linear=0
shrinkage=0.05


Tree=245
num_leaves=15
num_cat=0
split_feature=4 4 4 9 3 9 8 6 6 4 5 6 1 3
split_gain=1.42913 2.07978 4.40579 4.48791 7.87808 6.67033 4.57748 3.60192 6.10355 6.5519 4.64993 6.08498 4.19335 3.81161
threshold=0.95954803765495744 0.83924917156521073 0.84986683433060428 0.0067669058091753961 0.57139569884569241 0.0098607204392216277 0.12880020490642627 0.00042282597470961504 0.01046240779824459 0.88043051450504095 0.014127866101723575 0.00080384150851579796 -0.0056451436368305146 0.8854404456947822
decision_type=2 2 2 2 2 2 2 2 2 2 2 2 2 2
left_child=1 -1 3 4 6 -5 -3 12 10 -10 11 -9 -4 -13
right_child=-2 2 7 5 -6 -7 -8 8 9 -11 -12 13 -14 -15
leaf_value=-0.0001711373603780124 -0.0033302317336520609 -0.025883881272917811 -0.01369721009280816 -0.017412541918849507 0.046897290727581614 0.01657462962747212 0.02097638297349752 0.039584723914812908 0.015161209313832264 -0.024935570898284284 -0.012166810186126635 0.0034501794616339961 0.00035911201227148691 0.017729177363887915
leaf_weight=7423.1244235634804 310.0453642308712 8.1705974638462084 58.000210791826248 23.776882439851761 20.372728705406189 36.748502314090729 14.389319151639937 17.494488418102264 15.589880079030989 29.40257728099823 23.36154118180275 124.09248730540276 622.78854018449783 74.972717136144638
leaf_count=19992 849 22 156 64 55 99 39 47 42 79 63 333 1683 201
internal_value=4.08767e-06 0.000125821 0.00218758 0.0119938 0.0243585 0.00322306 0.00400485 0.00113702 0.00585727 -0.011042 0.0090264 0.0113126 -0.000838425 0.00882799
internal_weight=8802.33 8492.28 1069.16 103.458 42.9326 60.5254 22.5599 965.702 284.914 44.9925 239.921 216.56 680.789 199.065
internal_count=23724 22875 2883 279 116 163 61 2604 765 121 644 581 1839 534
is_linear=0
shrinkage=0.05


Tree=246
num_leaves=15
num_cat=0
split_feature=0 4 9 2 9 4 4 9 3 11 6 0 8 2
split_gain=1.24901 3.28346 6.04162 5.83235 4.93124 4.64949 4.4074 3.09916 3.04493 5.23631 4.69641 4.62844 6.22188 2.98695
threshold=0.0080226050321640409 0.62179906568023458 0.023173773961777198 0.0060235945542126612 0.03327867382466753 0.65234471450617293 0.55706518724518261 0.012344865439399331 0.74711981581367748 0.0067426283908447304 -0.0065155413276408673 0.0088998554664037038 0.28997252683821112 0.0081592665224359193
decision_type=2 2 2 2 2 2 2 2 2 2 2 2 2 2
left_child=-1 2 3 -2 6 -3 -4 8 9 -7 11 12 -10 -11
right_child=1 5 4 -5 -6 7 -8 -9 10 13 -12 -13 -14 -15
leaf_value=-0.00016133549599473538 0.0035650968281327323 -0.026638283127681073 -0.049716703993863853 0.047372702626187896 0.026393364322589864 -0.030325340344402013 0.0041390328203641863 0.00012598759183480752 0.013622217009660362 0.03383574362538791 0.032949036498084769 0.021865395514252317 -0.042898528465245445 -0.0052315967823356839
leaf_weight=8130.8632400035858 13.418430477380754 14.792638659477232 7.4083853065967578 17.515068560838699 8.0007226765155774 11.196415811777117 7.7971844375133514 488.20979908108711 10.764220178127291 8.9502428174018878 25.223504990339279 20.872206687927246 8.8906460702419263 10.792037338018416
leaf_count=21959 36 40 20 47 22 30 21 1319 29 24 68 56 24 29
internal_value=7.7297e-06 0.00211018 0.0139028 0.0283697 -0.00538137 0.00104555 -0.0221003 0.0017457 0.00992405 -0.00301101 0.0160106 0.00546834 -0.0119443 0.0124797
internal_weight=8784.69 653.832 54.1398 30.9335 23.2063 599.692 15.2056 584.899 96.6893 30.9387 65.7506 40.5271 19.6549 19.7423
internal_count=23724 1765 146 83 63 1619 41 1579 260 83 177 109 53 53
is_linear=0
shrinkage=0.05


Tree=247
num_leaves=15
num_cat=0
split_feature=2 9 5 1 7 9 7 9 8 11 2 5 4 4
split_gain=1.73999 2.29203 2.17156 5.47976 9.21153 12.0939 6.52508 4.88192 4.83082 4.70218 13.9598 5.97788 8.78539 6.35703
threshold=0.010489738363247117 0.003984888998009777 -0.013655106462805823 0.0011500616682556329 0.0033926831068258395 0.0060478888265804087 0.0072130877948597258 0.026371466663028389 0.095916637171342647 0.0053547365197138619 0.0066975217859438991 -0.014291970322532556 0.24766165067481211 0.69630969899065098
decision_type=2 2 2 2 2 2 2 2 2 2 2 2 2 2
left_child=2 -2 3 7 5 -5 -6 9 -9 10 11 -1 -13 -14
right_child=1 -3 -4 4 6 -7 -8 8 -10 -11 -12 12 13 -15
leaf_value=0.0028376524285603014 0.069570504855149803 -0.0082412033063240728 -0.0004589164142767973 -0.0089827313863308743 0.0047703924359625179 0.15304426109046365 0.12146968821146675 0.1151781630915627 0.02069551390839329 -0.0065885852129995261 0.18359731284710562 0.15835801461773044 -0.034995142482236861 0.09673318223190687
leaf_weight=58.274460285902023 0.9580191895365705 77.981244668364525 1235.2369558978826 1.9016165323555494 18.825690194964412 2.9202896729111671 1.2792064733803261 1.627003178000449 8.029451431706546 102.92138928733766 1.1455679200589646 1.5500770770013321 2.3087857551872735 1.51808625459671
leaf_count=971 19 2213 17880 25 302 41 25 14 128 2002 22 23 36 23
internal_value=-6.93507e-05 -0.00729687 0.000327533 0.00512952 0.027081 0.0891456 0.0121956 0.00204464 0.0366148 5.42556e-05 0.0106055 0.0074921 0.0579362 0.0172603
internal_weight=1516.48 78.9393 1437.54 202.302 24.9268 4.82191 20.1049 177.375 9.65645 167.718 64.797 63.6514 5.37695 3.82687
internal_count=23724 2232 21492 3612 393 66 327 3219 142 3077 1075 1053 82 59
is_linear=0
shrinkage=0.05


Tree=248
num_leaves=15
num_cat=0
split_feature=4 0 4 3 0 6 4 8 3 7 7 1 9 3
split_gain=1.41044 5.16962 6.22911 4.65864 4.74337 4.40525 4.1835 4.88613 5.46914 8.89547 6.5139 8.84987 5.94687 4.71368
threshold=0.56947125697125711 -0.0067501439328693218 0.61034198135589857 0.38837302551111696 -0.00070996646948780066 0.00014720553341454653 0.50942529418135019 0.098989513372330584 1.6253056947993019 0.0025169011308823481 0.0028155842241344275 -0.0055301633080252297 0.0024716091131182466 0.42115020632252359
decision_type=2 2 2 2 2 2 2 2 2 2 2 2 2 2
left_child=6 -2 3 4 -3 -6 -1 -8 10 -10 11 -9 -13 -12
right_child=1 2 -4 -5 5 -7 7 8 9 -11 13 12 -14 -15
leaf_value=6.8178628773989469e-05 0.027839056824796583 0.044415331393646854 -0.00016767051800427381 -0.0088222914481477701 0.014053783397761883 -0.027091813577177805 0.012848778513353748 0.028294823525737606 0.024838521768430013 -0.023655719196698878 -0.0068492373940992812 0.026161018499992347 -0.017930171575366933 0.0121885837414172
leaf_weight=4318.9756592512131 15.810353040695189 7.8188633620738974 3576.167301774025 335.6712298989296 19.935625255107883 9.6561829149723035 138.83750432729721 15.260751008987425 12.187420219182966 42.201198816299438 39.243383526802063 8.5585201084613782 71.852456152439117 189.5975087583065
leaf_count=11621 43 21 9658 906 54 26 373 41 33 114 106 23 194 511
internal_value=4.23389e-06 -0.000694824 -0.000809056 -0.00695704 0.00977916 0.000627452 0.00057731 0.00482448 0.00188421 -0.0127891 0.00434347 -0.00661248 -0.0132373 0.00892383
internal_weight=8801.77 3965.06 3949.25 373.082 37.4107 29.5918 4836.71 517.739 378.901 54.3886 324.513 95.6717 80.411 228.841
internal_count=23724 10708 10665 1007 101 80 13016 1395 1022 147 875 258 217 617
is_linear=0
shrinkage=0.05


Tree=249
num_leaves=15
num_cat=0
split_feature=6 5 2 3 0 8 1 5 9 9 4 11 4 8
split_gain=1.21747 3.55741 3.8479 3.55426 3.2137 3.44767 3.11904 2.89741 2.85082 3.77281 2.98045 2.8474 3.44038 2.85985
threshold=-0.022106962150382051 0.081784525068783295 0.020243024887889313 2.2476998305945233 -0.00015204324886663022 0.43392119302866422 -0.036213110291332173 0.081784525068783295 0.01777258741688036 0.012244337497693396 0.63729719047795996 0.016491339077259495 0.9702298391605042 0.22351038926493344
decision_type=2 2 2 2 2 2 2 2 2 2 2 2 2 2
left_child=3 2 -2 4 -1 11 -4 8 9 -5 -11 12 -6 -13
right_child=1 -3 6 7 5 -7 -8 -9 -10 10 -12 13 -14 -15
leaf_value=-0.0051818361440866718 -7.6712917210721606e-05 0.023627673093306781 0.0028788246706079666 0.007070020393455511 0.013227876181186888 0.025696176365465596 -0.029262196613151815 -0.032785076389806801 0.0047476913180709247 -0.048347385483713985 -0.0094060212462810811 -0.03616073125516988 -0.021497500867678029 0.0080831208887010408
leaf_weight=38.186379224061966 8460.0027738213539 15.769350379705427 11.992431521415709 13.35943692922592 81.504204303026199 31.621229439973831 20.368103384971619 8.1121763885021192 61.232617825269699 9.1008020043373126 10.679574102163313 7.168411046266554 7.8167388439178458 7.4464551508426666
leaf_count=105 22829 43 36 36 220 87 64 24 165 25 29 20 21 20
internal_value=7.58127e-06 -9.8481e-05 -0.000142538 0.00327442 0.0076304 0.0112396 -0.0173511 -0.00411033 -0.00164547 -0.0134582 -0.0273226 0.00684136 0.010189 -0.0136179
internal_weight=8784.36 8508.13 8492.36 276.228 173.743 135.557 32.3605 102.485 94.3724 33.1398 19.7804 103.936 89.3209 14.6149
internal_count=23724 22972 22929 752 473 368 100 279 255 90 54 281 241 40
is_linear=0
shrinkage=0.05


Tree=250
num_leaves=15
num_cat=0
split_feature=11 6 6 8 1 5 4 9 7 1 6 2 6 0
split_gain=1.71967 3.11813 7.59765 3.5106 3.07656 4.5065 5.85158 7.06969 2.60594 2.60046 2.54535 4.44468 3.54488 3.28326
threshold=0.0032411731553780958 0.0088673905408199697 0.010698676499789277 0.17559567399283157 -0.0095648235093838685 -0.011161927676304115 0.54594979714203651 0.007300268334183087 0.0021785975544537863 -0.0087629459011554726 -0.009149089522027247 0.0029119081572739291 -0.0021228695698122814 -0.0022751429643670337
decision_type=2 2 2 2 2 2 2 2 2 2 2 2 2 2
left_child=1 4 3 -3 -1 6 7 -6 9 -7 11 -11 -12 -14
right_child=-2 2 -4 -5 5 8 -8 -9 -10 10 12 -13 13 -15
leaf_value=-0.035275200467103328 -0.00094652228161470247 0.12775125289017455 -0.035173873333787457 0.038209061107190939 0.1280766088179055 0.070599514925132514 -0.0073284060459133417 -0.0044323544854033897 -0.021973496322279237 0.078628879941700952 -0.0069200169369124575 -0.0010571061606457338 -0.0095895390817503385 0.0081415795843090191
leaf_weight=5.317893434315919 1192.7931382367387 1.8360511809587468 2.428352814167738 2.7107225134968758 2.7401173412799826 1.4158664382994164 3.5300511457026005 1.5910617783665655 10.830810397863386 2.9915373101830474 80.931618716567755 4.216204259544611 30.770199615508318 172.31004001945257
leaf_count=71 20434 22 35 33 27 18 41 21 124 23 858 42 362 1613
internal_value=-6.94836e-05 0.00316309 0.0362312 0.0743675 0.00243465 0.00307879 0.0404546 0.0793993 0.00211058 0.00300196 0.00267331 0.0320162 0.00192864 0.00545501
internal_weight=1516.41 323.621 6.97513 4.54677 316.645 311.328 7.86123 4.33118 303.466 292.635 291.22 7.20774 284.012 203.08
internal_count=23724 3290 90 55 3200 3129 89 48 3040 2916 2898 65 2833 1975
is_linear=0
shrinkage=0.05


Tree=251
num_leaves=15
num_cat=0
split_feature=2 7 3 2 8 11 7 8 3 8 8 11 3 4
split_gain=1.40374 5.92638 4.5475 4.40459 4.55224 3.79984 3.74775 5.24912 5.9134 5.85827 5.40968 6.37378 4.48368 4.45369
threshold=0.0042245806744901368 0.0020698365165185769 0.75153847702706889 0.003574903375890295 0.58205226585603753 0.0033352856743196733 0.0032610959563433117 0.23156148780891353 1.7580481406552839 0.27355928128467971 0.28547142493515715 0.0029770888070454393 0.27638609461785596 0.8215099189482149
decision_type=2 2 2 2 2 2 2 2 2 2 2 2 2 2
left_child=3 2 -2 -1 6 -3 7 8 -5 -9 -11 -12 -8 -14
right_child=1 5 -4 4 -6 -7 12 9 -10 10 11 -13 13 -15
leaf_value=0.00036262396509324904 0.0011425705195602059 -0.027079184186843092 0.05361795793195704 -0.00063357665411592663 0.016542178389175505 0.00045530467295758757 0.023589644970452725 -0.025372858018253425 0.021282738123042655 0.026162097515394608 0.034985651132242779 -0.0099256069788513559 -0.012526445314966418 0.0048431854358356617
leaf_weight=2267.3630776703358 7.4520248472690609 12.558262318372725 9.2573918402194959 380.22715663909912 26.950184434652328 5566.1521811783314 10.300223082303999 41.947197526693344 33.488941252231598 13.328255504369734 8.4118759632110578 129.82096737623215 250.8963628411293 43.268915116786957
leaf_count=6110 20 34 25 1021 73 14997 28 113 90 36 23 355 681 118
internal_value=4.40487e-06 0.000482377 0.0302151 -0.000829798 -0.00371019 0.000393322 -0.00430887 -0.00203887 0.00114048 -0.00883622 -0.00425942 -0.00719262 -0.00883615 -0.00997154
internal_weight=8801.42 5595.42 16.7094 3206 938.64 5578.71 911.69 607.224 413.716 193.508 151.561 138.233 304.466 294.165
internal_count=23724 15076 45 8648 2538 15031 2465 1638 1111 527 414 378 827 799
is_linear=0
shrinkage=0.05


Tree=252
num_leaves=15
num_cat=0
split_feature=7 3 3 7 8 6 5 7 6 7 2 2 2 9
split_gain=1.24637 4.37948 6.82022 5.73909 5.73424 4.52115 5.36766 5.07189 6.87208 4.17718 9.00928 5.66669 5.46572 4.40664
threshold=0.010940470433647913 0.22988242936719419 0.37469986595918875 0.011310198135724153 0.51593347015022839 -0.0069330845738007499 -0.0322304452812446 0.014755063973937147 -0.03278714028458448 0.0093146721922798912 0.0073731917194728522 0.014149526523177669 0.0050411420517089732 0.022044247326334344
decision_type=2 2 2 2 2 2 2 2 2 2 2 2 2 2
left_child=9 -2 -3 4 -4 6 -5 -8 -9 11 12 -1 -11 -13
right_child=1 2 3 5 -6 -7 7 8 -10 10 -12 13 -14 -15
leaf_value=-6.8306337381624421e-05 -0.031421182736222818 0.034165145638630566 0.0047902726685638648 -0.022542114029476951 0.050942073953870272 -0.0089836932941373907 0.032746828433328462 -0.027926215253872757 0.025678005185231154 -0.0085958921905369533 -0.013781745057092877 0.019172010533043241 0.031360848487373062 -0.0036508654894523936
leaf_weight=8316.4537280499935 8.3999426960945112 18.679141342639923 17.058735013008121 10.93756991624832 11.116114884614943 85.762363433837891 23.616812705993652 11.436712980270384 12.529188424348833 14.709696829318998 133.88297957181931 67.411631464958191 20.467518210411072 30.819065630435944
leaf_count=22434 24 51 47 32 30 243 65 32 34 41 369 183 55 84
internal_value=7.17947e-06 0.00391372 0.0054666 0.00235821 0.022999 -0.00167243 0.00904234 0.0163025 9.76578e-05 -8.36315e-05 -0.00786528 7.27102e-05 0.0146525 0.0120115
internal_weight=8783.28 199.537 191.137 172.457 28.1748 144.283 58.5203 47.5827 23.9659 8583.74 169.06 8414.68 35.1772 98.2307
internal_count=23724 558 534 483 77 406 163 131 66 23166 465 22701 96 267
is_linear=0
shrinkage=0.05


Tree=253
num_leaves=15
num_cat=0
split_feature=6 6 11 1 11 2 2 1 1 9 0 5 11 1
split_gain=1.70209 2.92153 3.07925 3.57582 3.06087 1.93978 1.85413 4.49349 4.58173 8.36044 3.30922 6.54823 3.77104 3.94978
threshold=0.038618411790241745 0.031080854691345718 0.011110023564533675 -0.028437322766992953 0.0066772383131052026 0.012073927691617754 0.010489738363247117 -0.016422494982974982 -0.014784994975082353 0.014099217710110716 0.0047165977484891737 -0.047740193668498125 0.01306073468644128 0.018581027803871403
decision_type=2 2 2 2 2 2 2 2 2 2 2 2 2 2
left_child=1 6 3 4 -3 -6 -1 -8 9 -9 -10 -12 13 -13
right_child=-2 2 -4 -5 5 -7 7 8 10 -11 11 12 -14 -15
leaf_value=0.00026265250116456839 -0.026239268242336956 0.093920125776006447 -0.034300837719274689 0.10519120461232306 -0.018053705142974889 0.062820356918098896 -0.034164158393752385 0.18122189456726287 -0.014516980052790653 -0.034102680691723057 0.11958814755351255 -0.012529786753738253 -0.034159305467133715 0.038028021802834391
leaf_weight=1431.4718652702868 6.18728994578123 1.165583137422799 1.5535461660474537 1.7576914522796858 3.0145362839102749 0.98327980935573567 13.351796073839067 0.92664506658911594 32.964745918288827 0.87786451354622841 1.295390978455546 6.905804447829726 4.9890335574746123 8.7678123172372562
leaf_count=21365 184 24 47 27 68 18 410 22 972 28 34 197 163 165
internal_value=-6.81113e-05 3.91243e-05 0.0293138 0.0435931 0.0226243 0.00183761 -0.0001261 -0.00806695 -0.0019245 0.07647 -0.00450019 0.0105376 0.003701 0.0157522
internal_weight=1516.21 1510.03 8.47464 6.92109 5.1634 3.99782 1501.55 70.0791 56.7273 1.80451 54.9228 21.958 20.6627 15.6736
internal_count=23724 23540 184 137 110 86 23356 1991 1581 50 1531 559 525 362
is_linear=0
shrinkage=0.05


Tree=254
num_leaves=15
num_cat=0
split_feature=11 3 4 9 0 7 5 6 4 4 8 8 11 2
split_gain=1.40041 3.31972 3.45605 3.89898 4.11872 2.47878 6.02033 3.5779 3.35529 2.84272 2.2783 4.20059 1.8196 4.52902
threshold=0.0014613150331545589 0.41068733619592801 0.81539401918375032 0.0023601712432499929 -0.00026276691285822212 0.0010398669608766449 -0.002600176706801681 0.00080384150851579796 0.84612949085427214 0.31215783888110049 0.10684746038056503 0.26620243449475117 0.0017230051694595546 0.0012136271864110692
decision_type=2 2 2 2 2 2 2 2 2 2 2 2 2 2
left_child=1 -1 3 4 -3 6 -2 8 10 -9 -8 -12 13 -7
right_child=5 2 -4 -5 -6 12 7 9 -10 -11 11 -13 -14 -15
leaf_value=-0.017397765098495093 -0.039059992592905227 0.014973931525250185 0.039666902138404153 0.022257999559599194 -0.024738638855345343 -0.017706641208773379 0.027877184277343328 0.00079807330921229265 -0.022946338053908753 -0.040145175150725097 -0.019968691217352019 0.02960549250580162 -1.6746751805648615e-05 0.025870266572688858
leaf_weight=11.515159428119658 13.75548481941223 12.140744060277937 9.4432176947593671 21.700842052698135 14.125191032886507 8.547723054885866 14.494437456130983 7.8292546272277859 8.0223165154457075 9.2461437284946424 10.068350791931154 7.4237194657325736 8632.3856508135796 19.714725524187088
leaf_count=31 37 33 26 60 38 23 39 21 22 25 27 20 23269 53
internal_value=4.56933e-06 0.00710364 0.0120181 0.00657484 -0.00638254 -5.14697e-05 -0.00936645 -0.00221125 0.00596649 -0.0213723 0.0132179 0.00107083 2.47221e-05 0.0126908
internal_weight=8800.41 68.9252 57.41 47.9668 26.2659 8731.49 70.8397 57.0842 40.0088 17.0754 31.9865 17.4921 8660.65 28.2624
internal_count=23724 188 157 131 71 23536 191 154 108 46 86 47 23345 76
is_linear=0
shrinkage=0.05


Tree=255
num_leaves=15
num_cat=0
split_feature=1 8 3 6 11 4 5 4 9 1 1 8 8 3
split_gain=1.24228 4.24351 3.19588 4.40014 2.93051 2.75259 5.30978 2.82638 3.1198 3.08316 2.45702 2.50291 2.81019 2.6102
threshold=-0.031665980329646175 0.079236187012099488 2.34915876472953 0.023348938664238757 0.014881465813066343 0.24016381808010556 -0.051562851520038401 0.36681039966848894 0.01035397921769759 -0.036213110291332173 -0.043138002794647509 0.51018787328742665 0.4001777968413226 1.3814120363211637
decision_type=2 2 2 2 2 2 2 2 2 2 2 2 2 2
left_child=1 -1 3 5 -4 6 -3 -7 -9 -10 -5 12 13 -12
right_child=-2 2 4 10 -6 7 -8 8 9 -11 11 -13 -14 -15
leaf_value=0.033787800708741454 -9.320194716244951e-05 -0.014311509714582447 0.01300101202935716 -0.0011399217530806652 -0.020687953050946783 -0.023275235117364238 0.038196485714129924 -0.01696676765054516 0.0023376211478456786 0.034258027403667533 -0.0053246050338248479 -0.044566474685473041 0.0086715205204567717 -0.04043606279621044
leaf_weight=11.062932044267653 8540.0347030758858 7.1449452936649349 74.262759387493134 33.594005256891251 7.069682538509368 10.458704978227614 14.76236918568611 11.448968350887297 22.121883630752556 11.496036231517797 10.233475416898733 7.9753393828868857 9.9983970522880536 10.964393138885496
leaf_count=30 23059 20 201 93 22 29 40 31 61 31 28 22 27 30
internal_value=7.02352e-06 0.00353526 0.00208974 -0.002233 0.0100727 0.00606304 0.0210713 0.000141616 0.00557598 0.0132532 -0.0110612 -0.0195697 -0.0131793 -0.0234857
internal_weight=8782.63 242.594 231.531 150.199 81.3324 77.4329 21.9073 55.5256 45.0669 33.6179 72.7656 39.1716 31.1963 21.1979
internal_count=23724 665 635 412 223 212 60 152 123 92 200 107 85 58
is_linear=0
shrinkage=0.05


Tree=256
num_leaves=15
num_cat=0
split_feature=8 6 9 8 8 2 0 0 5 6 9 6 0 9
split_gain=1.64735 3.89957 5.67512 3.28986 3.77999 7.47994 6.84376 5.41381 5.11167 6.24732 7.9048 5.91786 9.92416 8.40446
threshold=0.095916637171342647 0.028437957058646591 0.012458066999690128 0.1957926954067897 0.23329264116700596 0.0046271452041844055 -0.00023127185633454119 -0.0027930155928205052 -0.0092738721367257807 -0.0018481661193764647 0.0082336065420595701 0.0030593994899806021 0.0018591800406011691 0.0027003960406906521
decision_type=2 2 2 2 2 2 2 2 2 2 2 2 2 2
left_child=1 -1 -3 -2 5 6 7 -5 -8 -10 11 12 13 -11
right_child=3 2 -4 4 -6 -7 8 -9 9 10 -12 -13 -14 -15
leaf_value=0.0021637504627495543 -0.0050022030849629614 0.13095341937121155 -0.0046552089905417234 0.032667784412578095 -0.00078693194085082416 -0.0043773311630277657 -0.021353489399727036 -0.011731112652561099 0.021014000768361289 0.029089343210461607 0.17836996071247033 -0.015655214525786373 -0.016137570497594133 0.13437512958020065
leaf_weight=421.86490398831666 360.68130278773606 1.4427926540374749 1.6582004167139528 10.319612354040148 607.06615035329014 57.41582521982491 3.5617671050131312 20.515311770141125 16.800848696380857 2.9595350474119169 1.4064789116382588 2.4965361878275862 2.5637087561190119 5.2717426232993603
leaf_count=6071 5614 7 35 157 10137 1054 46 234 211 22 22 31 31 52
internal_value=-6.65366e-05 0.00257439 0.0584391 -0.00109518 0.000834227 0.00881525 0.0203101 0.00312799 0.0354214 0.0418413 0.0656484 0.0537204 0.0697648 0.0965199
internal_weight=1516.02 424.966 3.10099 1091.06 730.378 123.311 65.8955 30.8349 35.0606 31.4989 14.698 13.2915 10.795 8.23128
internal_count=23724 6113 42 17611 11997 1860 806 391 415 369 158 136 105 74
is_linear=0
shrinkage=0.05


Tree=257
num_leaves=15
num_cat=0
split_feature=1 1 11 11 11 8 7 7 6 8 4 0 4 3
split_gain=1.37705 3.59276 5.56817 8.60867 3.52057 3.44741 5.10112 10.8232 6.04322 5.46305 4.2713 6.16054 4.21078 4.23023
threshold=0.0040669703069970012 0.0043199609450707589 0.0042697734829846125 0.0033104564479703408 0.0026967164991642876 0.082035189826462226 0.0044904964419740191 0.0041487369223713556 0.0044382729744176005 0.027984272957722465 0.66709746693320626 -0.0034112487162550062 0.89304872157613258 0.5464446993651747
decision_type=2 2 2 2 2 2 2 2 2 2 2 2 2 2
left_child=-1 2 3 4 -2 6 7 9 -8 -3 11 -11 13 -12
right_child=1 5 -4 -5 -6 -7 8 -9 -10 10 12 -13 -14 -15
leaf_value=0.00045485191949697448 0.0049295760936129184 -0.0066065804601316046 -0.02437649504078214 0.038147604588579395 -0.039630714918445553 -0.0014496438372544052 0.011765726792408004 -0.027374765619099118 -0.023929175030239704 0.025672944675671629 0.039539022781239053 -0.004491536553825652 -0.0013126160920467211 0.013031573855267389
leaf_weight=5794.8618102967739 8.8317025601863914 118.51442712545395 39.589822679758072 11.474479526281355 8.898906856775282 2355.9402085840702 182.26789522171021 34.101835608482361 12.682668685913084 20.156420707702637 20.857135504484177 105.62969955801964 31.765570193529129 54.068203687667847
leaf_count=15577 24 319 107 31 24 6399 491 93 34 54 56 284 86 145
internal_value=4.45317e-06 -0.000864163 -0.0121589 0.00440301 -0.017435 -0.000599508 0.00285345 -0.000482744 0.00944357 0.00213005 0.00658389 0.000342129 0.0139428 0.0204105
internal_weight=8799.64 3004.78 68.7949 29.2051 17.7306 2935.98 580.044 385.093 194.951 350.991 232.477 125.786 106.691 74.9253
internal_count=23724 8147 186 79 48 7961 1562 1037 525 944 625 338 287 201
is_linear=0
shrinkage=0.05


Tree=258
num_leaves=15
num_cat=0
split_feature=9 9 2 7 3 1 0 3 4 2 1 2 11 7
split_gain=1.24251 4.75152 5.54312 4.65912 4.70431 4.24073 5.26786 4.21925 3.78897 3.29371 4.35093 3.92219 3.31091 4.64055
threshold=0.0070281333406778451 0.0070715449407577294 0.0057343341401703196 0.0039575426718199665 0.85677664396185882 -0.019262240743564342 -0.0025259354042570115 1.7580481406552839 0.20823398711349525 0.012559882880154583 0.0087424372887020974 0.011842038905464829 0.0121033488451517 0.011310198135724153
decision_type=2 2 2 2 2 2 2 2 2 2 2 2 2 2
left_child=5 2 3 4 -2 6 -1 9 -9 11 -11 12 -7 -14
right_child=1 -3 -4 -5 -6 7 -8 8 -10 10 -12 -13 13 -15
leaf_value=0.047968657645067497 -0.045011522731372461 -0.00039901174119135645 -0.048718144837814913 0.027222348948832898 0.0089023734004270334 0.00042753212503250496 0.007316578126992314 0.046473148582325818 0.0088537504700922347 -0.03798391057947504 0.0027537245442663259 0.031688223403078544 -0.031155817909730571 0.015936630634778775
leaf_weight=9.6520605683326703 8.8916343450546318 4784.8927571773529 10.793816685676573 7.4594680964946738 7.4245992302894583 3788.0027535259724 45.70357558131218 7.7351878285408011 49.689742803573608 12.96754825115204 13.252992063760756 9.9827802479267103 18.214588165283207 7.3390597701072684
leaf_count=26 24 12927 29 20 20 10229 123 21 136 36 36 27 50 20
internal_value=6.8204e-06 -0.000532455 -0.0190029 -0.00551257 -0.0204783 0.000662718 0.0144049 0.000468024 0.0139211 0.000267351 -0.0173934 0.000388462 0.000306528 -0.0176308
internal_weight=8782 4819.46 34.5695 23.7757 16.3162 3962.54 55.3556 3907.18 57.4249 3849.76 26.2205 3823.54 3813.56 25.5536
internal_count=23724 13020 93 64 44 10704 149 10555 157 10398 72 10326 10299 70
is_linear=0
shrinkage=0.05


Tree=259
num_leaves=15
num_cat=0
split_feature=6 6 5 3 1 9 0 9 4 2 2 0 11 3
split_gain=1.62714 2.5501 2.76514 6.0789 6.78909 5.44907 8.99608 1.78379 3.41323 2.96963 2.61388 2.57233 5.93532 4.7218
threshold=0.038618411790241745 0.031080854691345718 -0.0322304452812446 1.5431072543308268 -0.043138002794647509 0.028777240793240056 -0.008742895191278471 0.013248707695763412 0.99859187030540875 0.020243024887889313 0.013425833122603677 0.0099968457535057221 0.0045226320676210524 2.7035108074298395
decision_type=2 2 2 2 2 2 2 2 2 2 2 2 2 2
left_child=1 7 3 -3 -5 6 -6 9 11 10 -1 -9 13 -13
right_child=-2 2 -4 4 5 -7 -8 8 -10 -11 -12 12 -14 -15
leaf_value=0.00063022739362907088 -0.025998794931865639 -0.035915777007845769 -0.0081532432552448072 -0.034329462265857126 -0.034243080514826392 0.21525743276053949 0.18394862999341163 -0.0092850531567288865 0.074354591110700197 0.073693162811105759 -0.024578616072637182 -0.00031343847839794846 -0.0005293224057853356 0.11858836317981725
leaf_weight=1313.07365793176 6.0247537419199935 1.4967570975422857 3.4126014057546836 0.93301706388592709 0.9802307188510897 0.99901484884321679 0.91186863929033324 125.04967781528831 1.3499792218208302 1.3847096581011999 10.364150257781146 1.4577158801257604 46.471279680728912 1.9544873498380182
leaf_count=18782 184 36 62 24 26 20 16 3121 16 32 305 30 1038 32
internal_value=-6.6088e-05 3.7392e-05 0.0269772 0.0495085 0.0829434 0.120789 0.0709111 -0.000119345 -0.00484443 0.000509383 0.000432811 -0.00545562 0.00414414 0.0677927
internal_weight=1515.86 1509.84 8.73349 5.32089 3.82413 2.89111 1.8921 1501.11 176.283 1324.82 1323.44 174.933 49.8835 3.4122
internal_count=23724 23540 184 122 86 62 42 23356 4237 19119 19087 4221 1100 62
is_linear=0
shrinkage=0.05


Tree=260
num_leaves=15
num_cat=0
split_feature=9 3 0 1 1 2 5 8 3 11 6 3 3 3
split_gain=1.37699 5.11975 4.50528 4.83774 7.44682 4.24237 4.56738 7.15546 5.7949 4.85372 5.47158 4.82979 3.8508 5.00931
threshold=0.0064046372810490056 1.7378309638977074 0.003068407863985349 0.0068568488543713146 0.01484570361628829 0.012559882880154583 -0.014609657989804957 0.42960330485877635 0.71124433481633909 0.0053547365197138619 0.0088673905408199697 0.59679741926625163 0.5160915806196068 1.0235929068526948
decision_type=2 2 2 2 2 2 2 2 2 2 2 2 2 2
left_child=1 2 5 -4 12 6 7 8 -1 10 -10 -9 -5 -14
right_child=-2 -3 3 4 -6 -7 -8 11 9 -11 -12 -13 13 -15
leaf_value=-0.018036126653226885 0.0005066451706177335 -0.017460513749735226 0.0095399277561780266 0.0057473923245664879 0.029415022483233418 0.023621750808935742 -0.00066117472156018231 0.02483638257541336 -0.0225493568467817 0.0191826805072382 0.025430037510607628 -0.0040924125828030308 -0.031192891690715586 0.010895793871452031
leaf_weight=135.10930007696152 5351.218921482563 45.367010205984116 202.67451694607735 18.727202326059341 12.546663373708723 17.270334869623184 2860.1854719519615 23.771756201982498 24.83292093873024 22.329268991947174 7.8112679421901694 36.707041829824448 31.279128044843674 9.1338265538215619
leaf_count=366 14418 125 547 51 34 47 7714 64 67 60 21 99 86 25
internal_value=4.57821e-06 -0.000774676 -0.000552189 0.00559127 -0.00557248 -0.00109104 -0.00122824 -0.00770132 -0.0124674 0.00121895 -0.0110686 0.00727832 -0.0129951 -0.0216803
internal_weight=8798.96 3447.75 3402.38 274.361 71.6868 3128.02 3110.75 250.562 190.083 54.9735 32.6442 60.4788 59.1402 40.413
internal_count=23724 9306 9181 743 196 8438 8391 677 514 148 88 163 162 111
is_linear=0
shrinkage=0.05


Tree=261
num_leaves=15
num_cat=0
split_feature=8 3 3 11 1 2 5 11 3 7 1 3 7 7
split_gain=1.21985 2.82765 3.41757 3.09225 4.40915 2.95141 2.2458 1.82563 1.38286 6.9299 11.0791 5.48024 6.82188 5.31785
threshold=0.0033323611128471156 0.69929959583562884 0.91475657600848159 0.0062995716621106453 0.001236052346096214 0.0072847347014989927 -0.0018579337004621867 0.0043617116594206725 0.64893690000044879 0.0035846953357498508 -0.013936660534326375 0.68689878772185431 0.0073817555224171593 0.0024004442900384037
decision_type=2 2 2 2 2 2 2 2 2 2 2 2 2 2
left_child=1 3 -3 4 7 6 -4 -1 9 10 -2 12 -10 -12
right_child=8 2 5 -5 -6 -7 -8 -9 11 -11 13 -13 -14 -15
leaf_value=-0.026069209574535547 -0.035836639358286237 0.036630203041503835 0.0098314880123933808 -0.028727516806634237 0.036233953774118005 0.030373232647475486 -0.026791803162949074 0.008068439875635592 -0.008840021782860993 0.0029584943353684213 0.0021443596233466076 -0.00012381454566811839 0.016013301820907266 -0.0037111825638847375
leaf_weight=8.2220699191093463 23.308024197816849 13.011803954839705 9.2238753437995928 9.2242385149002057 7.774364322423934 7.8153395056724539 7.6640633344650295 7.4786991178989402 313.29860213398933 1720.7888469994068 697.77089864015579 5053.022810280323 30.278984695672989 872.671351313591
leaf_count=23 63 35 25 25 21 21 21 20 844 4632 1902 13658 83 2351
internal_value=7.40321e-06 0.00656197 0.0158916 -0.0041987 0.00543957 0.00496806 -0.00678885 -0.00980853 -4.55791e-05 0.000758263 -0.00161735 -0.000539291 -0.00664974 -0.00110948
internal_weight=8781.55 70.4145 37.7151 32.6994 23.4751 24.7033 16.8879 15.7008 8711.14 3314.54 1593.75 5396.6 343.578 1570.44
internal_count=23724 191 102 89 64 67 46 43 23533 8948 4316 14585 927 4253
is_linear=0
shrinkage=0.05


Tree=262
num_leaves=15
num_cat=0
split_feature=8 8 0 2 1 3 3 11 3 1 9 4 6 1
split_gain=1.57104 5.56641 9.76073 3.2955 5.234 6.67042 15.383 4.7687 3.89099 2.97175 4.71908 2.7456 6.40505 2.5158
threshold=0.12105827774657318 0.13185476994504763 0.0099968457535057221 0.00165798863630679 0.00026827778450612476 0.73768823680009199 1.0102780403703824 0.0042914709680834722 0.31487352007909492 -0.029832875094313534 0.01751175239149733 0.99859187030540875 0.00048902863503468973 0.0044284846657896811
decision_type=2 2 2 2 2 2 2 2 2 2 2 2 2 2
left_child=9 2 -2 4 8 7 -7 -6 -3 10 -1 -5 -13 -11
right_child=1 3 -4 11 5 6 -8 -9 -10 13 -12 12 -14 -15
leaf_value=0.088170029051477097 -0.023199469245680015 0.03201447333607526 0.11340164568046776 -0.0013419086980657824 -0.0013194115638031827 0.12576223822106158 -0.010170669506863895 0.070638712815099869 -0.023827504479747515 -0.0003586037057123992 -0.034202746318246678 0.0020748219566203035 0.10087325400568492 0.0073619473118970227
leaf_weight=2.3817884735763069 41.385001359507442 4.2268885970115688 1.3503879215568293 901.31822623498738 15.06913291662932 4.563000336289404 3.8267372101545334 2.7176193445920935 11.906441047787665 369.36533875577152 1.1772016827017067 6.549494266510008 2.1886327788233757 147.71364351920784
leaf_count=38 629 25 29 15001 119 32 36 17 112 5295 34 80 27 2250
internal_value=-6.51258e-05 -0.00122948 -0.018883 -0.000437314 0.0132036 0.0270097 0.0637604 0.009675 -0.00919706 0.00216032 0.047693 -0.0010715 0.0268208 0.00184692
internal_weight=1515.74 995.102 42.7354 952.366 42.3098 26.1765 8.38974 17.7868 16.1333 520.638 3.55899 910.056 8.73813 517.079
internal_count=23724 16107 658 15449 341 204 68 136 137 7617 72 15108 107 7545
is_linear=0
shrinkage=0.05


Tree=263
num_leaves=15
num_cat=0
split_feature=4 4 6 8 8 3 5 2 4 5 11 1 4 8
split_gain=1.39637 4.74064 5.20613 4.18498 4.30678 6.58516 6.56019 5.03053 4.14729 3.54323 6.00074 5.51453 4.61339 4.35989
threshold=0.3786127389118138 0.28520387807108399 0.020896695547570062 0.4001777968413226 0.26850021117514383 0.34338568877538406 -0.025312243535953519 0.0062137679073511727 0.38674549549549558 0.0010311521928933348 0.0017230051694595546 0.011907695171013291 0.15745176157587812 0.38629626261511885
decision_type=2 2 2 2 2 2 2 2 2 2 2 2 2 2
left_child=1 9 3 4 -3 -6 -7 -8 -2 12 -11 -12 -1 -13
right_child=8 2 -4 -5 5 6 7 -9 -10 10 11 13 -14 -15
leaf_value=0.0041499435515214549 -0.012649143083261989 0.0055327112931730232 -0.013497728725735549 0.013103903780867697 -0.048036213025959673 -0.03030043401558162 -0.0046633422474030737 0.01686745474395376 -0.00031835348450585466 0.027892733648297859 -0.0049453580218487316 0.010607682217518649 -0.0016185722659110809 -0.0063169401094161585
leaf_weight=704.26256266236305 69.038383185863495 509.37311974167824 40.041736394166946 132.09427684545517 8.0831497311592084 17.453584164381027 81.947275698184967 40.554822355508804 5551.27210521698 15.828531473875044 774.41902646422386 114.21299806237221 682.49013316631317 57.06374379992485
leaf_count=1894 186 1368 108 358 22 47 221 109 14987 43 2083 309 1833 156
internal_value=3.83054e-06 0.000841533 0.00409074 0.00498278 0.003351 -0.00415585 -0.00162153 0.00246452 -0.000469822 -0.000306276 -0.00263874 -0.00314976 0.00131097 0.00496896
internal_weight=8798.14 3177.82 829.548 789.506 657.412 148.039 139.956 122.502 5620.31 2348.28 961.524 945.696 1386.75 171.277
internal_count=23724 8551 2233 2125 1767 399 377 330 15173 6318 2591 2548 3727 465
is_linear=0
shrinkage=0.05


Tree=264
num_leaves=15
num_cat=0
split_feature=6 7 2 7 4 4 9 11 7 9 9 11 9 0
split_gain=1.19802 4.7363 4.88218 4.30373 4.58492 4.30496 3.77432 3.38124 3.12062 4.2755 3.92354 4.22863 3.40811 2.64129
threshold=0.026415941827387292 0.006270109568075422 0.008801385875178298 0.0059584613673802677 0.35068127783796804 0.14219886632492951 0.019408746153627726 0.0068467847198277502 0.0068740843864017786 0.026371466663028389 0.021556594587030214 0.014881465813066343 0.030714632034214585 0.0010362152033261886
decision_type=2 2 2 2 2 2 2 2 2 2 2 2 2 2
left_child=-1 3 -3 4 5 7 -7 -2 9 -4 13 12 -12 -10
right_child=1 2 8 -5 -6 6 -8 -9 10 -11 11 -13 -14 -15
leaf_value=-8.2319873329503667e-05 0.023394335389200299 -0.042255715476202854 -0.041408585494677234 0.03918257888243256 -0.011282340827796994 0.058361504134318745 0.016551357404218543 -0.016948593233741118 0.0092936758240443184 0.0050773026104354302 -0.016294784864398632 -0.029517524443855393 0.011993837762988921 0.041017977489893998
leaf_weight=8579.6674989163876 9.2975829243659991 7.1986165642738333 9.7799261808395404 13.437503963708876 20.763530522584915 8.5976603031158465 14.503109991550444 11.766916155815123 25.518781125545502 10.008093446493147 15.618156135082243 12.565943032503126 33.450925499200821 8.8317224085330945
leaf_count=23172 25 20 27 36 56 23 39 32 70 27 43 39 91 24
internal_value=7.14616e-06 0.00381958 -0.00230234 0.0134261 0.00809557 0.0172058 0.0321123 0.000858226 0.000181897 -0.0178976 0.00390911 -0.00363762 0.00298988 0.0174502
internal_weight=8781.01 201.338 122.972 78.3663 64.9288 44.1653 23.1008 21.0645 115.774 19.788 95.9855 61.635 49.0691 34.3505
internal_count=23724 552 341 211 175 119 62 57 321 54 267 173 134 94
is_linear=0
shrinkage=0.05


Tree=265
num_leaves=15
num_cat=0
split_feature=6 6 11 0 0 11 9 4 2 2 0 11 7 9
split_gain=1.56054 2.29848 2.58082 2.95709 3.27452 3.96503 1.68208 2.86197 2.58978 2.49345 2.38291 5.17129 3.91967 4.24718
threshold=0.038618411790241745 0.031080854691345718 0.011110023564533675 -0.022125267665112028 -0.012216489517277197 0.0081322549884417974 0.013248707695763412 0.99859187030540875 0.020243024887889313 0.013425833122603677 0.0099968457535057221 0.0045226320676210524 0.0031457762489709405 0.01751175239149733
decision_type=2 2 2 2 2 2 2 2 2 2 2 2 2 2
left_child=1 6 3 -3 -5 -6 8 10 9 -1 -8 12 13 -12
right_child=-2 2 -4 4 5 -7 7 -9 -10 -11 11 -13 -14 -15
leaf_value=0.0006103435235936133 -0.02577783316057506 0.10086648738109877 -0.034254464211370066 -0.034745071203477584 0.10117866264064286 0.0030356201268298961 -0.0090272575368858972 0.064706558950050966 0.066585642501206813 -0.024314628715772741 -0.034682623061581284 -0.00059887224077591675 0.13702455388445664 0.096732157805057395
leaf_weight=1313.5940312389284 5.8778392812237135 1.4716226644814003 1.5128796212375162 1.7949744593352077 1.8301720526069392 2.3512563426047564 123.83941576443613 1.4721699431538571 1.480550518259405 10.111180674284695 1.3374403603374956 46.562257958576083 1.1626936979591844 1.1379430182278154
leaf_count=18782 184 26 47 41 32 38 3121 16 32 305 25 1038 19 18
internal_value=-6.4683e-05 3.54309e-05 0.0252831 0.0373767 0.0217431 0.0459919 -0.000115327 -0.00471506 0.000493876 0.000419953 -0.00530228 0.00388688 0.0612981 0.0257292
internal_weight=1515.54 1509.66 8.96091 7.44803 5.9764 4.18143 1500.7 175.512 1325.19 1323.71 174.04 50.2003 3.63808 2.47538
internal_count=23724 23540 184 137 111 70 23356 4237 19119 19087 4221 1100 62 43
is_linear=0
shrinkage=0.05


Tree=266
num_leaves=15
num_cat=0
split_feature=0 2 3 4 9 11 4 7 9 9 11 7 6 3
split_gain=1.35856 3.26316 5.21755 3.45723 2.9608 3.00632 2.59431 3.32843 3.42046 1.88832 3.61203 5.08981 2.78257 3.0281
threshold=-0.019438778248737482 0.013083956619987168 1.6049158639372354 0.28948890420904405 0.03637897346462237 0.014881465813066343 0.090459715025352633 0.006270109568075422 0.030714632034214585 0.01476492596584328 0.0031375936563004234 0.0021111182200037036 -0.019954777922623155 4.6856609021149556
decision_type=2 2 2 2 2 2 2 2 2 2 2 2 2 2
left_child=1 2 -1 6 -3 -6 -4 8 -8 -2 -11 -12 13 -13
right_child=9 4 3 -5 5 -7 7 -9 -10 10 11 12 -14 -15
leaf_value=-0.046915012144967183 -0.00022864159541209742 0.028932320644823165 -0.018071622048421689 -0.035643349371732212 -0.013910697439207767 0.02422288383735563 0.011776718531573614 0.025301091093756334 -0.029711467148934131 -0.035863723462462867 0.049972943455668488 -0.0055604588548273477 0.0029051944865060449 0.015348562828574963
leaf_weight=9.2943989634513837 7455.1830771565437 10.46486860513687 16.059915661811829 8.7191892266273481 17.659926652908329 7.3069174587726584 11.202768534421923 13.738777160644529 8.9263782203197461 6.3067086637020102 5.5209079384803763 180.12451580166817 1027.9154948592186 19.157455563545227
leaf_count=25 20097 29 43 24 48 22 30 37 24 17 15 490 2771 52
internal_value=4.01008e-06 -0.00569422 -0.0121095 -0.00659348 0.00660723 -0.00275034 -0.00152033 0.00632817 -0.00662144 7.17613e-05 0.00187928 0.00207238 0.00185688 -0.00355042
internal_weight=8797.58 103.373 67.9414 58.647 35.4317 24.9668 49.9278 33.8679 20.1291 8694.21 1239.03 1232.72 1227.2 199.282
internal_count=23724 282 183 158 99 70 134 91 54 23442 3345 3328 3313 542
is_linear=0
shrinkage=0.05


Tree=267
num_leaves=15
num_cat=0
split_feature=7 3 3 7 8 6 5 7 6 7 2 6 2 2
split_gain=1.20845 4.12959 6.30202 5.33486 5.33878 4.1391 5.00964 4.71676 6.43831 3.88418 8.431 5.31993 8.1848 5.23003
threshold=0.010940470433647913 0.22988242936719419 0.37469986595918875 0.011310198135724153 0.51593347015022839 -0.0069330845738007499 -0.0322304452812446 0.014755063973937147 -0.03278714028458448 0.0093146721922798912 0.0073731917194728522 -0.0028886913202414819 0.0049962485392203793 0.014149526523177669
decision_type=2 2 2 2 2 2 2 2 2 2 2 2 2 2
left_child=9 -2 -3 4 -4 6 -5 -8 -9 13 11 -11 -13 -1
right_child=1 2 3 5 -6 -7 7 8 -10 10 -12 12 -14 -15
leaf_value=-6.6762410510703483e-05 -0.030597032675809328 0.032977273616588386 0.0046588138902134641 -0.021889207934037994 0.049150602198215022 -0.008542242477769163 0.031567226062224271 -0.027150667835411802 0.024819805734855913 0.038958192961917187 -0.01332949396540201 -0.035942886475633651 0.025879012186050588 0.011534612848756426
leaf_weight=8314.4074079990387 8.3315397500991804 18.643831342458725 17.046571165323261 10.871596246957777 11.154544472694395 85.397732853889465 23.641529053449631 11.379574924707411 12.511427998542787 13.409131675958632 133.55074480175972 9.4927036762237567 12.279202848672865 98.294598072767258
leaf_count=22434 24 51 47 32 30 243 65 32 34 36 369 27 33 267
internal_value=7.45853e-06 0.00385961 0.00536541 0.0023725 0.0222569 -0.00152705 0.00873046 0.0157338 6.56378e-05 -8.18616e-05 -0.00759306 0.014183 -0.00107577 6.87889e-05
internal_weight=8780.41 198.978 190.647 172.003 28.2011 143.802 58.4041 47.5325 23.891 8581.43 168.732 35.181 21.7719 8412.7
internal_count=23724 558 534 483 77 406 163 131 66 23166 465 96 60 22701
is_linear=0
shrinkage=0.05


Tree=268
num_leaves=15
num_cat=0
split_feature=11 11 4 9 8 8 8 0 7 8 3 9 1 9
split_gain=1.52658 3.04277 6.63422 3.49946 2.70751 2.21033 4.24541 7.64299 3.81409 3.44114 3.72163 3.82202 3.36967 4.24135
threshold=0.0032411731553780958 0.0032054104845872689 0.20438222925575897 0.0054309087663663548 0.0048685612819818029 0.11973766255821762 0.13185476994504763 0.0099968457535057221 0.0024395335458809726 0.0090753545897719005 0.68689878772185431 0.0044124475590295456 -0.029832875094313534 0.01751175239149733
decision_type=2 2 2 2 2 2 2 2 2 2 2 2 2 2
left_child=1 4 -3 -4 -1 9 7 -7 -8 10 11 -2 13 -11
right_child=5 2 3 -5 -6 6 8 -9 -10 12 -12 -13 -14 -15
leaf_value=0.037432219943689962 -0.03551641743407874 0.1113815646335312 -0.035412493361693019 0.041817698930632918 0.0015997228032190642 -0.024496708127499246 -0.013843773653083803 0.085228659775926113 -0.00059477849972607542 0.090435603764770653 -0.031603624406097562 0.021610801306486016 0.0030919584440461337 -0.034133457510431169
leaf_weight=5.3625036627054206 4.1999024525284794 2.035525567829608 2.6878174468874931 3.2287967503070831 311.57635728269815 33.688618050888181 58.816889420151711 1.6655055135488499 710.59900004044175 2.3287653122097249 15.038527198135851 9.6666606739163381 353.60132279619575 0.96708612330257882
leaf_count=44 52 22 33 39 3152 583 864 32 12705 34 271 145 5718 30
internal_value=-6.53943e-05 0.00297246 0.0335204 0.00673333 0.002206 -0.000894383 -0.00238603 -0.0193276 -0.00160758 0.00221715 -0.0143758 0.00430812 0.00356101 0.0538839
internal_weight=1515.46 324.891 7.95214 5.91661 316.939 1190.57 804.77 35.3541 769.416 385.802 28.9051 13.8666 356.897 3.29585
internal_count=23724 3290 94 72 3196 20434 14184 615 13569 6250 468 197 5782 64
is_linear=0
shrinkage=0.05


Tree=269
num_leaves=15
num_cat=0
split_feature=8 11 4 9 11 5 11 3 11 11 4 5 6 9
split_gain=1.33563 2.98725 2.55013 1.56169 2.55955 4.23615 2.99951 2.55656 3.72859 4.24113 2.83207 2.77031 4.30878 2.54524
threshold=0.76306965653910852 0.0050572816872082359 0.46171834650037308 0.03327867382466753 0.0097632359222385705 -0.045333842948068477 0.007165882397751012 1.6049158639372354 0.01073140735366139 0.014881465813066343 0.69259538366494833 -0.03737066421724413 0.00087762023643508035 0.023815479227886193
decision_type=2 2 2 2 2 2 2 2 2 2 2 2 2 2
left_child=3 -2 -3 13 5 -5 -7 10 -9 11 -6 -10 -13 -1
right_child=1 2 -4 4 7 6 -8 8 9 -11 -12 12 -14 -15
leaf_value=-9.672118239362139e-05 -0.019145550237873857 0.041430202174098041 0.0074641080815350111 -0.048144497035256646 -0.0010142093581850234 0.017851667510998741 -0.016269367652778852 0.027700987842975658 -0.026460551261294096 0.018754980578867181 -0.039859793266675769 -0.01914098251179978 0.028094416061412948 0.00515196955611658
leaf_weight=8396.8326142728329 6.9337918758392325 7.9326831996440914 18.214371472597122 8.0575216114521009 11.842706859111788 8.5289126634597761 26.30891489982605 13.407022356986998 16.653260350227356 17.084005773067474 7.7707949280738822 11.184359073638918 8.4948488771915418 237.50935676693916
leaf_count=22634 19 23 51 22 33 23 71 36 45 50 21 30 23 643
internal_value=3.82117e-06 0.0100316 0.017769 -3.40316e-05 -0.00548765 -0.0154725 -0.00791594 -0.000532545 0.00412612 -0.00179095 -0.0164047 -0.0114519 0.00124894 4.76573e-05
internal_weight=8796.76 33.0808 26.1471 8763.67 129.332 42.8953 34.8378 86.437 66.8235 53.4165 19.6135 36.3325 19.6792 8634.34
internal_count=23724 93 74 23631 354 116 94 238 184 148 54 98 53 23277
is_linear=0
shrinkage=0.05


Tree=270
num_leaves=15
num_cat=0
split_feature=0 4 8 1 8 3 8 11 2 11 2 2 2 11
split_gain=1.18432 5.61385 5.0659 6.05274 5.13601 4.0985 4.48164 5.27641 10.9098 5.86962 5.7838 4.92266 4.8155 5.87212
threshold=-0.00091494184887632531 0.71066266795438771 0.040604558799822187 0.0085913001589764341 0.40964864250299066 2.1573600451903601 0.2127810300355599 0.0066515406245617669 0.0082947074858374711 0.0065566387598150096 0.0047276016883886834 0.0050411420517089732 0.0075649011254460214 0.0059667084876402965
decision_type=2 2 2 2 2 2 2 2 2 2 2 2 2 2
left_child=1 5 -3 4 -4 6 7 9 10 12 -9 -12 -1 -14
right_child=-2 2 3 -5 -6 -7 -8 8 -10 -11 11 -13 13 -15
leaf_value=-0.0011478483811480419 0.00048413113200762272 0.024869791171907449 -0.031873899858442148 0.016029434202708175 -0.00016971695866759015 0.0050344232415988266 -0.0030043690436545628 0.025498521009894599 -0.0031820594646957199 -0.028135067826353728 -0.017716283390336082 0.0097657193802676723 0.054357358980342919 0.0046156466159823
leaf_weight=1119.667937874794 5242.5345672667027 7.8197010457515708 47.332578092813492 11.50911310315132 17.496025711297989 316.43987795710564 1427.2365846335888 56.899129718542099 236.86263293027878 19.739772379398346 17.533734053373337 230.56138348579407 8.5616286993026751 19.326928228139877
leaf_count=3031 14146 21 132 31 48 862 3861 153 644 53 47 620 23 52
internal_value=7.13473e-06 -0.000699871 -0.0134591 -0.0173854 -0.0233175 -0.000388884 -0.000936058 0.000791095 0.00486862 -0.00110169 0.0111209 0.00782347 -0.00063667 0.0198861
internal_weight=8779.52 3536.99 84.1574 76.3377 64.8286 3452.83 3136.39 1709.15 541.857 1167.3 304.994 248.095 1147.56 27.8886
internal_count=23724 9578 232 211 180 9346 8484 4623 1464 3159 820 667 3106 75
is_linear=0
shrinkage=0.05


Tree=271
num_leaves=15
num_cat=0
split_feature=6 6 11 1 11 2 2 1 1 4 0 5 11 1
split_gain=1.48876 2.10342 2.36381 2.70442 2.86266 1.62622 1.61629 4.42627 4.03404 6.64477 3.04889 5.36289 3.56263 3.53017
threshold=0.038618411790241745 0.031080854691345718 0.011110023564533675 -0.028437322766992953 0.0065923111452751417 0.0096908840996834927 0.010489738363247117 -0.016422494982974982 -0.014784994975082353 0.26984143346300721 0.0047165977484891737 -0.047740193668498125 0.01306073468644128 0.018581027803871403
decision_type=2 2 2 2 2 2 2 2 2 2 2 2 2 2
left_child=1 6 3 4 -3 -6 -1 -8 9 -9 -10 -12 13 -13
right_child=-2 2 -4 -5 5 -7 7 8 10 -11 11 12 -14 -15
leaf_value=0.00024609510554565462 -0.02552593788076853 0.083448595192591846 -0.034230927482254529 0.084309909717677212 -0.034807759492089863 0.026381535986834216 -0.034138111388379938 0.15306381299362198 -0.013920712321473983 -0.034138246521767938 0.10330377497283515 -0.012148009159054009 -0.03412726264667322 0.035544058965155959
leaf_weight=1431.6389923654497 5.7194510539993635 1.2635237388312806 1.466023104265332 2.0446485690772525 2.0258304364979267 2.3401949889957905 12.790627134963868 1.0644808951765288 32.026478573679924 0.85456908866763104 1.44631474465132 6.7867458220571306 4.7805653680115929 9.0596811380237323
leaf_count=21365 184 22 47 27 42 46 410 24 972 26 34 197 163 165
internal_value=-6.44729e-05 3.19942e-05 0.0239451 0.0350586 0.0171706 -0.00201022 -0.000113676 -0.00759902 -0.00153943 0.0697012 -0.0040665 0.0102311 0.00370509 0.0151184
internal_weight=1515.31 1509.59 9.14022 7.6742 5.62955 4.36603 1500.45 68.8095 56.0188 1.91905 54.0998 22.0733 20.627 15.8464
internal_count=23724 23540 184 137 110 88 23356 1991 1581 50 1531 559 525 362
is_linear=0
shrinkage=0.05


Tree=272
num_leaves=15
num_cat=0
split_feature=11 5 9 5 9 8 11 4 7 4 9 11 3 3
split_gain=1.31853 3.29771 5.32284 2.95608 2.41275 3.83964 3.17957 3.83016 3.04646 2.64393 3.341 3.18178 2.97841 3.08148
threshold=0.0014613150331545589 -0.0020061770394058064 0.0014654606547742949 -0.00050488160595288443 0.0014654606547742949 0.15695303551888948 0.002079427505256208 0.95506901109053366 0.00087950428732614966 0.7071471755048242 0.0062965405479711535 0.0017230051694595546 1.4531757726630312 1.0960872818548673
decision_type=2 2 2 2 2 2 2 2 2 2 2 2 2 2
left_child=1 -1 -3 -4 5 -2 7 8 -6 10 12 -11 13 -10
right_child=4 2 3 -5 6 -7 -8 -9 9 11 -12 -13 -14 -15
leaf_value=0.033729090577044707 0.034132463417272711 -0.0275369908608546 -0.019099759725315409 0.015365727780994615 0.014592636171330296 -0.011232016335845967 5.7431646230175261e-05 -0.040330135725329383 -0.014124349697317882 0.024734986545467689 0.010866520319663023 -0.0046458993530924652 -0.040307724163097865 0.013294065103622302
leaf_weight=9.8187109231948835 12.572033524513246 11.839972019195555 7.3770689964294425 39.712721705436707 18.194213390350342 7.4158276319503775 8504.1947636008263 7.9335840344429007 93.223868101835251 12.645838499069212 15.975172847509382 33.961366325616837 9.5292237102985364 11.512970715761183
leaf_count=27 34 32 20 109 49 20 22933 23 251 34 43 92 26 31
internal_value=3.98558e-06 0.0069013 0.00243133 0.00996638 -5.03482e-05 0.0173015 -9.01805e-05 -0.00627476 -0.00488952 -0.00689384 -0.010551 0.00332596 -0.0135453 -0.0111104
internal_weight=8795.91 68.7485 58.9298 47.0898 8727.16 19.9879 8707.17 202.976 195.043 176.848 130.241 46.6072 114.266 104.737
internal_count=23724 188 161 129 23536 54 23482 549 526 477 351 126 308 282
is_linear=0
shrinkage=0.05


Tree=273
num_leaves=15
num_cat=0
split_feature=9 5 0 1 7 7 2 0 8 2 5 6 6 2
split_gain=1.17473 4.59 7.02981 4.64977 4.3456 9.95236 8.60298 6.44636 5.43598 5.52926 5.11983 4.70255 4.51753 5.88504
threshold=0.003984888998009777 -0.0094694239919710273 0.0009565247868062748 0.0052137091064455689 0.0051897932681553086 0.0042367524516408539 0.0025482377495209983 0.0011097457065896653 0.042079006556792066 0.0050411420517089732 -0.0041827535073447912 -0.0029642100330868324 -0.0095745964072243683 0.0052082660236309267
decision_type=2 2 2 2 2 2 2 2 2 2 2 2 2 2
left_child=1 2 3 -1 5 10 -7 11 -6 -10 -3 -8 -12 -14
right_child=-2 4 -4 -5 8 6 7 -9 9 -11 12 -13 13 -15
leaf_value=-0.0025856815204243532 0.00023809652751689944 -0.011889051528665817 0.027185899513733749 0.038533760761395683 0.026776054469887491 -0.018418091232099611 -0.0095704804188325894 0.062160690132685562 -0.0084987276434230104 -0.040239227710770355 0.035449436983765348 0.027713863576307753 -0.00077117095682802475 -0.018757055488292734
leaf_weight=89.062215656042099 7571.5232010185719 138.58854278922081 33.4544937312603 7.4501751065254203 7.0277161896228781 13.649305671453474 11.577623069286341 10.042788654565809 38.883075356483459 21.202628701925278 8.1949947476387006 31.376893132925037 748.3526476919651 48.42346864938736
leaf_count=241 20434 377 90 20 19 37 31 27 107 57 22 84 2048 130
internal_value=7.13732e-06 -0.00144133 0.00743487 0.000588492 -0.00251215 -0.00169364 0.0169798 0.0260964 -0.0148325 -0.0196991 -0.0030126 0.0176645 -0.00148438 -0.00186425
internal_weight=8778.81 1207.29 129.967 96.5124 1077.32 1010.21 66.6466 52.9973 67.1134 60.0857 943.56 42.9545 804.971 796.776
internal_count=23724 3290 351 261 2939 2756 179 142 183 164 2577 115 2200 2178
is_linear=0
shrinkage=0.05


Tree=274
num_leaves=15
num_cat=0
split_feature=6 0 9 0 0 4 8 2 2 7 6 2 5 0
split_gain=1.4783 2.42144 3.98924 3.12733 4.61809 4.68314 5.00923 5.50006 4.40792 4.81867 10.7679 6.89758 4.6201 4.05164
threshold=-0.025489028414618229 0.01521878337374343 0.019408746153627726 0.011947816313223704 0.0099968457535057221 0.95954803765495744 0.29696571412474876 0.011438652456839485 0.0083716372136941729 0.0036376173691621883 -0.0061349431697354916 0.0049962485392203793 0.013567133586086065 0.011391889413140715
decision_type=2 2 2 2 2 2 2 2 2 2 2 2 2 2
left_child=-1 3 -3 4 -2 6 7 8 9 11 12 -6 -11 -8
right_child=1 2 -4 -5 5 -7 13 -9 -10 10 -12 -13 -14 -15
leaf_value=-0.012309278928657328 -0.00012933297345967204 0.085119132740417477 0.0095812871835816785 -0.023701537881347334 0.1098224520339217 -0.034732375246231774 -0.034382863450036966 0.17374574780469854 -0.034261864545190757 0.11715136259249109 0.23371434956994516 -0.034507927972764987 -0.03441676691741035 0.064590445739217836
leaf_weight=24.252620149403811 1447.5737426588312 2.0745393335819236 11.098751323297618 13.851302018389104 1.3790891021490117 2.6109844930469981 3.2601153273135415 0.95666111633181561 1.383539782837033 0.98615957424044687 1.1127292215824125 2.0707488209009171 1.0257292427122591 1.514351090416312
leaf_count=564 22229 34 232 319 21 50 79 23 36 19 18 43 23 34
internal_value=-6.40141e-05 0.000135181 0.021477 -5.50725e-05 0.000168672 0.0266338 0.0383385 0.0604734 0.0468565 0.0639271 0.108906 0.0231888 0.0398768 -0.0029908
internal_weight=1515.15 1490.9 13.1733 1477.73 1463.87 16.3001 13.6891 8.91466 7.958 6.57446 3.12462 3.44984 2.01189 4.77447
internal_count=23724 23160 266 22894 22575 346 296 183 160 124 60 64 42 113
is_linear=0
shrinkage=0.05


Tree=275
num_leaves=15
num_cat=0
split_feature=4 4 3 0 8 2 5 2 7 4 8 8 3 7
split_gain=1.28257 5.15087 5.0212 5.13429 3.88099 5.21093 3.98139 4.18007 3.86404 3.7093 4.26144 5.07035 4.12156 8.4987
threshold=0.57372016161071582 0.61034198135589857 0.38837302551111696 -0.00070996646948780066 0.093040930659923929 0.007067552710227353 -0.018624335806023077 0.011635120863276531 0.0018732274576334651 0.50942529418135019 0.098989513372330584 0.058148453878785374 1.8150822391399337 0.0025169011308823481
decision_type=2 2 2 2 2 2 2 2 2 2 2 2 2 2
left_child=9 2 3 -2 5 8 7 -6 -4 -1 11 -11 -12 -14
right_child=1 -3 4 -5 6 -7 -8 -9 -10 10 12 -13 13 -15
leaf_value=5.2736908429036223e-05 0.04834452332793647 -0.00010719536512549031 0.026407315042080156 0.0014568702802212515 0.011178938911424999 0.030355750414194967 -0.014516869693358853 -0.029236035002329387 -0.0098550227396417556 0.0044533151647486403 0.0035650163082956866 0.023499127755616109 0.02871567103345838 -0.023382859136421311
leaf_weight=4315.5705306231976 7.4497008621692649 3583.6161464750767 8.5780164599418622 26.996064633131027 31.259967535734177 12.933965831995009 197.64679935574532 8.0443443953990919 51.163235276937485 92.609847009181976 356.47838893532753 56.120432138442993 9.9553149342536909 36.629462033510208
leaf_count=11621 20 9685 23 73 84 35 535 22 138 249 962 151 27 99
internal_value=3.90374e-06 -0.000668251 -0.00651182 0.0115974 -0.00852646 0.00158139 -0.0116266 0.00290728 -0.00464825 0.000546295 0.0044064 0.0116399 0.00173725 -0.0122492
internal_weight=8795.05 3927.69 344.072 34.4458 309.626 72.6752 236.951 39.3043 59.7413 4867.36 551.793 148.73 403.063 46.5848
internal_count=23724 10615 930 93 837 196 641 106 161 13109 1488 400 1088 126
is_linear=0
shrinkage=0.05


Tree=276
num_leaves=15
num_cat=0
split_feature=8 3 4 4 5 1 0 3 7 1 11 3 7 7
split_gain=1.16159 2.66736 3.12229 3.13545 2.57369 4.13197 1.41747 1.3059 6.29233 10.3772 5.33471 5.12771 6.3866 4.99418
threshold=0.0033323611128471156 0.45225795306799987 0.77009581232096247 0.62966123119706752 -0.011414048072632616 -0.0062408691932877413 -0.0024548774435827351 0.64893690000044879 0.0035846953357498508 -0.013936660534326375 0.0048646863525692967 0.68689878772185431 0.0073817555224171593 0.0024004442900384037
decision_type=2 2 2 2 2 2 2 2 2 2 2 2 2 2
left_child=1 -1 3 4 -3 -6 -7 8 9 -2 -10 12 -9 -11
right_child=7 2 -4 -5 5 6 -8 11 10 13 -12 -13 -14 -15
leaf_value=-0.014287555484180215 -0.034710646597335325 -0.015267935035345147 0.03379103837348587 -0.023220246185934296 0.048894262034301222 -0.010634377366879708 0.015838904253437383 -0.0085584585403023147 0.033364737372604085 0.0021163920106159126 0.0025792268762611925 -0.00012291798348743944 0.015482620847418997 -0.0035589781351554207
leaf_weight=12.744917690753935 23.217702329158783 7.4151563048362652 11.909773051738737 8.0762492120265943 7.8184221684932664 7.7417418360710135 14.576982676982896 313.0853750705719 14.189094692468641 697.61775532364845 1706.0896149277687 5051.0026205778122 30.298354476690292 872.3431234061718
leaf_count=35 63 20 32 22 21 21 40 844 38 1902 4594 13658 83 2351
internal_value=6.70228e-06 0.00640884 0.0109932 0.00504255 0.0111209 0.0176138 0.00665606 -4.4971e-05 0.000736297 -0.00152784 0.00283315 -0.000524858 -0.0064372 -0.00103711
internal_weight=8778.13 70.2832 57.5383 45.6286 37.5523 30.1371 22.3187 8707.84 3313.46 1593.18 1720.28 5394.39 343.384 1569.96
internal_count=23724 191 156 124 102 82 61 23533 8948 4316 4632 14585 927 4253
is_linear=0
shrinkage=0.05


Tree=277
num_leaves=15
num_cat=0
split_feature=3 5 5 8 6 0 0 1 11 11 11 5 9 8
split_gain=1.46417 3.38746 3.6812 4.1295 4.02797 5.77577 4.10788 4.535 2.89213 7.02829 5.98601 5.23231 5.00012 2.84778
threshold=0.30034324301862697 -0.01520273718249915 -0.00063395029508495711 0.016140332272397296 -0.0010661200932671933 0.0007042156688163569 0.0018143013771855956 0.0041891797735142278 0.0072418177243426573 0.0047762150039089108 0.0028772201465729233 0.022961007727984404 0.0040959383046805364 0.3040564460564682
decision_type=2 2 2 2 2 2 2 2 2 2 2 2 2 2
left_child=1 13 3 -3 6 8 -4 -8 9 10 -6 -10 -11 -1
right_child=-2 2 4 -5 5 -7 7 -9 11 12 -12 -13 -14 -15
leaf_value=0.074791045759064076 -0.00044796492815699632 0.056453395885711369 -0.02139242370012746 -0.015826165171400865 0.05496295996388665 -0.013654379145947602 0.063408181002996986 -0.035225219864944951 -0.035112445974864702 0.11653243944444086 -0.0099508130887689603 0.08517896396816281 0.031659581346841145 -0.0055992115362597308
leaf_weight=3.164816800504922 1427.6439788984135 2.1328916884958771 13.66843005269766 26.879808152094483 6.769419148564344 8.6492533162236196 3.5070360898971549 1.7453715447336433 3.3394609801471224 4.2182812616229048 7.4708757698535919 1.2395322620868681 2.9481620863080025 1.6898599397391079
leaf_count=41 22784 18 152 304 34 97 37 27 57 33 65 19 30 26
internal_value=-6.33262e-05 0.00621793 0.0038314 -0.0105125 0.0116019 0.0217368 -0.00695039 0.0306324 0.0335167 0.0412314 0.0209073 -0.00254959 0.0816171 0.0468081
internal_weight=1515.07 87.4232 82.5685 29.0127 53.5558 34.635 18.9208 5.25241 25.9857 21.4067 14.2403 4.57899 7.16644 4.85468
internal_count=23724 940 873 322 551 335 216 64 238 162 99 76 63 67
is_linear=0
shrinkage=0.05


Tree=278
num_leaves=15
num_cat=0
split_feature=3 11 4 7 3 3 11 9 7 1 3 3 7 7
split_gain=1.30621 5.67618 5.92788 4.94 4.32824 5.73068 2.90413 6.23748 4.87327 5.33283 4.28595 6.2201 5.76378 7.52175
threshold=0.47097617729595459 0.013687134489865789 0.77768375856143079 0.0097990027104593938 0.25723495176155292 0.37469986595918875 0.012854620989384774 0.0092351629805914534 0.0100535158509044 -0.017911555834819338 0.55762612925713917 0.80047262105692274 0.010940470433647913 0.011310198135724153
decision_type=2 2 2 2 2 2 2 2 2 2 2 2 2 2
left_child=1 3 4 -1 -3 -6 8 -8 -2 -10 -9 -12 -13 -14
right_child=6 2 -4 -5 5 -7 7 10 9 -11 11 12 13 -15
leaf_value=-0.0010513923230188477 0.00019084634541870486 0.018422486581446598 -0.048331401906908739 0.021452431725103659 -0.039071710364202469 0.00072526202737190992 0.028422429243799726 0.02396253047051625 0.0063261428741621002 -0.036383537389469194 -0.01373385960316746 0.016891197848927907 -0.045555947929088542 0.0024166082933127285
leaf_weight=1551.4149000346661 6873.0888789594173 11.302055746316908 11.694018870592116 24.776231616735458 16.289835929870605 20.34145200252533 26.658823430538177 21.773042052984238 11.966236084699633 18.778184652328491 55.166137605905533 66.552997440099716 9.1613974869251233 75.580225169658661
leaf_count=4185 18518 31 32 69 45 56 72 60 33 51 151 182 25 214
internal_value=4.21965e-06 -0.00127051 -0.0164135 -0.000697654 -0.00862671 -0.0169723 0.000295505 0.00553666 0.000101999 -0.0197602 0.00286349 0.000638414 0.00587894 -0.00276969
internal_weight=8794.54 1635.82 59.6274 1576.19 47.9333 36.6313 7158.73 254.893 6903.83 30.7444 228.234 206.461 151.295 84.7416
internal_count=23724 4418 164 4254 132 101 19306 704 18602 84 632 572 421 239
is_linear=0
shrinkage=0.05


Tree=279
num_leaves=15
num_cat=0
split_feature=1 8 2 7 8 2 11 4 4 2 5 3 3 5
split_gain=1.14936 4.01829 2.93914 4.07296 2.5988 5.03536 6.56493 3.33089 4.66227 3.93091 2.98988 2.92665 3.79391 5.41865
threshold=-0.031665980329646175 0.079236187012099488 0.0067852450089332921 0.0040851625454488482 0.1957926954067897 0.0075156422883551257 0.006811565723322391 0.17327728378556481 0.22990328308198296 0.008801385875178298 -0.033271998937990634 0.80469050959995825 2.293673930738759 -0.060687822275359966
decision_type=2 2 2 2 2 2 2 2 2 2 2 2 2 2
left_child=1 -1 3 -3 10 -6 -7 -8 -9 -10 -4 -11 -13 -14
right_child=-2 2 4 -5 5 6 7 8 9 11 -12 12 13 -15
leaf_value=0.032827108078823067 -8.9783025965155608e-05 -0.0086619372056182791 -0.034350806310483033 0.038331770333282306 -0.023961092848636841 0.050860280704680828 -0.0095570657700598458 0.03388513687930076 -0.031986067816627411 0.032277427768715006 0.00026756529131322863 -0.0049252637650277556 -0.0041396253423080344 0.035474206481740135
leaf_weight=11.073555648326872 8535.6271351277828 7.4248166382312801 11.001249551773073 12.165277093648909 16.591129690408707 7.4295239448547354 40.824877858161926 14.19133400917053 7.3179396688938132 9.5652334392070753 14.402398109436033 55.380130231380463 16.822985649108887 17.730940014123917
leaf_count=30 23059 20 31 33 45 20 113 39 20 26 40 152 48 48
internal_value=6.54012e-06 0.00340508 0.00199373 0.0205207 0.000275704 0.00232598 0.00490263 0.00279279 0.00695928 0.00338201 -0.0147242 0.00598325 0.00318665 0.0161877
internal_weight=8777.55 241.921 230.848 19.5901 211.258 185.854 169.263 161.833 121.009 106.817 25.4036 99.4993 89.9341 34.5539
internal_count=23724 665 635 53 582 511 466 446 333 294 71 274 248 96
is_linear=0
shrinkage=0.05


Tree=280
num_leaves=15
num_cat=0
split_feature=7 6 6 5 1 11 3 9 0 7 8 1 7 1
split_gain=1.46442 1.37805 2.00744 2.28955 4.67071 3.72602 2.32151 1.8448 1.4628 3.88736 2.38834 7.01883 2.52113 5.60324
threshold=0.018767083715965093 0.038618411790241745 0.031080854691345718 -0.0322304452812446 -0.028437322766992953 0.0065923111452751417 3.1891322047639044 0.012781545652936958 -0.0043836566051889013 0.014755063973937147 0.62695344932858255 -0.014357091113493465 0.0037885314200661381 0.013051096927600632
decision_type=2 2 2 2 2 2 2 2 2 2 2 2 2 2
left_child=1 2 8 4 5 -4 -7 -5 9 10 12 -12 13 -1
right_child=-2 -3 3 7 -6 6 -8 -9 -10 -11 11 -13 -14 -15
leaf_value=-0.0023668997049572918 -0.034340518621152803 -0.025084452920584741 0.09944542984776894 0.042768679097594325 0.13135360355159073 -0.034366025600092741 0.052671288333438419 -0.034865251859476011 0.00050933298318010204 0.083054040559775472 -0.013705975746984334 0.13515126871768665 -0.011863176301768131 0.062181127078724197
leaf_weight=72.705758584663272 3.1095674317330113 5.4522474501281968 1.11215204000473 1.1495974343270048 1.1800788547843692 2.3279529754072432 1.1419335082173345 2.288628151640296 1329.8319250997156 1.2596297562122334 2.4087011404335503 1.179745802655815 86.223269762471318 3.5251356586813918
leaf_count=1432 93 177 18 11 16 63 23 49 19529 25 58 29 2165 36
internal_value=-6.32545e-05 7.2498e-06 9.80704e-05 0.0233822 0.0426494 0.0198041 -0.0057222 -0.00890774 -4.50174e-05 -0.00445137 -0.0051152 0.0352327 -0.00600645 0.000617987
internal_weight=1514.9 1511.79 1506.33 9.20034 5.76212 4.58204 3.46989 3.43823 1497.13 167.302 166.043 3.58845 162.454 76.2309
internal_count=23724 23631 23454 180 120 104 86 60 23274 3745 3720 87 3633 1468
is_linear=0
shrinkage=0.05


Tree=281
num_leaves=15
num_cat=0
split_feature=2 11 9 1 2 5 11 5 7 11 1 3 5 5
split_gain=1.26871 3.98303 3.6335 4.88162 4.18718 5.92617 4.89439 5.36603 5.64766 6.61393 6.14585 5.75545 5.05806 5.14065
threshold=0.0046529904876449401 0.0035694002150102383 0.013523055347217313 -0.01166758866945526 0.0031021589481421761 0.012748086728694144 0.0050572816872082359 -0.0024492766296893404 0.0028002290717551435 0.0043617116594206725 -0.01067525346258681 2.293673930738759 -0.01520273718249915 -0.011414048072632616
decision_type=2 2 2 2 2 2 2 2 2 2 2 2 2 2
left_child=2 -2 4 -4 5 -1 7 8 11 10 -10 -6 -11 -14
right_child=1 -3 3 -5 6 -7 -8 -9 9 12 -12 -13 13 -15
leaf_value=0.0016092642102608096 0.037206246649777584 0.00046915297707942575 0.02359833973663179 0.0021323363636046098 0.0068076242785794234 -0.012483295840144008 -0.0061030189682186433 -0.0034557979537859574 0.00570145795773137 -0.019154667048798285 -0.033133337741232831 -0.025680299867264222 0.03642387374293956 0.0019260713855919474
leaf_weight=1504.1402765214443 7.3889285326004019 5029.5746368765831 33.785949051380157 122.56488040089607 413.66827765107155 78.492168068885803 648.58736026287079 803.83255991339684 14.808596223592756 21.470038741827011 32.649431973695755 14.097077310085295 13.407827973365782 55.494692116975784
leaf_count=4049 20 13558 91 330 1110 217 1760 2180 40 58 88 38 36 149
internal_value=4.36864e-06 0.000523044 -0.000691013 0.00677094 -0.00101503 0.00091033 -0.002525 -0.000830387 0.00290088 -0.00590111 -0.0210155 0.00573698 0.00203602 0.00863904
internal_weight=8793.96 5036.96 3757 156.351 3600.65 1582.63 2018.02 1369.43 565.596 137.831 47.458 427.765 90.3726 68.9025
internal_count=23724 13578 10146 421 9725 4266 5459 3699 1519 371 128 1148 243 185
is_linear=0
shrinkage=0.05


Tree=282
num_leaves=15
num_cat=0
split_feature=0 4 9 2 9 4 4 9 3 11 6 0 8 2
split_gain=1.15117 2.96028 5.55832 5.43858 4.62038 4.36308 4.00933 2.84258 2.86805 4.82178 4.38477 4.29337 5.83421 2.92886
threshold=0.0080226050321640409 0.62179906568023458 0.023173773961777198 0.0060235945542126612 0.03327867382466753 0.65234471450617293 0.55706518724518261 0.012344865439399331 0.74711981581367748 0.0067426283908447304 -0.0065155413276408673 0.0088998554664037038 0.28997252683821112 0.0063665454330946664
decision_type=2 2 2 2 2 2 2 2 2 2 2 2 2 2
left_child=-1 2 3 -2 6 -3 -4 8 9 -7 11 12 -10 -12
right_child=1 5 4 -5 -6 7 -8 -9 10 -11 13 -13 -14 -15
leaf_value=-0.00015610224326603585 0.0031576633087438848 -0.025848222417314548 -0.047969475475981155 0.045485474375882913 0.025487512963237716 -0.029256313985190664 0.0034998237489313223 0.00013983138960003581 0.013252642579202637 0.011830911422003685 0.047361547313183205 0.021046967837164938 -0.041464084178566459 0.013167151150964819
leaf_weight=8123.6552793383598 13.408942371606829 14.743284255266188 7.3637126684188861 17.483771681785583 7.9806479811668387 11.187653571367266 7.7826285064220428 487.56625878810883 10.758930563926699 19.739375829696655 13.74697518348694 20.84427073597908 8.9030831456184369 11.501588225364683
leaf_count=21959 36 40 20 47 22 30 21 1319 29 53 37 56 24 31
internal_value=6.25062e-06 0.00202597 0.0132361 0.0271131 -0.00530068 0.00101499 -0.0215231 0.00169287 0.00952486 -0.00303213 0.0154309 0.00523708 -0.0115234 0.0317848
internal_weight=8776.67 653.011 54.0197 30.8927 23.127 598.991 15.1463 584.248 96.6819 30.927 65.7548 40.5063 19.662 25.2486
internal_count=23724 1765 146 83 63 1619 41 1579 260 83 177 109 53 68
is_linear=0
shrinkage=0.05


Tree=283
num_leaves=15
num_cat=0
split_feature=11 6 9 5 2 9 6 7 0 4 4 11 5 5
split_gain=1.43071 5.66413 4.05203 4.38687 3.47385 4.08965 3.91845 3.36054 3.24856 3.1844 3.84194 3.71151 5.59998 5.17323
threshold=0.0038459536920093297 -0.0089520484789393263 0.017274197195704565 -0.024013387532873808 0.00446378523867019 0.0087153736592964996 -0.010052461101675349 0.0023422169766073747 0.0051702257285906614 0.012659779422029878 0.090459715025352633 0.0050306188709453902 0.0050668760235891867 0.0037935498018558784
decision_type=2 2 2 2 2 2 2 2 2 2 2 2 2 2
left_child=1 4 3 -3 5 6 -1 -2 -5 11 -11 13 -13 -9
right_child=7 2 -4 8 -6 -7 -8 9 -10 10 -12 12 -14 -15
leaf_value=0.013852859233164995 -0.023141939427736638 0.06798590710800094 0.057106386585267822 0.0010181066493691667 0.093719050882127966 -0.014868897231693202 0.076355541989694201 0.11100350771294876 -0.029331865552096843 -0.014580485609620157 -0.00031956427065377331 -0.025236891175033069 0.06692891657435468 -0.0051041361586729771
leaf_weight=5.8881724253296843 16.979716818779707 2.4138310924172393 3.2145069018006316 429.73325104266405 1.9268251620233048 4.9497784934937945 4.3676297515630749 2.3899852223694311 9.0015455074608308 49.631444284692407 975.07112915907055 5.0678767915815115 2.4423989579081535 1.6026889123022554
leaf_count=52 273 29 39 4772 21 77 31 32 149 1021 17086 88 36 18
internal_value=-6.09404e-05 0.00226048 0.00117282 0.000765249 0.0304711 0.0224564 0.0404708 -0.00107816 0.000395415 -0.000716617 -0.00101029 0.0254444 0.00473613 0.064397
internal_weight=1514.68 461.496 444.363 441.149 17.1324 15.2056 10.2558 1053.19 438.735 1036.21 1024.7 11.5029 7.51028 3.99267
internal_count=23724 5170 4989 4950 181 160 83 18554 4921 18281 18107 174 124 50
is_linear=0
shrinkage=0.05


Tree=284
num_leaves=15
num_cat=0
split_feature=0 2 3 4 4 8 4 7 9 7 9 11 7 8
split_gain=1.25987 2.92802 5.01471 3.1223 2.8035 5.27302 2.49492 3.10634 3.12953 1.857 1.69972 3.41013 4.76625 2.69257
threshold=-0.019438778248737482 0.013083956619987168 1.6049158639372354 0.28948890420904405 0.17694096368555093 0.34821787237967278 0.090459715025352633 0.006270109568075422 0.030714632034214585 0.0060524812913642081 0.01476492596584328 0.0031375936563004234 0.0021111182200037036 0.050967935380889222
decision_type=2 2 2 2 2 2 2 2 2 2 2 2 2 2
left_child=1 2 -1 6 5 -3 9 8 -8 -4 -2 -12 -13 -14
right_child=10 4 3 -5 -6 -7 7 -9 -10 -11 11 12 13 -15
leaf_value=-0.045760637097240486 -0.00021562123260398559 0.04542211080895351 -0.00097753997806805898 -0.033971919526944311 -0.010280293240595241 -0.005657105588086536 0.011429228499706214 0.024735350797431558 -0.028321854396634285 -0.034999727851742456 -0.034895780827766003 0.048514020946575538 0.0085286798972881821 0.00095327482998349984
leaf_weight=9.2617168724536878 7452.316003382206 9.5138512551784533 8.2180818915367144 8.6045114696025831 14.877044409513472 10.774710804224013 11.189596176147463 13.681342631578444 8.8812007606029493 7.834178924560546 6.303941845893859 5.476564794778823 131.37723204493523 1094.6334807276726
leaf_count=25 20097 27 22 24 42 30 30 37 24 21 17 15 354 2959
internal_value=4.25858e-06 -0.00549755 -0.0115795 -0.00615951 0.00620621 0.0182953 -0.00135447 0.00636313 -0.00616037 -0.0175818 6.93654e-05 0.00178517 0.00197294 0.00176504
internal_weight=8792.94 102.836 67.6706 58.4089 35.1656 20.2886 49.8044 33.7521 20.0708 16.0523 8690.11 1237.79 1231.49 1226.01
internal_count=23724 282 183 158 99 57 134 91 54 43 23442 3345 3328 3313
is_linear=0
shrinkage=0.05


Tree=285
num_leaves=15
num_cat=0
split_feature=9 9 2 7 3 1 7 3 7 4 3 8 6 7
split_gain=1.14772 4.47566 5.20769 4.29782 4.40614 4.09675 5.94972 3.71939 3.71718 3.53206 2.99839 6.66159 5.34 6.6397
threshold=0.0070281333406778451 0.0070715449407577294 0.0057343341401703196 0.0039575426718199665 0.85677664396185882 -0.018613459969792526 0.0045638602709475902 1.7580481406552839 0.0051897932681553086 0.20823398711349525 0.36527690463311469 0.32598098148204374 0.0069639562400077475 0.0042962462749075751
decision_type=2 2 2 2 2 2 2 2 2 2 2 2 2 2
left_child=5 2 3 4 -2 6 -1 -7 -8 -9 11 12 13 -3
right_child=1 10 -4 -5 -6 7 8 9 -10 -11 -12 -13 -14 -15
leaf_value=0.029853518113558349 -0.043619338393149437 -0.025117029797765464 -0.047328923307044399 0.0260519472826326 0.0086162793012258387 0.00024720956380867279 -0.027345570282731907 0.044545872434948008 0.0098391352841777011 0.0081822954234103996 -0.00059109965712296226 0.02675379053697546 -0.029203053818784571 0.011764654652147238
leaf_weight=29.078588485717773 8.8481755554676109 14.844086736440657 10.751631677150725 7.4569586515426627 7.4245959818363181 3842.0330070257187 9.6463253200054186 7.7147353887557975 22.161104619503021 49.683428704738617 4652.4965616464615 32.406303107738495 13.040478408336638 68.586369335651398
leaf_count=78 24 40 29 20 20 10383 26 21 60 136 12578 88 36 185
internal_value=6.36878e-06 -0.00051215 -0.0184614 -0.00538189 -0.0197864 0.000636901 0.0135065 0.000435954 -0.00143797 0.0130698 -0.000382707 0.00714032 0.000551812 0.0052026
internal_weight=8776.17 4815.86 34.4814 23.7297 16.2728 3960.32 60.886 3899.43 31.8074 57.3982 4781.37 128.877 96.4709 83.4305
internal_count=23724 13020 93 64 44 10704 164 10540 86 157 12927 349 261 225
is_linear=0
shrinkage=0.05


Tree=286
num_leaves=15
num_cat=0
split_feature=7 3 5 5 8 1 8 6 0 0 5 7 11 11
split_gain=1.41142 1.36995 3.2846 3.42159 4.22596 3.77563 3.63533 3.40453 6.39201 4.99647 3.91597 3.79423 4.53819 7.30649
threshold=0.018767083715965093 0.30034324301862697 -0.01520273718249915 -0.00063395029508495711 0.014719502473568411 0.0059932082732223379 0.48202030448154592 -0.0010661200932671933 0.0018143013771855956 0.0007042156688163569 0.0082462714989407215 0.0014410991293890422 0.0028772201465729233 0.0047762150039089108
decision_type=2 2 2 2 2 2 2 2 2 2 2 2 2 2
left_child=1 2 -1 4 -4 6 7 8 -5 11 -10 -9 -13 -14
right_child=-2 -3 3 5 -6 -7 -8 9 10 -11 -12 12 13 -15
leaf_value=0.045833954214934379 -0.034304569203865966 -0.00036771446518909113 0.058298021782535715 -0.024825263489992262 -0.015597064297168102 -0.022044320353669461 -0.035794890610104123 -0.0098942852685165207 0.094000840075230629 -0.0081228744796467446 -0.0062186226517637845 0.096083154058116627 -0.0053172271954113086 0.063254098797535907
leaf_weight=4.9039634112268677 3.0034163929522029 1424.0422832127661 2.0864190906286266 8.9405746832489914 26.623377580195665 7.3959724679589263 3.1112314797937861 3.2551208734512427 2.2880723848938938 6.9093236755579701 1.6980865634977815 3.9862237721681621 6.3575820475816753 9.9876334238797408
leaf_count=64 93 22697 17 98 304 103 37 18 19 72 22 18 55 107
internal_value=-6.25387e-05 5.49784e-06 0.00607642 0.00371714 -0.0102269 0.0111403 0.0164146 0.0201554 -0.00134846 0.0292706 0.0513078 0.0402244 0.0482486 0.0365828
internal_weight=1514.59 1511.59 87.5436 82.6396 28.7098 53.9298 46.5338 43.4226 12.9267 30.4959 3.98616 23.5866 20.3314 16.3452
internal_count=23724 23631 934 870 321 549 446 409 139 270 41 198 180 162
is_linear=0
shrinkage=0.05


Tree=287
num_leaves=15
num_cat=0
split_feature=8 11 4 3 6 7 2 7 11 7 11 5 9 7
split_gain=1.24811 2.74563 2.45693 1.54227 1.44017 5.38697 5.3433 3.60423 4.61899 3.38636 5.78591 4.46058 3.03204 2.7733
threshold=0.76306965653910852 0.0050572816872082359 0.46171834650037308 1.3670102394138011 0.026415941827387292 0.006270109568075422 0.008801385875178298 0.0068740843864017786 0.014881465813066343 0.0053817074116603502 0.0067105931145609258 -0.0322304452812446 0.026371466663028389 0.0045134887919634076
decision_type=2 2 2 2 2 2 2 2 2 2 2 2 2 2
left_child=4 -2 -3 -4 -1 9 -7 12 -9 10 13 -11 -8 -6
right_child=1 2 3 -5 5 6 7 8 -10 11 -12 -13 -14 -15
leaf_value=6.5609405573674527e-05 -0.018313514403698525 0.040514045366212281 0.022091060167889785 -0.0070399085620944674 -0.038601747004532609 0.043936955083298444 0.038755861911506512 -0.0095408442147560182 0.019448319215124649 -0.043605350332540274 0.016615615875800297 -0.0069726678155069598 -0.00038229925240059522 -0.0061394654002770921
leaf_weight=8560.5027842819691 6.9056802988052359 7.8566952347755459 8.8034169971942919 9.3895110487937909 11.569941192865373 7.2673715054988852 9.8545901775360125 77.120359808206558 16.720006883144379 17.820226579904556 17.817105174064636 15.570734947919844 9.9397760629653913 15.252908974885939
leaf_count=23088 19 23 24 27 31 20 27 209 50 48 48 42 27 41
internal_value=4.41598e-06 0.00971664 0.0171474 0.00705634 -3.2124e-05 -0.00423779 0.00237227 -0.000285953 -0.0043757 -0.0144795 -0.00547094 -0.0265229 0.0191026 -0.020142
internal_weight=8792.39 32.9553 26.0496 18.1929 8759.44 198.933 120.902 113.635 93.8404 78.0309 44.64 33.391 19.7944 26.8229
internal_count=23724 93 74 51 23631 543 333 313 259 210 120 90 54 72
is_linear=0
shrinkage=0.05


Tree=288
num_leaves=15
num_cat=0
split_feature=6 3 5 11 2 1 6 5 9 8 4 8 0 8
split_gain=1.15146 3.27781 3.27071 3.2382 3.11814 3.20921 2.77315 2.61636 2.73407 3.64895 2.82527 2.66462 2.30625 2.73962
threshold=-0.022106962150382051 2.2476998305945233 0.081784525068783295 0.0053324528945602632 0.020243024887889313 -0.036213110291332173 -0.0056622407247988752 0.081784525068783295 0.01777258741688036 0.37607283652255813 0.6333298089800522 0.18825108210161404 -0.00015204324886663022 0.093040930659923929
decision_type=2 2 2 2 2 2 2 2 2 2 2 2 2 2
left_child=1 3 4 -1 -2 -6 -7 8 9 -3 -11 -10 -5 -14
right_child=2 7 -4 12 5 6 -8 -9 11 10 -12 -13 13 -15
leaf_value=0.041305844543713138 -8.0558179043906461e-05 -0.031184672717979735 0.022757398191542752 -0.0048102233013196626 0.0049437152393684959 -0.00057904918719103697 -0.040732805026579826 -0.031449773699613548 0.029375790065053472 -0.016184278896282316 0.023727008508051053 0.00026258885822089991 -0.0060787204989810797 0.012692510436270133
leaf_weight=6.7579306066036215 8452.8073491752148 15.196937024593351 15.625704765319822 38.062920838594437 11.717630952596666 6.2870198786258742 13.604607880115505 7.9555273950099936 9.2618887126445753 9.652442008256914 8.2019331157207471 51.908008456230164 23.876361608505249 104.55858170986176
leaf_count=19 22829 42 43 105 36 20 44 24 25 26 22 140 65 284
internal_value=6.01679e-06 0.00318774 -9.70828e-05 0.00737652 -0.000139174 -0.0158139 -0.0280417 -0.00391494 -0.00159005 -0.0131771 0.00215015 0.00467069 0.00599937 0.00920289
internal_weight=8775.47 275.433 8500.04 173.256 8484.42 31.6093 19.8916 102.177 94.2212 33.0513 17.8544 61.1699 166.498 128.435
internal_count=23724 752 22972 473 22929 100 64 279 255 90 48 165 454 349
is_linear=0
shrinkage=0.05


Tree=289
num_leaves=15
num_cat=0
split_feature=6 0 9 0 0 4 8 1 0 0 7 2 9 3
split_gain=1.38237 2.24578 3.35137 2.9875 4.17995 4.23248 4.23593 4.54318 3.68058 3.52642 4.69663 8.6559 3.48525 3.36675
threshold=-0.025489028414618229 0.01521878337374343 0.019408746153627726 0.011947816313223704 0.0099968457535057221 0.95954803765495744 0.29696571412474876 0.019608069340770546 0.011391889413140715 0.011391889413140715 0.0036376173691621883 0.0063665454330946664 0.014978419750841689 2.531583592978536
decision_type=2 2 2 2 2 2 2 2 2 2 2 2 2 2
left_child=-1 3 -3 4 12 6 7 9 -8 10 -6 -12 -2 -14
right_child=1 2 -4 -5 5 -7 8 -9 -10 -11 11 -13 13 -15
leaf_value=-0.011981655473632129 0.00052303248371567406 0.076447420655117712 0.0093294901215030864 -0.023429833214986484 -0.034698735469137369 -0.034679062998352141 -0.034342894443999794 0.12486357905891875 0.058625837405269415 0.11007603932327399 0.16255543666430897 0.0031873323705477784 -0.015263525055255189 0.0059821380611246554
leaf_weight=23.927091939374804 1352.9412371739745 2.2319381963461629 11.157378599047659 13.540911950170992 2.3132442310452479 2.5198640655726185 3.1425620503723612 1.8682125508785246 1.6100057065486906 1.3794759083539245 1.2666849941015246 2.6026774439960718 68.088006252422929 25.679984458722174
leaf_count=564 19778 34 232 319 44 50 79 32 34 27 23 57 1880 571
internal_value=-5.88451e-05 0.000132573 0.0205177 -5.2229e-05 0.000164083 0.0250337 0.0356429 0.0550412 -0.0028483 0.0377915 0.0216633 0.0553585 -0.000123044 -0.00944503
internal_weight=1514.27 1490.34 13.3893 1476.95 1463.41 16.7027 14.1829 9.4303 4.75257 7.56208 6.18261 3.86936 1446.71 93.768
internal_count=23724 23160 266 22894 22575 346 296 183 113 151 124 80 22229 2451
is_linear=0
shrinkage=0.05


Tree=290
num_leaves=15
num_cat=0
split_feature=4 4 6 8 8 3 5 2 4 0 0 8 5 3
split_gain=1.22947 4.42549 4.58264 3.87678 4.05737 6.19764 6.12257 4.73091 3.86733 3.51743 3.94752 4.94425 4.82573 6.90176
threshold=0.3786127389118138 0.28520387807108399 0.020896695547570062 0.4001777968413226 0.26850021117514383 0.34338568877538406 -0.025312243535953519 0.0062137679073511727 0.38674549549549558 0.0009142759422006609 0.00033600582766261472 0.04668744724418547 0.0039410586016425707 0.48700103086259383
decision_type=2 2 2 2 2 2 2 2 2 2 2 2 2 2
left_child=1 -1 3 4 9 -6 -7 -8 -2 10 -3 -12 13 -13
right_child=8 2 -4 -5 5 6 7 -9 -10 -11 11 12 -14 -15
leaf_value=-0.00031907948964444652 -0.012208655843848233 0.005180259765977308 -0.012612541010367054 0.012583021438735143 -0.046800892819700873 -0.029332673638724632 -0.0046046554854405359 0.016278043909262862 -0.00029416162784955867 0.016617870860368308 0.021179762657008577 0.0300226396607297 -0.050890743479092337 -0.032583318822601168
leaf_weight=2346.09657984972 68.954908221960068 412.05151882767677 39.848613113164902 132.07148444652557 8.0335114002227765 17.468962788581848 81.920576542615891 40.544274479150772 5547.6163613498211 60.616985201835632 8.5874308347702009 7.422192692756659 9.6098597347736341 10.819141685962675
leaf_count=6318 186 1107 108 358 22 47 221 109 14987 163 23 20 26 29
internal_value=4.1297e-06 0.000790544 0.00393084 0.00476621 0.00319503 -0.00409294 -0.0016411 0.00230895 -0.000440436 0.00531322 0.0037853 -0.011989 -0.022216 -0.00710966
internal_weight=8791.66 3175.09 828.995 789.146 657.074 147.967 139.934 122.465 5616.57 509.107 448.49 36.4386 27.8512 18.2413
internal_count=23724 8551 2233 2125 1767 399 377 330 15173 1368 1205 98 75 49
is_linear=0
shrinkage=0.05


Tree=291
num_leaves=15
num_cat=0
split_feature=3 1 6 8 5 2 11 4 9 2 4 5 7 0
split_gain=1.12247 3.2476 3.75249 3.48584 4.89799 2.68613 2.86766 4.27768 3.83721 4.58816 3.23172 4.53675 3.88678 3.58675
threshold=0.25723495176155292 0.010091020175433906 0.0055840993082111792 0.037964021901191379 -0.011926427561377765 0.0086034090214190811 0.0045985418152448042 0.35068127783796804 0.0023601712432499929 0.00165798863630679 0.25871436652974894 0.0036623313839658582 0.0057206229499789868 0.0001239767220295638
decision_type=2 2 2 2 2 2 2 2 2 2 2 2 2 2
left_child=1 2 3 -1 -5 6 7 -6 9 -9 -8 13 -13 -12
right_child=-2 -3 -4 4 5 -7 10 8 -10 -11 11 12 -14 -15
leaf_value=0.018080595610352617 8.5546833511976111e-05 0.017892547841208951 -0.037308162711862727 -0.036415223997504881 0.025634210338675939 0.02054669850292622 -0.035327736354168297 0.00047320858199770174 0.011273590505552294 -0.054536835129598005 -0.017501921317367053 -0.038404406144148362 0.005206295097973085 0.020660978035374162
leaf_weight=15.600538074970244 8604.9684686660767 15.377192378044127 9.1228840947151166 12.709165662527083 14.73624339699745 10.380989015102385 12.872981011867521 8.2582708895206469 14.293943643569945 7.0063464045524588 9.6638349294662493 15.034737825393679 7.7389239072799674 16.965719282627106
leaf_count=43 23254 42 26 35 41 28 36 24 39 20 27 41 22 46
internal_value=6.11667e-06 -0.00402008 -0.00620265 -0.00424912 -0.00693578 -0.00373226 -0.00609725 0.00362796 -0.00734312 -0.024776 -0.0130144 -0.00720027 -0.0235847 0.00681171
internal_weight=8774.73 169.762 154.385 145.262 129.661 116.952 106.571 44.2948 29.5586 15.2646 62.2762 49.4032 22.7737 26.6296
internal_count=23724 470 428 402 359 324 296 124 83 44 172 136 63 73
is_linear=0
shrinkage=0.05


Tree=292
num_leaves=15
num_cat=0
split_feature=11 8 8 0 0 4 4 0 6 6 3 6 6 7
split_gain=1.35884 1.31279 5.17755 7.27393 2.90438 5.66303 5.52359 7.68806 8.63848 10.2862 6.67787 5.38946 6.91739 5.30289
threshold=0.022256726581733683 0.12105827774657318 0.13185476994504763 0.0099968457535057221 0.0013833422668610657 0.6890891986658686 0.77009581232096247 0.0027622464044971483 -0.0050734744839792739 -0.0025901950319465465 0.61954212013135335 -0.012734487698455811 -0.017531581108666882 0.0032460633485517716
decision_type=2 2 2 2 2 2 2 2 2 2 2 2 2 2
left_child=1 4 3 -3 -1 -6 7 -7 11 -10 -11 12 -9 -12
right_child=-2 2 -4 -5 5 6 -8 8 9 10 13 -13 -14 -15
leaf_value=0.0047298775785124571 -0.034256892348661132 -0.022663446410576171 -0.00030637154809425959 0.083284693913047353 -0.016309909823057148 -0.010971281072054577 -0.0026973994829992431 -0.034339779024939454 0.18328020262875752 -0.015219470357685528 0.020279158168257524 -0.025142957900616249 0.13386792742599171 0.13086052854168298
leaf_weight=342.99068881571293 2.8990992940962306 39.803008181974292 947.93771721981466 1.688762230798601 55.983977304771543 10.227625330910088 96.252489550039172 1.0402361396700146 1.8316965550184274 2.5060770940035537 1.8087405264377592 5.0037584081292179 1.4819652177393434 2.7062739599496126
leaf_count=4851 93 628 15370 29 897 135 1439 28 28 39 28 80 29 50
internal_value=-5.84734e-05 7.1304e-06 -0.00106308 -0.0183512 0.00203632 -0.00312946 0.00287657 0.0230412 0.0442802 0.0777604 0.0502319 0.0048973 0.0644937 0.086561
internal_weight=1514.16 1511.26 989.429 41.4918 521.834 178.843 122.859 26.6064 16.3787 8.85279 7.02109 7.52596 2.5222 4.51501
internal_count=23724 23631 16027 657 7604 2753 1856 417 282 145 117 137 57 78
is_linear=0
shrinkage=0.05


Tree=293
num_leaves=15
num_cat=0
split_feature=11 5 9 4 11 8 7 5 6 4 4 8 8 8
split_gain=1.22082 3.07758 4.98864 2.80005 3.3505 2.31562 2.30074 5.60627 3.3628 3.10565 2.66893 2.10065 3.94348 1.82492
threshold=0.0014613150331545589 -0.0020061770394058064 0.0014654606547742949 0.81539401918375032 0.0012931958343769048 0.2373320313404326 0.0010398669608766449 -0.002600176706801681 0.00080384150851579796 0.84612949085427214 0.31215783888110049 0.10684746038056503 0.26620243449475117 0.10974312333784685
decision_type=2 2 2 2 2 2 2 2 2 2 2 2 2 2
left_child=1 -1 -3 4 13 -6 7 -2 9 11 -10 -9 -13 -4
right_child=6 2 3 -5 5 -7 -8 8 10 -11 -12 12 -14 -15
leaf_value=0.032647125687706301 -0.037744901483703644 -0.026722998843069404 0.0039594946977333217 0.035299923042687906 0.0040272953572123111 0.037690852949254942 2.5073958977550468e-05 0.026897712908202087 0.00074983829209011562 -0.022100935211953505 -0.038976081266605678 -0.019269261121307779 0.028822508114299258 -0.029182077186744811
leaf_weight=9.762717127799986 13.705672204494475 11.806626468896864 8.0875343084335345 8.6656686663627607 13.505266189575197 8.216288208961485 8651.6592466831207 14.447432219982149 7.821114361286166 7.9683610200881949 9.2027841210365278 10.053205341100695 7.4005024433135977 8.5396517217159253
leaf_count=27 37 32 22 24 37 23 23345 39 21 22 25 27 20 23
internal_value=3.96618e-06 0.00664881 0.00233378 0.00963075 0.00383028 0.0167607 -4.82827e-05 -0.00903787 -0.00212232 0.00582094 -0.0207252 0.0127953 0.00112201 -0.0130619
internal_weight=8790.84 68.5838 58.821 47.0144 38.3487 21.7216 8722.26 70.5991 56.8934 39.8695 17.0239 31.9011 17.4537 16.6272
internal_count=23724 188 161 129 105 60 23536 191 154 108 46 86 47 45
is_linear=0
shrinkage=0.05


Tree=294
num_leaves=15
num_cat=0
split_feature=8 3 4 4 5 1 0 3 4 7 7 6 6 6
split_gain=1.11448 2.49333 2.9036 2.93324 2.40776 3.85187 1.32764 1.236 3.02072 4.16894 4.14891 3.58984 3.78912 3.51295
threshold=0.0033323611128471156 0.45225795306799987 0.77009581232096247 0.62966123119706752 -0.011414048072632616 -0.0062408691932877413 -0.0024548774435827351 0.25723495176155292 0.81828991949950203 0.0100535158509044 0.0076044808765304483 -0.001611911880052219 0.00055500960987396445 0.0055840993082111792
decision_type=2 2 2 2 2 2 2 2 2 2 2 2 2 2
left_child=1 -1 3 4 -3 -6 -7 8 9 10 11 -2 -13 -14
right_child=7 2 -4 -5 5 6 -8 -9 -10 -11 -12 12 13 -15
leaf_value=-0.013750303993001093 0.0073436489158579038 -0.014708638206414094 0.032696961835738954 -0.022421534152725842 0.04732188251586221 -0.010214722377164644 0.015419360773834781 3.8682533065069686e-05 0.011950524262680741 -0.035721298527380242 0.022417066628081305 -0.025650284702472739 0.000941005661688163 -0.035426042388821806
leaf_weight=12.72032108902931 30.362792462110519 7.4009770154952923 11.908493638038633 8.0482379198074323 7.8179123699665025 7.7296308577060691 14.576160281896607 8537.0161629617214 24.403529584407806 11.670727103948591 12.875367194414137 34.047376394271851 45.872432500123978 7.764383763074874
leaf_count=35 82 20 32 22 21 21 40 23070 66 35 35 97 126 22
internal_value=5.95665e-06 0.00628059 0.0107133 0.00496886 0.0108435 0.0171213 0.00653638 -4.46511e-05 -0.00430474 -0.00708668 -0.00453413 -0.00747369 -0.0126046 -0.00432343
internal_weight=8774.21 70.2017 57.4814 45.5729 37.5247 30.1237 22.3058 8704.01 166.997 142.593 130.922 118.047 87.6842 53.6368
internal_count=23724 191 156 124 102 82 61 23533 463 397 362 327 245 148
is_linear=0
shrinkage=0.05


Tree=295
num_leaves=15
num_cat=0
split_feature=6 6 3 8 9 0 8 8 3 8 3 4 9 4
split_gain=1.35046 1.79837 3.24671 3.48185 5.22747 5.86948 2.83755 2.11072 1.70258 3.12179 1.61729 3.64319 3.02219 4.64091
threshold=0.038618411790241745 0.028437957058646591 1.4895106878796527 0.28099623044507632 0.013523055347217313 -0.019438778248737482 0.463337931563364 0.53277230802507025 4.1691483231444737 0.67805928034557772 2.7951118256583247 0.44610193221748878 0.011956416427213559 0.5261685637492387
decision_type=2 2 2 2 2 2 2 2 2 2 2 2 2 2
left_child=1 8 -3 4 -4 -6 -5 -8 10 -10 -1 -12 -13 -14
right_child=-2 2 3 6 5 -7 7 -9 9 -11 11 12 13 -15
leaf_value=-0.00023233367429132204 -0.024983259555550502 -0.02264230867833586 0.15130768689695723 -0.034636787031432574 0.10466364054042683 -0.034601828472444064 0.072728829900801012 -0.004849808663620594 -0.029607550952100676 0.06223074821218201 -0.011739551602782084 -0.0075514008885976735 0.11564304648090161 0.026237338666938576
leaf_weight=1454.6266959114 5.4153648605570188 3.6321632731705895 1.2792326956987361 2.3869871217757463 1.4267644155770538 1.6106788478791716 1.8516965117305519 1.6652702484279869 9.2476676944643241 1.0282116029411543 10.786485886201264 5.2944403439760235 1.6470416393131007 12.224901257082818
leaf_count=22519 184 82 8 53 25 39 35 34 174 20 217 70 27 237
internal_value=-5.91925e-05 3.02701e-05 0.0179627 0.0323927 0.0665224 0.0308147 0.00743873 0.0359956 -0.000135909 -0.0204181 4.47943e-06 0.011505 0.0245867 0.0368526
internal_weight=1514.12 1508.71 13.8528 10.2206 4.31668 3.03744 5.90395 3.51697 1494.86 10.2759 1484.58 29.9529 19.1664 13.8719
internal_count=23724 23540 276 194 72 64 122 69 23264 194 23070 551 334 264
is_linear=0
shrinkage=0.05


Tree=296
num_leaves=15
num_cat=0
split_feature=4 4 4 9 3 9 8 11 11 11 9 8 6 7
split_gain=1.20465 2.10461 4.03286 4.19713 7.2442 6.23237 4.28166 3.51718 4.04527 5.84628 5.46797 5.5516 4.11527 3.56374
threshold=0.95954803765495744 0.83924917156521073 0.84986683433060428 0.0067669058091753961 0.57139569884569241 0.0098607204392216277 0.12880020490642627 0.013687134489865789 0.009308423038107522 0.0069865396132890506 0.012572761749778619 0.24422180340528224 -0.0047300763178479014 0.0069630163829871184
decision_type=2 2 2 2 2 2 2 2 2 2 2 2 2 2
left_child=1 -1 3 4 6 -5 -3 8 9 10 -4 -12 -10 -11
right_child=-2 2 7 5 -6 -7 -8 -9 12 13 11 -13 -14 -15
leaf_value=-0.00018292902064421032 -0.0030603671814501249 -0.024968019422831444 0.00093034917292714311 -0.01687562810314527 0.045127593794701069 0.016007357580035759 0.020398938492624405 -0.015936370235757724 0.0019872119053560245 -0.0053925202922214272 0.026825940833249674 0.0019457948244746084 0.0213435173570421 -0.033282755685241992
leaf_weight=7412.8922873437405 309.37717872858047 8.1472888290882128 545.38543349504471 23.738094002008438 20.389435291290283 36.667608976364136 14.380920201539992 29.088998258113861 61.148016840219498 177.31155860424042 44.364993065595627 45.328836441040039 49.841821700334549 12.244553208351133
leaf_count=19992 849 22 1474 64 55 99 39 80 164 478 119 122 134 33
internal_value=4.2501e-06 0.000116045 0.00219112 0.0115793 0.0235348 0.00308508 0.00399205 0.00118562 0.00171795 0.000511794 0.00281183 0.0142522 0.0106795 -0.00719412
internal_weight=8790.31 8480.93 1068.04 103.323 42.9176 60.4057 22.5282 964.714 935.625 824.635 635.079 89.6938 110.99 189.556
internal_count=23724 22875 2883 279 116 163 61 2604 2524 2226 1715 241 298 511
is_linear=0
shrinkage=0.05


Tree=297
num_leaves=15
num_cat=0
split_feature=0 4 9 2 9 4 4 9 4 11 11 4 7 6
split_gain=1.12554 2.77268 5.17066 5.11721 4.38064 4.08747 3.77811 2.59628 2.78633 2.66697 6.38759 5.4757 4.75643 4.12317
threshold=0.0080226050321640409 0.62179906568023458 0.023173773961777198 0.0060235945542126612 0.03327867382466753 0.65234471450617293 0.55706518724518261 0.012344865439399331 0.77009581232096247 0.0069865396132890506 0.0067105931145609258 0.83924917156521073 0.0046669072567590711 -0.016314862639956816
decision_type=2 2 2 2 2 2 2 2 2 2 2 2 2 2
left_child=-1 2 3 -2 6 -3 -4 8 -7 10 11 -9 13 -11
right_child=1 5 4 -5 -6 7 -8 9 -10 12 -12 -13 -14 -15
leaf_value=-0.0001546830358882369 0.0030186823768048837 -0.025006104785413055 -0.046627305420919841 0.044098220385140857 0.024941735720074507 -0.018699095328845724 0.0034012403135309749 0.0076632197614143055 0.011753602589276589 0.00068373482373643613 -0.032278271255849388 -0.010326586589592323 0.0014542400070024263 0.046869289684812104
leaf_weight=8121.0523582994938 13.404186367988588 14.709342181682585 7.3273762464523333 17.450045168399811 7.9760112762451163 8.2085862159728986 7.7814569473266602 83.806644529104233 88.440400421619415 8.5191486179828662 18.610278725624084 85.403081685304642 279.77238893508911 11.166218578815458
leaf_count=21959 36 40 20 47 22 22 21 225 238 23 50 230 761 30
internal_value=5.85227e-06 0.00200365 0.0128613 0.0262518 -0.00503593 0.00102535 -0.0208613 0.00168109 0.0091672 0.000196259 -0.0044745 -0.00141655 0.00312576 0.0268818
internal_weight=8773.63 652.575 53.9391 30.8542 23.0848 598.636 15.1088 583.927 96.649 487.278 187.82 169.21 299.458 19.6854
internal_count=23724 1765 146 83 63 1619 41 1579 260 1319 505 455 814 53
is_linear=0
shrinkage=0.05


Tree=298
num_leaves=15
num_cat=0
split_feature=11 6 6 4 1 5 4 9 7 0 7 6 5 1
split_gain=1.32494 2.77781 6.59089 3.11445 2.90553 3.95502 4.7557 5.56639 2.42468 2.41871 3.37069 3.1137 5.32211 4.52881
threshold=0.0032411731553780958 0.0088673905408199697 0.010698676499789277 0.20823398711349525 -0.0095648235093838685 -0.011161927676304115 0.54594979714203651 0.007300268334183087 0.0021785975544537863 -0.0022751429643670337 0.0019834124086267691 -0.0021228695698122814 0.0087731286373220942 0.0061593200113272866
decision_type=2 2 2 2 2 2 2 2 2 2 2 2 2 2
left_child=1 4 3 -3 -1 6 7 -6 9 10 -7 12 -11 -14
right_child=-2 2 -4 -5 5 8 -8 -9 -10 11 -12 -13 13 -15
leaf_value=-0.035199194490766805 -0.000834431876091548 0.11462147156511503 -0.035141229644645652 0.033390293650055559 0.10913200825528957 -0.014912113962906079 -0.0071526420343110955 -0.0053174359985449296 -0.021680716646446073 -0.010564261290869598 0.037210304317066331 0.0080595132878937097 -0.01391117292235172 0.036335704249613174
leaf_weight=5.1458956263959399 1187.7765800636262 1.9934405758976925 2.3654721789062023 2.8916304223239422 3.0877372175455076 31.409808602184057 3.508283942937851 1.6196748688817022 10.649165526032446 64.735631953924894 3.4416342712938777 175.52223441004753 6.8412820771336582 13.016959119588135
leaf_count=71 20434 22 35 33 27 366 41 21 124 676 45 1623 74 132
internal_value=-5.92609e-05 0.00276308 0.0333655 0.0665381 0.00206747 0.00267853 0.0369129 0.0697535 0.00175823 0.00260445 -0.00976494 0.00426175 -0.00361816 0.0190254
internal_weight=1514.01 326.229 7.25054 4.88507 318.978 313.832 8.2157 4.70741 305.617 294.968 34.8514 260.116 84.5939 19.8582
internal_count=23724 3290 90 55 3200 3129 89 48 3040 2916 411 2505 882 206
is_linear=0
shrinkage=0.05


Tree=299
num_leaves=15
num_cat=0
split_feature=1 1 11 11 11 8 7 7 6 8 11 6 11 11
split_gain=1.20157 3.38382 5.20219 8.02986 3.27804 3.17966 4.74496 7.11928 5.33885 5.31006 4.56417 4.78191 4.1002 4.78855
threshold=0.0040669703069970012 0.0043199609450707589 0.0042697734829846125 0.0033104564479703408 0.0026967164991642876 0.082035189826462226 0.0046133034997587448 0.0041242073450233202 0.0044382729744176005 0.027984272957722465 0.0086373077473373295 -0.015311975009858874 0.0062995716621106453 0.007165882397751012
decision_type=2 2 2 2 2 2 2 2 2 2 2 2 2 2
left_child=-1 2 3 4 -2 6 7 9 10 -3 11 -8 -9 -14
right_child=1 5 -4 -5 -6 -7 8 12 -10 -11 -12 -13 13 -15
leaf_value=0.00042531542335735466 0.0046720417045148857 -0.0064939347764668672 -0.023615287404667659 0.036816067447872448 -0.038384097645732577 -0.0013675976279078116 0.050259554512343409 -0.039029354961658172 -0.022443903970179393 0.0065923006739051146 0.0048540831799787363 0.015558547007736312 0.010287436129197872 -0.028201246786783353
leaf_weight=5788.4643763005733 8.8232993781566673 116.87893882393837 39.466579228639603 11.470462262630461 8.8592695593833906 2353.3017732053995 11.944558560848234 15.9662868976593 12.282511204481123 230.19430106878281 100.92831569910049 58.80249884724617 16.942783117294312 15.45088955760002
leaf_count=15577 24 315 107 31 24 6399 32 44 33 619 273 158 46 42
internal_value=4.36595e-06 -0.000807496 -0.0117831 0.00423507 -0.0168998 -0.000550688 0.00276734 -0.000318852 0.00940137 0.00218543 0.0116797 0.0214173 -0.0182918 -0.00807061
internal_weight=8789.78 3001.31 68.6196 29.153 17.6826 2932.69 579.391 395.433 183.958 347.073 171.675 70.7471 48.36 32.3937
internal_count=23724 8147 186 79 48 7961 1562 1066 496 934 463 190 132 88
is_linear=0
shrinkage=0.05


Tree=300
num_leaves=15
num_cat=0
split_feature=9 9 2 7 3 1 7 0 2 3 4 4 2 1
split_gain=1.13905 4.16213 4.86688 4.0297 4.146 3.84376 5.51289 3.65906 3.92585 3.47426 3.29621 2.98494 2.97192 4.08264
threshold=0.0070281333406778451 0.0070715449407577294 0.0057343341401703196 0.0039575426718199665 0.85677664396185882 -0.018613459969792526 0.0045638602709475902 -0.0020059096754627627 0.0079756192543557116 1.7580481406552839 0.20823398711349525 0.99990902474526944 0.012559882880154583 0.0087424372887020974
decision_type=2 2 2 2 2 2 2 2 2 2 2 2 2 2
left_child=5 2 3 4 -2 6 -1 -8 -9 12 -11 -3 -7 -14
right_child=1 11 -4 -5 -6 9 7 8 -10 10 -12 -13 13 -15
leaf_value=0.028836974126077681 -0.042392220056494033 -0.0003221685842154209 -0.045842912821310491 0.025231663904160369 0.0083339178081114299 0.00037169924017196453 0.029606394494819582 -0.036371733089006271 0.0049939119520984948 0.043121235853314926 0.0079386510896330958 -0.024703007551829061 -0.036701361049903895 0.0029079766010624854
leaf_weight=29.074227005243301 8.8031704425811821 4766.955734282732 10.694319397211073 7.4527931511402121 7.4262569844722739 3814.8000973165035 7.3620898127555874 9.2091787755489367 15.207655936479567 7.6882334053516379 49.64843076467514 12.587042421102522 12.806970059871675 13.221960008144377
leaf_count=78 24 12893 29 20 20 10311 20 25 41 21 136 34 36 36
internal_value=5.60836e-06 -0.000511062 -0.0178467 -0.00520432 -0.019181 0.000633847 0.0131032 -0.00129152 -0.0106078 0.000439192 0.0126563 -0.000386376 0.000256813 -0.0165809
internal_weight=8772.94 4813.92 34.3765 23.6822 16.2294 3959.02 60.8532 31.7789 24.4168 3898.17 57.3367 4779.54 3840.83 26.0289
internal_count=23724 13020 93 64 44 10704 164 86 66 10540 157 12927 10383 72
is_linear=0
shrinkage=0.05


Tree=301
num_leaves=15
num_cat=0
split_feature=7 5 11 6 1 3 1 6 5 5 4 4 6 7
split_gain=1.31948 1.30697 4.59255 10.5707 5.75729 14.8411 6.35378 5.4357 4.34976 5.31658 7.13546 4.58681 4.54396 9.03325
threshold=0.018767083715965093 -0.013655106462805823 0.0052153965445685862 -0.0069330845738007499 -0.021437524449079821 1.4895106878796527 0.0027638629875332021 0.021988821284927598 -0.024013387532873808 -0.014291970322532556 0.24766165067481211 0.25504807356579684 0.0049860619166272714 0.0028304151556596724
decision_type=2 2 2 2 2 2 2 2 2 2 2 2 2 2
left_child=1 2 3 -1 5 -5 8 -7 11 -10 -11 -6 -13 -14
right_child=-2 -3 -4 4 6 7 -8 -9 9 10 -12 12 13 -15
leaf_value=0.15538103173274811 -0.034246583261355011 -0.00062310740071603644 -0.00087622141770650008 0.1727869210119945 -0.03471294565139163 -0.03456524603145935 0.085250508466061151 0.094463313569635415 -0.0089696890052743169 0.12146096785901904 0.0034455303637761347 0.0038680577226471282 -0.0039231990040332794 0.14929866817631196
leaf_weight=1.310554452240466 2.8170273024588814 1277.8679783400148 168.98973139002919 1.9267515316605557 1.7747121192514876 2.774724524468184 2.4845040477812281 1.1564466319978235 40.324213918298476 1.9070536531508029 3.9003431648015976 2.5687525421380997 1.5867334529757497 2.4428773410618305
leaf_count=17 93 19061 3542 33 33 58 31 23 648 23 60 38 22 42
internal_value=-5.87282e-05 5.00912e-06 0.00344768 0.0148367 0.011906 0.059108 0.00705405 0.00339155 0.0034896 -0.00252808 0.0421999 0.0366441 0.0558365 0.0889647
internal_weight=1513.83 1511.02 233.147 64.1577 62.8471 5.85792 56.9892 3.93117 54.5047 46.1316 5.8074 8.37308 6.59836 4.02961
internal_count=23724 23631 4570 1028 1011 114 897 81 866 731 83 135 102 64
is_linear=0
shrinkage=0.05


Tree=302
num_leaves=15
num_cat=0
split_feature=2 2 11 11 5 8 11 7 2 11 8 8 7 0
split_gain=1.20195 10.5843 6.33712 6.59047 5.77805 5.76343 9.7298 9.94887 6.0408 5.467 6.49053 5.57913 4.88374 5.86308
threshold=0.0054154923494565037 0.0059250987684056596 0.0050821747271801139 0.01073140735366139 -0.039230939470647423 0.60125320032255647 0.0055033172180691259 0.0073817555224171593 0.0042245806744901368 0.0043617116594206725 0.37981642286118272 0.345641066755704 0.006111212373484021 -0.0007949642955200365
decision_type=2 2 2 2 2 2 2 2 2 2 2 2 2 2
left_child=5 2 9 4 -4 -1 -7 -8 -9 -2 11 -11 13 -6
right_child=1 -3 3 -5 12 6 7 8 -10 10 -12 -13 -14 -15
leaf_value=-0.00080362877752185573 0.019831471403438036 -0.00041374055039128995 -0.031668804127194042 -0.022006212828778154 0.019372020168491058 -0.0018858567983159854 0.046132733602378469 -0.033780087597990484 0.028104036135818508 -0.0010250930733994865 -0.02080788473421992 0.03852054412712233 0.035717362051927763 0.0059462768139857273
leaf_weight=4615.3328366279602 29.179346174001694 3479.4578687995672 7.4282236993312827 14.841581821441649 136.85121387243271 61.883867532014847 28.948154747486115 7.9856542348861677 7.7905522584915161 125.85004705190659 41.573839694261551 9.5991425812244398 21.982682198286057 200.39544627070427
leaf_count=12459 79 9393 20 40 367 170 78 22 21 338 113 26 59 539
internal_value=4.51727e-06 0.00063454 0.00684083 0.010658 0.0119801 -0.000538141 0.0109555 0.0287237 -0.00322068 -0.000221327 -0.0035267 0.00177746 0.0128827 0.0113943
internal_weight=8789.1 4067.16 587.702 381.499 366.658 4721.94 106.608 44.7244 15.7762 206.202 177.023 135.449 359.229 337.247
internal_count=23724 10974 1581 1025 985 12750 291 121 43 556 477 364 965 906
is_linear=0
shrinkage=0.05


Tree=303
num_leaves=15
num_cat=0
split_feature=7 3 7 11 1 6 5 8 5 2 11 2 4 3
split_gain=1.10456 3.6724 3.66802 5.57359 6.97892 8.05658 5.85074 5.76076 7.03523 5.50941 5.16561 5.02076 4.75811 4.16446
threshold=0.0018732274576334651 2.34915876472953 0.0023422169766073747 0.0039414945830259047 0.0018620628371400791 0.0070938968773059394 0.011262382618103863 0.25755542023791317 -0.012163095019133473 0.0034517990633777225 0.0028488090083331617 0.0035293869622739162 0.73512029497465392 1.7580481406552839
decision_type=2 2 2 2 2 2 2 2 2 2 2 2 2 2
left_child=1 -1 3 7 5 9 12 13 11 -5 -10 -9 -6 -2
right_child=2 -3 -4 4 6 -7 -8 8 10 -11 -12 -13 -14 -15
leaf_value=-0.0009852496123405074 0.00058751365094543981 -0.017288068585483325 -0.0001455145466099191 0.0035248883643606609 -0.032034331069148964 -0.0090131775263720248 0.030373977494194938 0.0069850057656983232 -0.0032477769617264979 0.051096369664267283 0.019724576268657663 -0.035095066859464265 0.014183391796593886 -0.017001366679104544
leaf_weight=924.41780376434326 445.27870747447014 35.884320914745331 7081.4643814265728 7.8443849682807913 14.872284680604936 10.773049265146254 10.3077996969223 15.168526917696001 31.545748025178909 27.156072199344635 109.1135205924511 13.30727371573448 8.9019914567470533 36.404179513454437
leaf_count=2532 1202 100 19118 21 40 29 28 41 86 73 295 36 24 99
internal_value=5.79406e-06 -0.00159445 0.000202503 0.00357538 0.0160421 0.0287967 -0.0010878 0.00204571 0.00998431 0.0404345 0.0145726 -0.0126798 -0.0147287 -0.000741802
internal_weight=8772.44 960.302 7812.14 730.674 79.8556 45.7735 34.0821 650.818 169.135 35.0005 140.659 28.4758 23.7743 481.683
internal_count=23724 2632 21092 1974 215 123 92 1759 458 94 381 77 64 1301
is_linear=0
shrinkage=0.05


Tree=304
num_leaves=15
num_cat=0
split_feature=8 5 2 3 9 6 9 1 4 1 9 3 9 2
split_gain=1.31211 3.05029 5.31473 4.1112 3.9256 5.85958 5.67938 9.64268 6.10589 7.36468 3.61416 3.35654 3.32746 4.86932
threshold=0.095916637171342647 -0.028465094584415988 0.0068635666259406897 1.5047763036666486 0.0087708188584269802 0.016794053784780119 0.0078128357676212224 0.0050033474432292909 0.51400358900358911 0.011229613912122521 0.0086570805093953516 1.0162984326769762 0.013018008925037985 0.0024832331399511185
decision_type=2 2 2 2 2 2 2 2 2 2 2 2 2 2
left_child=1 2 -1 -4 5 6 -3 10 9 -9 -8 -10 13 -6
right_child=-2 4 3 -5 12 -7 7 8 11 -11 -12 -13 -14 -15
leaf_value=0.11251321725908026 -0.00098057124101014691 0.0016278791359153454 -0.020401251801154197 0.088253125842231467 0.080743970578758539 0.081336505548946281 -0.0042050108028788879 0.15366934026070228 0.0067490338998378698 0.032146482260206145 0.067563830151476809 0.09123772595052651 0.0043176465890501147 -0.017262633003167924
leaf_weight=1.6979040484875429 1086.3426711941138 294.72365502826869 3.2673735786229372 1.1868195869028566 1.2974534779787052 2.4530841112136832 17.697113581001766 2.9028878975659591 4.7190196588635445 2.1852983236312866 1.9471950028091658 1.5655075572431085 37.13578169606626 54.630093773826957
leaf_count=32 17611 3588 64 17 21 23 262 34 59 25 29 17 876 1066
internal_value=-5.72197e-05 0.00228966 0.0372424 0.0085497 0.0017792 0.00434944 0.00376967 0.024121 0.0607609 0.101477 0.0029089 0.0277956 -0.00728492 -0.014989
internal_weight=1513.75 427.409 6.1521 4.45419 421.257 328.194 325.741 31.017 11.3727 5.08819 19.6443 6.28453 93.0633 55.9275
internal_count=23724 6113 113 81 6000 4037 4014 426 135 59 291 76 1963 1087
is_linear=0
shrinkage=0.05


Tree=305
num_leaves=15
num_cat=0
split_feature=3 3 7 3 9 4 0 7 5 6 9 0 8 8
split_gain=1.1715 3.30472 3.20534 3.89297 3.22578 3.13751 4.14511 2.9665 5.30024 3.32159 5.47147 3.88138 5.75105 3.42787
threshold=0.50525055043628619 0.50885654936820479 0.011310198135724153 0.25723495176155292 0.013800424418002515 0.79832472488031836 -0.0025259354042570115 0.0097990027104593938 0.0093965863646923598 -0.01688604394898972 0.0081498899329426958 0.0057233147491221967 0.1785438141187278 0.080685143789267763
decision_type=2 2 2 2 2 2 2 2 2 2 2 2 2 2
left_child=2 5 7 -4 -5 6 -2 9 -9 10 -1 -11 13 -13
right_child=1 -3 3 4 -6 -7 -8 8 -10 11 -12 12 -14 -15
leaf_value=0.01146931665349319 -0.0074273927501625828 0.00023337023105762182 0.016248448653537289 -0.032293186664603644 0.0047867497872522468 -0.010746349887678822 0.036573833850019208 0.027767073299449437 -0.0074207846810782838 -0.0012951439215569721 -0.043835624405956675 0.01587463463233859 0.026728100938116051 -0.018773963960313837
leaf_weight=7.3813889324665096 7.456760078668597 6805.7470514327288 7.8639860451221457 23.624234169721607 7.8026175498962393 8.5135654509067518 18.965810209512711 24.102521002292633 19.247678965330124 1786.3132680952549 11.346851795911787 12.30580246448517 30.760054737329483 16.99883371591568
leaf_count=20 20 18366 22 66 22 23 51 68 52 4821 31 33 83 46
internal_value=4.07223e-06 0.000312109 -0.00107778 -0.0152141 -0.023087 0.0156508 0.0241562 -0.000786748 0.0121435 -0.00108728 -0.0220382 -0.000874772 0.011627 -0.00422409
internal_weight=8788.43 6840.68 1947.75 39.2908 31.4269 34.9361 26.4226 1908.46 43.3502 1865.11 18.7282 1846.38 60.0647 29.3046
internal_count=23724 18460 5264 110 88 94 71 5154 120 5034 51 4983 162 79
is_linear=0
shrinkage=0.05


Tree=306
num_leaves=15
num_cat=0
split_feature=9 5 0 1 7 7 2 0 8 2 5 6 2 11
split_gain=1.11083 4.42016 6.48968 4.32924 4.02372 9.19511 7.88791 6.08383 4.99358 5.15286 4.78753 4.46608 6.43575 7.11893
threshold=0.003984888998009777 -0.0094694239919710273 0.0009565247868062748 0.0052137091064455689 0.0051897932681553086 0.0042367524516408539 0.0025482377495209983 0.0011097457065896653 0.042079006556792066 0.0050411420517089732 -0.0041827535073447912 0.0019375883393689113 0.0024832331399511185 0.0038116413797285222
decision_type=2 2 2 2 2 2 2 2 2 2 2 2 2 2
left_child=1 2 3 -1 5 10 -7 -8 -6 -10 11 12 -3 -14
right_child=-2 4 -4 -5 8 6 7 -9 9 -11 -12 -13 13 -15
leaf_value=-0.0023362639147373777 0.0002304798780192454 0.014855970834402946 0.026305376630572336 0.037375718480642577 0.025550618644327588 -0.017654829363349885 0.016860523217370183 0.060209045405247623 -0.0081764594963489642 -0.03887623279904473 -0.0014573557819233028 -0.023314681763904714 -0.028528712833010724 0.0067715577054197722
leaf_weight=88.893344730138779 7565.8672847151756 28.451562404632568 33.404088377952576 7.4370878636836997 7.0238910615444174 13.602419674396513 42.912128686904907 9.9757244586944562 38.720941364765167 21.125736355781555 804.29809781908989 50.829301565885544 34.915567278862 24.16852068901062
leaf_count=241 20434 78 90 20 19 37 115 27 107 57 2200 139 95 65
internal_value=5.85671e-06 -0.0014036 0.0073149 0.000729657 -0.00245478 -0.00166771 0.0163032 0.0250369 -0.0143325 -0.0190134 -0.00293528 -0.0115263 -0.00468109 -0.014089
internal_weight=8771.63 1205.76 129.735 96.3304 1076.02 1009.15 66.4903 52.8879 66.8706 59.8467 942.663 138.365 87.5357 59.0841
internal_count=23724 3290 351 261 2939 2756 179 142 183 164 2577 377 238 160
is_linear=0
shrinkage=0.05


Tree=307
num_leaves=15
num_cat=0
split_feature=6 5 4 9 9 8 9 8 11 1 1 8 6 9
split_gain=1.2913 1.64669 4.47492 5.49317 3.55582 8.21911 7.01585 4.6542 4.64322 4.38741 11.039 9.35108 13.9028 10.7851
threshold=0.038618411790241745 -0.013655106462805823 0.090459715025352633 0.0033712974573184211 0.026371466663028389 0.29461838386895106 0.014978419750841689 0.25515994347822085 0.0065166136601053385 0.0039361092165106524 0.0072638205944587971 0.11615363529195287 -0.0050734744839792739 0.0078128357676212224
decision_type=2 2 2 2 2 2 2 2 2 2 2 2 2 2
left_child=1 2 3 -1 6 7 9 -6 -7 -4 11 -11 -13 -14
right_child=-2 -3 4 -5 5 8 -8 -9 -10 10 -12 12 13 -15
leaf_value=0.12782051647782841 -0.024731603168094571 -0.00067215704551155746 0.005430409512228996 -0.025786550663604559 0.050166297079771272 0.052698541812226878 -0.017862636318528576 0.15600150414808941 -0.034488056312214924 -0.015337525009035775 -0.010710444946775872 0.0037346684051264554 0.10053525291206566 0.26996052234110096
leaf_weight=0.60292441025376575 5.2841206919401875 1278.2426676061004 150.7519668340683 16.789865361526608 5.1563366986811143 2.243153490126133 30.433374783024192 1.3008490502834318 4.7836381811648607 2.5106562804430741 8.3282414749264699 2.579127661883831 3.3076030556112528 1.3118588477373121
leaf_count=5 184 19110 2600 380 76 29 867 21 127 40 174 44 44 23
internal_value=-5.7662e-05 2.87773e-05 0.00392259 -0.0204617 0.00591647 0.0307655 0.00423461 0.0714876 -0.00665559 0.00821883 0.0315236 0.0677504 0.0967291 0.14865
internal_weight=1513.63 1508.34 230.1 17.3928 212.707 13.484 199.223 6.45719 7.02679 168.789 18.0375 9.70925 7.19859 4.61946
internal_count=23724 23540 4430 385 4045 253 3792 97 156 2925 325 151 111 67
is_linear=0
shrinkage=0.05


Tree=308
num_leaves=15
num_cat=0
split_feature=8 11 4 3 0 11 1 2 3 3 8 3 3 9
split_gain=1.16781 2.55496 2.28225 1.49189 1.35873 2.90858 1.98774 3.12741 3.00342 4.12312 2.5331 1.73967 2.10885 2.86432
threshold=0.76306965653910852 0.0050572816872082359 0.46171834650037308 1.3670102394138011 -0.019438778248737482 0.014881465813066343 -0.050096861570272537 0.013425833122603677 1.6049158639372354 3.8207666386489652 0.40672628552677237 3.0489892921836308 2.4666634839778423 0.026371466663028389
decision_type=2 2 2 2 2 2 2 2 2 2 2 2 2 2
left_child=4 -2 -3 -4 5 6 -1 8 -8 11 -11 12 13 -10
right_child=1 2 3 -5 -6 -7 7 -9 9 10 -12 -13 -14 -15
leaf_value=-0.024794341686377688 -0.017639481990224904 0.03932853787239099 0.02172026456536991 -0.006949528299113549 3.5963923379803284e-05 0.019252213961988 -0.037602942901723828 0.017272564232186642 -0.017070726660031985 -0.046174075001616979 -0.0079825756185839952 0.020951175025141121 -0.02536519004037522 0.023873027761742771
leaf_weight=15.807478636503218 6.8916075229644767 7.7511859536170986 8.7916868925094622 9.3777313828468305 8654.1994349509478 10.383666127920149 8.4607881903648359 12.748500019311903 7.4423469603061738 7.98785471916199 9.5115457475185377 10.817085802555082 7.4353048503398886 10.02605167031288
leaf_count=43 19 23 24 27 23355 31 23 35 20 22 26 29 20 27
internal_value=4.08596e-06 0.00941922 0.0166134 0.006923 -3.1201e-05 -0.00580794 -0.00869164 -0.00527172 -0.00993127 -0.00553211 -0.0254156 0.00420872 -0.00306348 0.00642909
internal_weight=8787.63 32.8122 25.9206 18.1694 8754.82 100.621 90.237 74.4295 61.681 53.2202 17.4994 35.7208 24.9037 17.4684
internal_count=23724 93 74 51 23631 276 245 202 167 144 48 96 67 47
is_linear=0
shrinkage=0.05


Tree=309
num_leaves=15
num_cat=0
split_feature=4 0 3 4 2 5 9 2 7 9 7 7 7 8
split_gain=1.11329 4.79358 3.91011 3.61786 3.3275 5.70035 5.02552 3.88232 6.06917 4.97433 3.3549 3.84388 3.82456 3.29811
threshold=0.13510058147486734 -0.00023127185633454119 0.72878119382190898 0.12747439320554241 0.0026447881293619017 0.0047782195367471999 0.00512661152326824 0.0029119081572739291 0.0016410547383953419 0.0046095660750181565 0.0014783356668931541 0.0020698365165185769 0.00096950475622935111 0.15180244555015679
decision_type=2 2 2 2 2 2 2 2 2 2 2 2 2 2
left_child=1 3 -3 4 5 6 10 8 -6 -10 12 -12 -1 -9
right_child=-2 2 -4 -5 7 -7 -8 13 9 -11 11 -13 -14 -15
leaf_value=-0.024507340668737807 0.00020288646834465057 -0.045707544099060401 -0.0050619284885294082 -0.012444340461582994 -0.017603194627464156 0.020628298485408769 -0.040882749589285811 0.0042597445536723764 0.0024925217628898304 0.051419011633434576 -0.036339804301469235 -0.0023152663197978287 0.018512311461005567 -0.0025295051248538005
leaf_weight=7.3719092905521419 7815.5491053760052 10.954541593790056 12.866998732089995 64.699786871671677 8.4425840973854083 13.264904320240019 14.921761870384215 294.28516718745232 8.5216476917266863 13.307734668254851 16.013448655605316 17.235033959150314 17.268654137849808 456.14547953009605
leaf_count=22 21126 30 35 176 23 36 41 797 23 36 45 48 48 1238
internal_value=5.94185e-06 -0.00160531 -0.0237532 -0.0010389 -0.000187558 -0.00951747 -0.0150095 0.000841104 0.0183964 0.0323193 -0.00834031 -0.0187025 0.00564179 0.000132933
internal_weight=8770.85 955.3 23.8215 931.478 866.778 86.0757 72.8108 780.703 30.272 21.8294 57.889 33.2485 24.6406 750.431
internal_count=23724 2598 65 2533 2357 240 204 2117 82 59 163 93 70 2035
is_linear=0
shrinkage=0.05


Tree=310
num_leaves=15
num_cat=0
split_feature=6 6 9 2 11 0 5 9 11 4 4 11 11 2
split_gain=1.28108 2.1289 4.80974 4.2588 12.2415 3.30024 4.92648 2.46575 3.10956 3.17763 4.25787 3.05848 4.23364 4.11357
threshold=-0.025489028414618229 -0.019954777922623155 0.025273856757767856 0.0065900343279056417 0.0055033172180691259 0.0017646011792556099 0.031262654606933206 0.015302915437623852 0.0030786540126598728 0.91509978688838201 0.92775443510737643 0.013297268085721618 0.011278502681897345 0.0068239498819579704
decision_type=2 2 2 2 2 2 2 2 2 2 2 2 2 2
left_child=-1 2 3 4 -2 6 -5 11 -9 -10 -11 12 -3 -13
right_child=1 7 -4 5 -6 -7 -8 8 9 10 -12 13 -14 -15
leaf_value=-0.011623648736801065 -0.0090047303140168983 0.00056392930157075363 0.092246556796932208 -0.016835723456300456 0.14486875062574792 -0.034386970534386524 0.094171436364151553 0.065432090822841613 -0.011100196727921745 0.080703643695006766 0.0022030194751780203 -0.034777085026438878 -0.025066411880688835 0.03556681360003263
leaf_weight=23.574660442769527 3.8437419272959295 1329.6380725763738 1.9073682744055975 2.8196248337626439 1.947411812841892 6.117238275706768 1.5483201220631597 1.4528259634971608 98.45647001452744 2.1191484555602065 9.343541623093186 2.514980310574173 16.309466004371643 11.969316195696591
leaf_count=564 67 19207 28 62 38 150 31 13 2630 26 167 48 454 239
internal_value=-5.91672e-05 0.000123807 0.0171274 0.00832442 0.0427389 -0.0106833 0.0225134 -8.62675e-05 -0.00723896 -0.00819947 0.0167157 0.000499289 0.000253355 0.0233527
internal_weight=1513.56 1489.99 18.1837 16.2763 5.79115 10.4852 4.36794 1471.8 111.372 109.919 11.4627 1360.43 1345.95 14.4843
internal_count=23724 23160 376 348 105 243 93 22784 2836 2823 193 19948 19661 287
is_linear=0
shrinkage=0.05


Tree=311
num_leaves=15
num_cat=0
split_feature=11 11 5 11 5 2 5 2 5 8 1 2 1 2
split_gain=1.14587 6.02719 7.25012 4.71769 7.30628 7.79264 6.38898 5.46605 5.42374 5.10501 5.37165 5.80988 4.94663 4.55951
threshold=0.0089940979141916455 0.0096540291531257757 0.055387696399861165 0.0081322549884417974 0.044304490222386812 0.0099883364161087139 0.044304490222386812 0.006448860622009998 0.031262654606933206 0.59199993837086307 0.021214808639928116 0.0057064429927550136 0.018082162857801166 0.0093168253006255201
decision_type=2 2 2 2 2 2 2 2 2 2 2 2 2 2
left_child=3 2 13 6 -5 -6 8 -8 -1 10 -10 -12 -11 -2
right_child=1 -3 -4 4 5 -7 7 -9 9 12 11 -13 -14 -15
leaf_value=-2.4791948686400223e-06 0.0034110069427811087 -0.00039172887636376567 -0.04072594588744971 -0.0070200553026228754 -0.0071862706120242835 0.040971663716872976 0.012239298180969572 -0.024968879474338054 0.021846905542411629 -0.033246747591205932 0.027332255758010522 -0.006500706318693217 0.0081841815884097623 0.016508477181710151
leaf_weight=6807.6070571541786 148.31027355790138 1025.8668422102928 7.4496137201786032 415.10681930184364 16.576022207736969 17.030894726514816 12.723152250051497 44.022467494010925 77.035975754261017 12.861865580081941 17.201997935771942 48.365920767188072 16.378885358572006 120.38501346111298
leaf_count=18357 399 2790 20 1118 45 46 35 121 209 35 47 132 45 325
internal_value=4.26068e-06 0.00137326 0.00793014 -0.00023388 -0.00520467 0.0172186 8.31188e-05 -0.0166263 0.000218973 0.00899177 0.0128941 0.0023755 -0.0100397 0.00927914
internal_weight=8786.92 1302.01 276.145 7484.91 448.714 33.6069 7036.2 56.7456 6979.45 171.845 142.604 65.5679 29.2408 268.695
internal_count=23724 3534 744 20190 1209 91 18981 156 18825 468 388 179 80 724
is_linear=0
shrinkage=0.05


Tree=312
num_leaves=15
num_cat=0
split_feature=0 4 9 2 9 4 4 9 5 8 2 7 11 8
split_gain=1.06854 2.60198 4.86015 4.76226 4.07284 3.82627 3.55778 2.42551 2.91435 3.09921 3.72611 2.31463 5.38757 2.97881
threshold=0.0080226050321640409 0.62179906568023458 0.023173773961777198 0.0060235945542126612 0.03327867382466753 0.65234471450617293 0.55706518724518261 0.01156847078479702 0.0007530383563471827 0.34023456776806338 0.0064856255294168186 0.018767083715965093 0.022256726581733683 0.463337931563364
decision_type=2 2 2 2 2 2 2 2 2 2 2 2 2 2
left_child=11 2 3 -2 6 -3 -4 8 -7 10 -10 -1 -13 -14
right_child=1 5 4 -5 -6 7 -8 -9 9 -11 -12 12 13 -15
leaf_value=-0.00019633328255180978 0.0030705802540625768 -0.024208837025195089 -0.045309649952524379 0.042727375430071129 0.023977714474562338 0.026764087409043548 0.0033252850936663762 0.00058093798816434377 0.024147062870051632 -0.023358317322874526 -0.014132490893893263 0.051946142141435697 0.024101162239013093 -0.018445956779263747
leaf_weight=8094.2570835053921 13.40049719810486 14.676773995161055 7.2819062471389788 17.400526016950607 7.9858739078044882 20.091521114110947 7.7754664123058319 526.92017132043839 18.585165202617649 8.5155384540557844 9.6621181070804578 7.0883896052837398 7.2470496892929104 9.5149781852960569
leaf_count=21890 36 40 20 47 22 54 21 1426 50 23 26 20 20 29
internal_value=5.93659e-06 0.00195291 0.0124809 0.025474 -0.00488655 0.00100568 -0.0201951 0.0016396 0.0114512 0.00308243 0.0110534 -0.000150504 0.0154028 -5.0743e-05
internal_weight=8770.4 652.296 53.8443 30.801 23.0432 598.451 15.0574 583.775 56.8543 36.7628 28.2473 8118.11 23.8504 16.762
internal_count=23724 1765 146 83 63 1619 41 1579 153 99 76 21959 69 49
is_linear=0
shrinkage=0.05


Tree=313
num_leaves=15
num_cat=0
split_feature=11 4 1 2 8 8 5 8 3 6 8 5 7 5
split_gain=1.28189 1.26555 3.66095 4.51554 4.32398 7.33888 4.25721 4.91432 3.56325 4.94147 5.41987 6.18678 3.69431 3.82966
threshold=0.022256726581733683 0.94186960005895048 0.017092508034991485 0.0019375051523759139 0.42111881556037767 0.37030322530794796 -0.00025220527833622215 0.014719502473568411 0.80047262105692274 0.00035943694324695177 0.27112618176255854 -0.0090612289620996423 0.0023605341669122363 -0.0061903779657597286
decision_type=2 2 2 2 2 2 2 2 2 2 2 2 2 2
left_child=1 -1 3 -3 5 -4 7 -5 9 10 12 -12 -9 -14
right_child=-2 2 4 6 -6 -7 -8 8 -10 -11 11 -13 13 -15
leaf_value=-0.00036089575486851467 -0.034216883392736222 0.037467195632527477 0.027411869235406096 0.099274287168754735 -0.019542179397204928 0.14339754466859986 -0.014453197589617313 -0.035985598592394467 -0.013207962927998633 -0.017967951413867467 0.035258692553269994 0.16928078261478163 0.0084729211814453167 0.08607696982594526
leaf_weight=1420.6417275853455 2.7416432080790392 7.911184921860694 7.7923513874411565 1.4842788949608792 3.1994801200926295 1.6531735695898531 35.654515253379941 2.3907610960304755 13.631247092038391 5.7867590449750415 2.10356173850596 1.4578852429985989 4.4673306085169289 2.4680480100214508
leaf_count=22417 93 51 103 20 57 15 500 26 223 84 29 15 59 32
internal_value=-5.86315e-05 3.36181e-06 0.0057531 0.00167594 0.0306951 0.0477119 -0.00240145 0.0103154 0.00622815 0.0204154 0.0376503 0.0901209 0.0176129 0.0360894
internal_weight=1513.38 1510.64 90.0006 77.3556 12.645 9.44552 69.4444 33.7899 32.3056 18.6743 12.8876 3.56145 9.32614 6.93538
internal_count=23724 23631 1214 1039 175 118 988 488 468 245 161 44 117 91
is_linear=0
shrinkage=0.05


Tree=314
num_leaves=15
num_cat=0
split_feature=4 4 4 9 3 9 8 3 3 11 11 11 11 9
split_gain=1.13024 2.02549 3.74977 3.9591 6.71283 5.78516 3.99663 3.46707 3.80833 3.24028 3.19648 3.73449 5.37863 4.84214
threshold=0.95954803765495744 0.83924917156521073 0.84986683433060428 0.0067669058091753961 0.57139569884569241 0.0098607204392216277 0.12880020490642627 1.0162984326769762 1.4099104318836335 0.0055260829184847473 0.013687134489865789 0.009308423038107522 0.0069865396132890506 0.012572761749778619
decision_type=2 2 2 2 2 2 2 2 2 2 2 2 2 2
left_child=1 -1 3 4 6 9 -3 -7 -9 -5 11 12 13 -4
right_child=-2 2 10 5 -6 7 -8 8 -10 -11 -12 -13 -14 -15
leaf_value=-0.0001808839882050455 -0.0029654241823888917 -0.024054996681426632 0.00096286902881347427 0.0046263931708448369 0.043589395690496885 0.035285855793075471 0.019818768038196027 -0.025998093490996955 0.017582134471496567 -0.032630146064689294 -0.01514509906996921 0.010300761341245695 -0.0068671593470687117 0.0135009695424447
leaf_weight=7409.8028222322464 309.14412471652031 8.1211666166782397 545.2006784081459 10.391025930643083 20.399592280387878 13.715455591678618 14.384765714406965 7.4051035344600704 15.518250942230223 13.313414245843886 29.083899021148682 110.90005198121071 189.39531004428864 89.668941497802734
leaf_count=19992 849 22 1474 28 55 37 39 20 42 36 80 298 511 241
internal_value=4.17301e-06 0.000112466 0.00214869 0.0112048 0.0228162 0.00294882 0.00398711 0.0154013 0.00350409 -0.0162985 0.00117899 0.00168668 0.000527703 0.00273375
internal_weight=8786.44 8477.3 1067.5 103.249 42.9055 60.3433 22.5059 36.6388 22.9234 23.7044 964.249 935.165 824.265 634.87
internal_count=23724 22875 2883 279 116 163 61 99 62 64 2604 2524 2226 1715
is_linear=0
shrinkage=0.05


Tree=315
num_leaves=15
num_cat=0
split_feature=9 9 2 7 3 5 8 3 7 7 7 4 4 3
split_gain=1.07814 3.88678 4.56523 3.78048 3.87926 3.67681 6.00803 4.09956 4.36631 6.23302 6.3505 5.42053 7.48894 4.03087
threshold=0.0070281333406778451 0.0070715449407577294 0.0057343341401703196 0.0039575426718199665 0.85677664396185882 -0.0099087681926760193 0.44124367640702084 0.22988242936719419 0.0050605424585577563 0.0047194214555213521 0.0046133034997587448 0.54594979714203651 0.45826389153476971 0.41068733619592801
decision_type=2 2 2 2 2 2 2 2 2 2 2 2 2 2
left_child=5 2 3 4 -2 6 7 -1 9 10 -9 12 -10 -8
right_child=1 -3 -4 -5 -6 -7 13 8 11 -11 -12 -13 -14 -15
leaf_value=-0.027542185105068801 -0.041171177952549043 -0.00037653499323519931 -0.044494635019757867 0.024444921137903093 0.007969567128257608 -2.4414876887112896e-05 -0.032028287461767127 0.0052048739525134991 0.013453741749382393 -0.020968923275260534 0.04876128584602768 0.0292027546911321 -0.038343909395070458 -0.0029460037258659012
leaf_weight=8.7020498216152173 8.7470956444740349 4778.0282127559185 10.62834721803665 7.4464107155799857 7.4253681004047385 3361.6814119815826 13.860038757324217 355.85769763588905 48.293057531118393 22.357357114553452 8.5699548125267011 45.210377871990204 8.1567741930484754 84.88787579536438
leaf_count=24 24 12927 29 20 20 9098 38 958 130 60 23 122 22 229
internal_value=5.90987e-06 -0.000496838 -0.0172811 -0.00503514 -0.0186089 0.000617234 0.00423703 0.00647458 0.00708062 0.00465702 0.00622916 0.0163016 0.00596919 -0.00702793
internal_weight=8769.85 4812.28 34.2472 23.6189 16.1725 3957.58 595.895 497.147 488.445 386.785 364.428 101.66 56.4498 98.7479
internal_count=23724 13020 93 64 44 10704 1606 1339 1315 1041 981 274 152 267
is_linear=0
shrinkage=0.05


Tree=316
num_leaves=15
num_cat=0
split_feature=0 0 5 1 8 1 5 5 2 7 7 7 5 6
split_gain=1.24407 4.71612 5.64463 4.9506 6.43728 6.52022 6.414 6.58554 6.26067 3.61975 6.87463 10.9932 8.23303 5.11084
threshold=0.0049109945953907481 0.0045352452811225101 -0.027681041298929173 0.0095088004168564864 0.21620603423673487 0.0032947823855299699 0.022961007727984404 0.0091952785214149766 0.0041954086024766444 0.0030454347654100392 0.0033389666427893045 0.0033081004997915736 -0.0069671678412726113 -0.0016954377328306841
decision_type=2 2 2 2 2 2 2 2 2 2 2 2 2 2
left_child=1 -1 -3 4 -4 8 7 -5 -6 -2 11 12 13 -11
right_child=9 2 3 6 5 -7 -8 -9 -10 10 -12 -13 -14 -15
leaf_value=5.2698547187353644e-05 -0.01727954147821446 0.12590055348790227 -0.021612784416856132 0.0087201368611144799 0.16252780862916369 -0.017185452154760448 -0.034888760837906915 0.117657869229746 0.031155750424549912 0.15126343437626738 -0.0037918382975044604 0.15866722339641245 -0.0039655185129235286 0.011093304790753789
leaf_weight=1301.640851682052 39.701916323974729 1.232295755296948 11.009356673806911 2.274674328044056 1.5118511766195291 2.7777072452008724 1.7129739020019767 3.5562627799808979 2.2664014808833599 1.6108292378485205 131.57352358289063 1.5492172986268986 9.7509733475744707 1.0905995965003956
leaf_count=19634 692 20 157 34 18 39 31 37 36 27 2768 26 184 21
internal_value=-5.89128e-05 0.000476577 0.0214221 0.0162946 0.00174493 0.0409693 0.0501722 0.0751608 0.0837237 -0.00389706 -0.000247331 0.0330605 0.0174336 0.0946751
internal_weight=1513.26 1327.98 26.3415 25.1092 17.5653 6.55596 7.54391 5.83094 3.77825 185.277 145.575 14.0016 12.4524 2.70143
internal_count=23724 20006 372 352 250 93 102 71 54 3718 3026 258 232 48
is_linear=0
shrinkage=0.05


Tree=317
num_leaves=15
num_cat=0
split_feature=2 7 3 8 5 11 3 1 3 0 7 2 7 3
split_gain=1.15087 5.62658 4.31009 4.01072 5.08421 5.60668 5.93261 4.67484 7.43189 4.9282 5.30876 9.14284 7.20411 6.68504
threshold=0.0042245806744901368 0.0020698365165185769 0.75153847702706889 0.18825108210161404 -0.0023167209721429737 0.0022938787970164204 0.80469050959995825 0.00010159382979552606 1.64369388145634 -0.0054464492934203487 0.0035366271150150618 0.0025795341852325702 0.0015677943497392785 0.36527690463311469
decision_type=2 2 2 2 2 2 2 2 2 2 2 2 2 2
left_child=3 2 -2 7 5 6 -5 8 9 -1 12 -12 -11 -14
right_child=1 -3 -4 4 -6 -7 -8 -9 -10 10 11 -13 13 -15
leaf_value=-0.019970092014227975 0.0011481510665930412 0.000350640720108162 0.052302291101441606 0.054980118254467941 -0.0049417961611920745 8.205497008184932e-05 0.0053689977291998259 0.003445396499350785 0.016416298181840538 -0.0091963895616721941 0.02096413483182161 -0.01858421006549248 0.01842802981753414 0.0005359673985312303
leaf_weight=39.938200116157532 7.4424479007720974 5568.6206310093403 9.2179600894451124 9.6721855700016039 919.55218240618706 480.4180249273777 15.984978616237639 872.11123278737068 53.34084564447403 174.23688665032387 17.397092461585999 91.34566530585289 58.763625770807266 467.85369828343391
leaf_count=107 20 15031 25 26 2509 1293 43 2351 144 469 47 248 158 1253
internal_value=4.2479e-06 0.000437445 0.029451 -0.000751708 -0.00272667 0.00129827 0.0240713 0.000834535 -0.00168736 -0.00282406 -0.00197823 -0.0122571 -0.000383387 0.00253249
internal_weight=8785.9 5585.28 16.6604 3200.61 1425.63 506.075 25.6572 1774.99 902.876 849.535 809.597 108.743 700.854 526.617
internal_count=23724 15076 45 8648 3871 1362 69 4777 2426 2282 2175 295 1880 1411
is_linear=0
shrinkage=0.05


Tree=318
num_leaves=15
num_cat=0
split_feature=5 7 7 11 7 2 7 0 1 8 11 4 3 5
split_gain=1.05876 3.90121 5.43324 5.60536 6.639 5.69893 5.25815 6.06446 4.92534 4.61059 4.98056 5.01804 4.60115 4.54828
threshold=0.011262382618103863 0.0038115590600897756 0.0041242073450233202 0.0058742402214081828 0.0041672487063309791 0.0038452897711292538 0.0044141983829040768 -0.0039520001146926579 -9.2817921953521708e-05 0.27603029874904245 0.0052490030581461298 0.80540511009495985 0.78519698604905541 0.020543357265632559
decision_type=2 2 2 2 2 2 2 2 2 2 2 2 2 2
left_child=-1 8 -3 4 -4 -5 7 -7 -2 -10 -11 13 -6 -12
right_child=1 2 3 5 12 6 -8 -9 9 10 11 -13 -14 -15
leaf_value=-0.00029900056747594623 0.015513832958947453 -0.010008618464461192 -0.016974529420653289 -0.018546801110426121 -0.00026321424480602485 -0.018134313065543091 -0.00064049498912679016 0.017459779690721929 -0.001667247344796524 0.0044119299983244485 0.035804678167228751 0.053197573989961028 0.035593388830702143 -0.0042051896534648003
leaf_weight=6704.1466411650181 81.496066957712173 138.02410268783569 11.945909053087233 41.177488505840302 12.633508086204527 14.176053851842878 1006.4553226828575 76.784767150878906 330.6877053976059 281.35613098740578 12.312460064888002 10.392417460680006 30.65879288315773 16.788816273212433
leaf_count=18158 219 370 32 111 34 38 2719 206 887 761 33 28 83 45
internal_value=5.9075e-06 0.000995863 -0.000616471 0.000469397 0.0160242 -0.000285236 0.000399978 0.0119125 0.00392533 0.00247581 0.00674589 0.0233732 0.0251298 0.0127226
internal_weight=8769.04 2064.89 1331.86 1193.83 55.2382 1138.59 1097.42 90.9608 733.034 651.538 320.85 39.4937 43.2923 29.1013
internal_count=23724 5566 3593 3223 149 3074 2963 244 1973 1754 867 106 117 78
is_linear=0
shrinkage=0.05


Tree=319
num_leaves=15
num_cat=0
split_feature=8 8 0 2 3 3 3 8 1 8 6 7 0 4
split_gain=1.27093 4.87564 6.52414 2.75982 3.93196 12.7441 5.39175 4.96934 4.38452 4.86538 2.88104 2.76128 2.63183 5.39019
threshold=0.12105827774657318 0.13185476994504763 0.0099968457535057221 0.0017797757947049489 1.0102780403703824 0.73372354664517359 0.27638609461785596 0.4001777968413226 0.0011500616682556329 0.22187114742601852 -0.00040007865070988848 0.0010982629480392012 0.0013833422668610657 0.6890891986658686
decision_type=2 2 2 2 2 2 2 2 2 2 2 2 2 2
left_child=12 2 -2 4 5 6 10 8 9 -7 -3 -5 -1 -14
right_child=1 3 -4 11 -6 7 -8 -9 -10 -11 -12 -13 13 -15
leaf_value=0.0044860570772884308 -0.022360997006668836 0.010290014165787585 0.074458090910184085 -0.036092582853142381 -0.022794809585876513 0.024925858638667378 -0.010556702183012551 0.12936756455634132 -0.0023469022330882211 0.12442596107411637 0.064150513729012371 -0.00081787617540084873 -0.015993748946869304 0.0028251436207279521
leaf_weight=344.75038678944111 38.967102164402604 6.0070930682122707 1.8212923370301712 5.5825842916965476 7.5038743764162055 2.4321518540382367 24.876411627978086 2.3486153036355972 2.8986915126442909 2.4827557876706123 4.2319946214556676 891.18940040934831 55.108407726511359 122.92437024228275
leaf_count=4855 629 38 29 56 75 21 222 14 25 22 21 14955 898 1864
internal_value=-5.77857e-05 -0.00111062 -0.0180378 -0.000383509 0.0107274 0.0162831 0.00201292 0.0655934 0.0464242 0.0751881 0.0325515 -0.00103747 0.00193667 -0.00300007
internal_weight=1513.13 990.342 40.7884 949.554 52.7816 45.2777 35.1155 10.1622 7.8136 4.91491 10.2391 896.772 522.783 178.033
internal_count=23724 16107 658 15449 438 363 281 82 68 43 59 15011 7617 2762
is_linear=0
shrinkage=0.05


Tree=320
num_leaves=15
num_cat=0
split_feature=11 3 4 9 0 9 8 7 8 7 9 3 5 3
split_gain=1.14939 2.98912 3.17251 3.40197 3.66818 2.2289 3.51356 2.92342 5.76176 3.85202 4.69381 5.27724 3.17724 1.50208
threshold=0.0014613150331545589 0.41068733619592801 0.81539401918375032 0.0023601712432499929 -0.00026276691285822212 0.0014654606547742949 0.15695303551888948 0.0010398669608766449 0.28997252683821112 0.00087950428732614966 0.0030923893724681363 0.67958067339291506 0.0017470846795335051 0.18283852646015533
decision_type=2 2 2 2 2 2 2 2 2 2 2 2 2 2
left_child=1 -1 3 4 -3 6 -2 8 9 12 -11 -12 -7 -9
right_child=5 2 -4 -5 -6 7 -8 13 -10 10 11 -13 -14 -15
leaf_value=-0.016823048208146479 0.03283365602937513 0.014045214925663217 0.037859548334556486 0.020693559530419823 -0.02352955648989755 0.017244563106277391 -0.010629174251610696 0.010894549838186567 0.027986176656976336 -0.046537146665930784 0.01931990538903999 -0.029447160143729025 -0.024183785542767317 -4.3705880312821508e-05
leaf_weight=11.469508975744246 12.500305086374285 12.069390267133711 9.3042578995227796 21.448184669017792 14.063971459865572 12.51706111431122 7.4043044447898856 31.501082450151443 8.5186303555965406 15.458679139614103 8.89189460873604 14.749033778905867 7.3429712057113639 8597.7109986096621
leaf_count=31 34 33 26 60 38 34 20 87 23 42 24 40 20 23212
internal_value=4.05624e-06 0.00646241 0.0111573 0.00593586 -0.00617608 -4.659e-05 0.0166659 -8.4841e-05 -0.0104516 -0.0160052 -0.0251135 -0.0111047 0.00192701 -3.7756e-06
internal_weight=8784.95 68.3553 56.8858 47.5815 26.1334 8716.59 19.9046 8696.69 67.4783 58.9596 39.0996 23.6409 19.86 8629.21
internal_count=23724 188 157 131 71 23536 54 23482 183 160 106 64 54 23299
is_linear=0
shrinkage=0.05


Tree=321
num_leaves=15
num_cat=0
split_feature=4 0 1 1 4 8 3 4 5 9 11 6 1 1
split_gain=1.04833 4.47779 3.55126 3.5344 4.85246 3.43724 4.59743 4.02228 6.25922 4.36214 4.08257 3.33117 3.31434 6.77084
threshold=0.13510058147486734 -7.4664856245684722e-05 0.033169229274882979 0.0032947823855299699 0.090459715025352633 0.51593347015022839 0.62607272040566475 0.044986013731463652 0.019249779551304299 0.015869917683070729 0.0047762150039089108 -0.0079108779829640419 -0.0026616476759152362 -0.010247511170593923
decision_type=2 2 2 2 2 2 2 2 2 2 2 2 2 2
left_child=1 2 3 4 -1 6 -5 10 9 11 -8 -9 13 -6
right_child=-2 -3 -4 5 12 -7 7 8 -10 -11 -12 -13 -14 -15
leaf_value=0.00074484817086933137 0.00019650196477786374 -0.027691288048626028 -0.033294972283816997 0.013897717771026814 -0.0128247191712339 0.028588746390607607 -0.040455323258117952 -0.01848810893699308 -0.02183068124528223 0.044463476540872932 -0.0034438824681409831 0.010908771243188443 -0.015382692166362436 0.0064489015563837506
leaf_weight=452.4166924059391 7813.2714849710464 16.11543682217598 8.4931057989597303 65.667644798755646 97.010357648134232 14.382402449846266 12.273033082485201 11.882624983787535 20.085748165845871 8.0411734879016858 18.962824732065201 50.989214450120926 92.551939785480499 85.931051224470139
leaf_count=1234 21126 44 24 177 265 39 33 32 54 22 51 137 253 233
internal_value=5.38176e-06 -0.00155858 -0.00110993 -0.000816066 -0.0024408 0.00503046 0.00322727 -0.00250518 0.00280878 0.00978778 -0.0179862 0.00535283 -0.0076723 -0.00377153
internal_weight=8768.07 954.803 938.688 930.195 727.91 202.285 187.902 122.235 90.9988 70.913 31.2359 62.8718 275.493 182.941
internal_count=23724 2598 2554 2530 1985 545 506 329 245 191 84 169 751 498
is_linear=0
shrinkage=0.05


Tree=322
num_leaves=15
num_cat=0
split_feature=11 6 6 5 3 1 7 9 5 2 11 2 0 7
split_gain=1.24027 1.17932 1.74681 2.04438 3.9688 3.95426 2.33598 1.62834 1.53745 1.49626 1.24036 4.94958 7.83122 6.57874
threshold=0.022256726581733683 0.038618411790241745 0.031080854691345718 -0.0322304452812446 1.5431072543308268 -0.029832875094313534 0.0051897932681553086 0.012781545652936958 -0.022711839373398213 0.0096908840996834927 0.004245510018889358 0.0047526986458538397 -0.0015622710926221114 0.0026262706376743114
decision_type=2 2 2 2 2 2 2 2 2 2 2 2 2 2
left_child=1 2 10 4 -4 6 -6 -5 -3 -8 11 -1 13 -13
right_child=-2 8 3 7 5 -7 9 -9 -10 -11 -12 12 -14 -15
leaf_value=0.00080906003028878299 -0.034189240230995691 -0.034086376955322656 -0.036398674717586364 0.037898696340523993 0.093712135312473757 0.14368332518719465 -0.034525721976516287 -0.034876600757544826 0.053381516353416161 0.044635585148523282 -0.0011535653640114833 0.0032842706165527543 0.0053411990344376763 0.10210457185689248
leaf_weight=529.3492611348629 2.6565163433551779 4.447067691013217 1.3489954676479099 1.1804169397801145 1.1548971775919197 1.10327341593802 1.1342716962099078 2.2033333033323288 0.56637698784470458 1.260036753490567 941.76937296707183 2.6133768819272545 17.259052935987711 4.7368313334882259
leaf_count=6125 93 164 34 11 16 15 26 49 13 29 16788 42 243 76
internal_value=-5.50323e-05 5.01434e-06 8.56565e-05 0.0215893 0.0391119 0.0610064 0.0353062 -0.00948903 -0.024205 0.00713397 -4.92723e-05 0.00182811 0.0237479 0.0669689
internal_weight=1512.78 1510.13 1505.11 9.38522 6.00147 4.65248 3.54921 3.38375 5.01344 2.39431 1495.73 553.959 24.6093 7.35021
internal_count=23724 23631 23454 180 120 86 71 60 177 55 23274 6486 361 118
is_linear=0
shrinkage=0.05


Tree=323
num_leaves=15
num_cat=0
split_feature=1 1 9 2 6 8 7 7 6 8 4 0 2 5
split_gain=1.13766 3.16645 5.01631 4.04255 3.14027 2.86189 4.48053 9.35819 5.43873 4.76948 3.96209 5.7887 3.94689 4.0113
threshold=0.0040669703069970012 0.0043199609450707589 0.0044124475590295456 0.0026178148111207947 0.0026352320987166294 0.082035189826462226 0.0044904964419740191 0.0041487369223713556 0.0044382729744176005 0.027984272957722465 0.66709746693320626 -0.0034112487162550062 0.0039136824669126309 0.0053444488140020029
decision_type=2 2 2 2 2 2 2 2 2 2 2 2 2 2
left_child=-1 2 3 -2 -4 6 7 9 12 -3 11 -11 -8 -14
right_child=1 5 4 -5 -6 -7 8 -9 -10 10 -12 -13 13 -15
leaf_value=0.00041380050386406698 -0.014060843449328189 -0.006272090992852428 -0.014581085880156991 0.030731179109958082 -0.049253884546739735 -0.001313332510185782 0.036093495072771993 -0.025662994860360805 -0.02290559090641053 0.024607263996371767 0.013147314057227895 -0.0046378545629830797 0.018654682359078509 0.0027389954404595184
leaf_weight=5785.0678636431694 9.5774306356906909 118.2819512784481 40.441113293170929 10.626015126705168 7.7877874970436087 2351.4519273936749 14.424678742885588 33.754241645336151 12.652056157588957 20.148871183395386 106.70426613092422 105.60602086782455 64.173842638731003 103.33894094824791
leaf_count=15577 26 319 110 29 21 6399 39 93 34 54 287 284 174 278
internal_value=4.10566e-06 -0.000786203 -0.0114182 0.00949755 -0.0201799 -0.000537932 0.00261069 -0.000518114 0.00879298 0.00190175 0.00606084 4.78966e-05 0.0109973 0.00883627
internal_weight=8784.04 2998.97 68.4323 20.2034 48.2289 2930.54 579.085 384.495 194.59 350.741 232.459 125.755 181.937 167.513
internal_count=23724 8147 186 55 131 7961 1562 1037 525 944 625 338 491 452
is_linear=0
shrinkage=0.05


Tree=324
num_leaves=15
num_cat=0
split_feature=6 7 2 7 4 4 9 11 7 9 9 11 9 0
split_gain=1.04252 4.06186 4.21051 3.70939 4.19324 3.89759 3.44883 3.15898 2.78799 3.7288 3.6112 3.40324 2.81282 2.41668
threshold=0.026415941827387292 0.006270109568075422 0.008801385875178298 0.0059584613673802677 0.35068127783796804 0.14219886632492951 0.019408746153627726 0.006811565723322391 0.0068740843864017786 0.026371466663028389 0.021556594587030214 0.014881465813066343 0.030714632034214585 0.0010362152033261886
decision_type=2 2 2 2 2 2 2 2 2 2 2 2 2 2
left_child=-1 3 -3 4 5 7 -7 -2 9 -4 13 12 -12 -10
right_child=1 2 8 -5 -6 6 -8 -9 10 -11 11 -13 -14 -15
leaf_value=-7.8253052710380952e-05 0.024039641395377811 -0.039696770118763963 -0.039240370543533729 0.036397089764834439 -0.011061346960094939 0.055451163873227342 0.015501730770963104 -0.015419564471247166 0.0088343519762821357 0.0044310343383061578 -0.015337522781476418 -0.027372907023743311 0.010440616095697611 0.039136513125893363
leaf_weight=8567.1577682942152 8.5524482131004351 7.0301576256752005 9.611312538385393 13.414176374673842 20.689759492874146 8.6127453744411486 14.493998616933821 12.464091837406157 25.494729906320572 9.9456765651702863 15.500225961208342 12.08450625836849 33.352766990661621 8.8686287999153119
leaf_count=23172 23 20 27 36 56 23 39 34 70 27 43 39 91 24
internal_value=5.07688e-06 0.00357253 -0.00213425 0.0124644 0.00751113 0.0162199 0.0303924 0.000637922 0.000164857 -0.0170313 0.00369374 -0.00361517 0.00226165 0.0166549
internal_weight=8767.27 200.115 121.888 78.2272 64.813 44.1233 23.1067 21.0165 114.858 19.557 95.3009 60.9375 48.853 34.3634
internal_count=23724 552 341 211 175 119 62 57 321 54 267 173 134 94
is_linear=0
shrinkage=0.05


Tree=325
num_leaves=15
num_cat=0
split_feature=6 3 3 6 3 11 5 2 11 9 11 11 6 1
split_gain=1.21887 1.97854 4.52268 1.92533 4.43125 6.16693 3.28281 2.7098 11.2865 2.28037 2.87243 4.03504 3.9152 4.62265
threshold=-0.025489028414618229 2.1959635099120924 2.34915876472953 -0.019954777922623155 0.89072431999692292 0.010270690350519208 0.035747622229632056 0.0065900343279056417 0.0055033172180691259 0.015302915437623852 0.013297268085721618 0.011278502681897345 0.00035943694324695177 -0.015210314962560425
decision_type=2 2 2 2 2 2 2 2 2 2 2 2 2 2
left_child=1 -1 -3 4 -2 7 -7 8 -6 10 11 -5 -12 -14
right_child=3 2 -4 9 5 6 -8 -9 -10 -11 12 -13 13 -15
leaf_value=-0.025908231434187634 -0.034373516310444073 0.077848876318701549 -0.0098180019209895778 0.00054239010516823308 -0.0097780523463131316 0.050717504460956221 0.1772256399677461 -0.0062799623623508959 0.13452838549407239 -0.0069911090704945084 -0.0053646582146183843 -0.024802240260917867 -0.034800294851396033 0.06442328834802051
leaf_weight=11.701882091350855 3.5119843548163798 1.7281315717846144 9.8943355120718461 1329.9368518274277 3.9535250477492792 1.1290429309010499 0.93952350690960873 6.8709472008049488 2.0614804476499557 110.32413214817643 6.7915882505476457 15.891851825639604 1.4342331327497957 6.4648159071803093
leaf_count=324 89 25 215 19207 69 24 18 141 35 2836 152 454 32 103
internal_value=-5.36626e-05 -0.0113952 0.00321709 0.000123959 0.0161683 0.0280377 0.108176 0.0151732 0.0396791 -7.74784e-05 0.000483146 0.000243115 0.0224727 0.0464072
internal_weight=1512.63 23.3243 11.6225 1489.31 18.4665 14.9545 2.06857 12.886 6.01501 1470.84 1360.52 1345.83 14.6906 7.89905
internal_count=23724 564 240 23160 376 287 42 245 104 22784 19948 19661 287 135
is_linear=0
shrinkage=0.05


Tree=326
num_leaves=15
num_cat=0
split_feature=0 2 3 4 4 8 4 7 9 7 9 3 3 8
split_gain=1.14264 2.53409 4.57413 2.79774 2.68119 4.94333 2.27703 2.82725 2.83927 1.72285 1.59093 5.37672 4.10007 3.9188
threshold=-0.019438778248737482 0.013083956619987168 1.6049158639372354 0.28948890420904405 0.17694096368555093 0.34821787237967278 0.090459715025352633 0.006270109568075422 0.030714632034214585 0.0060524812913642081 0.022044247326334344 0.75732546162508374 0.86256342801870922 0.0090753545897719005
decision_type=2 2 2 2 2 2 2 2 2 2 2 2 2 2
left_child=1 2 -1 6 5 -3 9 8 -8 -4 -2 -12 -13 -14
right_child=10 4 3 -5 -6 -7 7 -9 -10 -11 11 12 13 -15
leaf_value=-0.043703663605319971 -7.7970197710888013e-05 0.044076631435235575 -0.00071549610435737326 -0.032280899546596638 -0.01048532334096129 -0.005591773466137687 0.010962629175625724 0.023745230845137383 -0.026972706562798723 -0.033499858215527249 -0.023680608505266317 0.041655574537875051 -0.035263493874416345 0.004517196369004473
leaf_weight=9.1871488094329816 8304.898713812232 9.381586819887163 8.2139438092708605 8.4804594218730909 14.787501752376555 10.749587684869764 11.174743950366976 13.631706088781355 8.8297648429870588 7.8248071372508994 17.667259365320206 7.3026305735111228 6.3040112555026999 344.80942404270172
leaf_count=25 22419 27 22 24 42 30 30 37 24 21 48 20 17 938
internal_value=4.17402e-06 -0.00525026 -0.010918 -0.00573865 0.00568028 0.0175548 -0.00120739 0.0061847 -0.0057816 -0.01671 6.60708e-05 0.00324687 0.0045742 0.00380296
internal_weight=8783.24 102.261 67.3426 58.1554 34.9187 20.1312 49.675 33.6362 20.0045 16.0388 8680.98 376.083 358.416 351.113
internal_count=23724 282 183 158 99 57 134 91 54 43 23442 1023 975 955
is_linear=0
shrinkage=0.05


Tree=327
num_leaves=15
num_cat=0
split_feature=0 4 4 8 6 4 7 9 3 11 3 8 0 2
split_gain=1.03554 2.42816 4.67808 4.31817 6.53328 3.61026 3.22184 2.25327 2.63735 4.45658 4.15349 3.01261 5.17968 3.31929
threshold=0.0080226050321640409 0.62179906568023458 0.60271250788201514 0.463337931563364 -0.017531581108666882 0.65234471450617293 0.0043709555205591766 0.012344865439399331 0.74711981581367748 0.0067426283908447304 1.9400451610489202 0.29238533919694248 0.0085914751350644938 0.0063665454330946664
decision_type=2 2 2 2 2 2 2 2 2 2 2 2 2 2
left_child=-1 2 3 4 -2 -3 -6 8 9 -7 11 13 -13 -10
right_child=1 5 -4 -5 6 7 -8 -9 10 -11 -12 12 -14 -15
leaf_value=-0.00014885443754719828 -0.036265566534555635 -0.023515907773434076 0.043701769144985358 0.035403750240539399 -0.0064822247739757428 -0.028682113702250395 0.029823903320981907 0.00023924995646243039 0.03950909103785951 0.010843035901770281 -0.016120812682486 -0.028036202919173487 0.024457844265394161 0.0082261300483789847
leaf_weight=8114.8101152330637 10.31431314349174 14.639968037605284 9.6172113418579084 9.338183641433714 12.559243142604833 11.170775532722475 11.900882393121718 486.85553881525993 23.005226880311966 19.724147707223892 9.6019732058048231 7.775273114442828 11.877889126539229 13.429449975490568
leaf_count=21959 28 40 26 26 34 30 32 1319 62 53 26 21 32 36
internal_value=5.15888e-06 0.00192257 0.0121043 0.00521554 -0.00289107 0.00100788 0.0111822 0.00162324 0.00859953 -0.0034482 0.0142658 0.0194678 0.00368991 0.0279785
internal_weight=8766.62 651.81 53.7298 44.1126 34.7744 598.08 24.4601 583.44 96.5847 30.8949 65.6898 56.0878 19.6532 36.4347
internal_count=23724 1765 146 120 94 1619 66 1579 260 83 177 151 53 98
is_linear=0
shrinkage=0.05


Tree=328
num_leaves=15
num_cat=0
split_feature=7 5 4 9 11 2 1 0 8 7 11 6 3 9
split_gain=1.20795 1.18615 4.29533 3.84558 3.74725 8.03237 7.68546 3.99471 4.66281 5.63472 8.92541 10.1604 21.656 10.7656
threshold=0.018767083715965093 -0.013655106462805823 0.090459715025352633 0.003857019715977648 0.0052153965445685862 0.006448860622009998 0.0016939715880157559 -0.00034633347198868787 0.055309790015066543 0.0028304151556596724 0.00496231114463938 0.0049860619166272714 1.6644990741364065 0.0080930734736083549
decision_type=2 2 2 2 2 2 2 2 2 2 2 2 2 2
left_child=1 2 3 -1 5 6 7 8 -4 -10 11 -11 13 -13
right_child=-2 -3 4 -5 -6 -7 -8 -9 9 10 -12 12 -14 -15
leaf_value=0.086484662305068488 -0.034184625256114397 -0.00059501684744139773 0.094050800109055227 -0.025676043915091554 0.0010826942480118441 0.12959902686071806 0.081151418366627148 -0.0090256201075480502 -0.0058056071850286078 -0.018408351706559571 -0.023661295869070911 0.079377611967913986 -0.0055211545738728801 0.23236333173464599
leaf_weight=0.8008649349212672 2.5879157800227395 1276.1349736116827 1.9319206215441216 16.703038983047009 155.29366223607212 1.5098274238407601 3.84851175174117 21.136333085596561 16.993909254670143 3.0133597403764716 4.4866534247994414 2.1803279854357225 3.4519394598901272 2.4333071261644363
leaf_count=7 93 19061 30 400 3212 20 43 318 266 46 78 30 76 44
internal_value=-5.36944e-05 4.80406e-06 0.003279 -0.0205443 0.00520706 0.0157092 0.0128181 0.00809059 0.0185794 0.0141013 0.0358349 0.0599291 0.0891966 0.160065
internal_weight=1512.51 1509.92 233.784 17.5039 216.28 60.9861 59.4763 55.6278 34.4914 32.5595 15.5656 11.0789 8.06557 4.61364
internal_count=23724 23631 4570 407 4163 951 931 888 570 540 274 196 150 74
is_linear=0
shrinkage=0.05


Tree=329
num_leaves=15
num_cat=0
split_feature=6 0 8 11 5 11 6 4 1 4 0 3 9 5
split_gain=1.13094 4.81027 4.99355 6.22051 4.781 8.50985 6.62882 5.68139 4.99668 4.98479 6.14128 6.65251 6.28177 6.05877
threshold=0.00042282597470961504 0.002165146407156399 0.12880020490642627 0.0066515406245617669 0.0026954165188413921 0.006811565723322391 0.0037283457747878113 0.40590692843164827 -0.0048011690037600982 0.070866580825323211 -0.0018721385120372676 1.2502365912728421 0.013931500405169009 0.023607617917309066
decision_type=2 2 2 2 2 2 2 2 2 2 2 2 2 2
left_child=-1 2 3 -2 6 -6 -4 8 -8 13 11 12 -11 -7
right_child=1 -3 4 -5 5 9 7 -9 -10 10 -12 -13 -14 -15
leaf_value=-0.00052682529720754294 -0.00066061812214070117 0.0044191198968723524 0.0077079584908247584 -0.0090067868148912406 -0.0073266458993433807 0.052619952532705142 0.0013048483865877041 -0.0040706076127178421 0.011804535554251334 -0.01598672068468791 0.013489755702988339 0.023890593073579443 0.013016005759928083 -0.0023595113575245745
leaf_weight=4682.5164414793253 865.46991881728172 689.58393859863281 458.50144892930984 300.85713487863541 366.76376715302467 11.491267651319506 641.96942906081676 417.32871514558792 137.59654593467712 79.693961471319199 79.673030823469162 17.793668508529663 24.381998300552368 8.8858262598514539
leaf_count=12684 2323 1857 1233 811 990 31 1733 1125 370 214 215 48 66 24
internal_value=4.0976e-06 0.000610454 -0.000159658 -0.00281353 0.00121965 -0.00265043 0.00259591 0.000637612 0.00315809 0.0050779 0.00269512 -0.00436194 -0.00919222 0.0286451
internal_weight=8782.51 4099.99 3410.41 1166.33 2244.08 588.684 1655.4 1196.89 779.566 221.92 201.543 121.87 104.076 20.3771
internal_count=23724 11040 9183 3134 6049 1588 4461 3228 2103 598 543 328 280 55
is_linear=0
shrinkage=0.05


Tree=330
num_leaves=15
num_cat=0
split_feature=0 4 8 1 8 9 3 8 11 2 11 2 2 2
split_gain=1.02455 5.28374 4.73954 5.62163 5.45148 3.81644 3.56567 4.33101 4.3642 10.003 5.66042 5.13248 4.59331 4.42369
threshold=-0.00091494184887632531 0.71066266795438771 0.040604558799822187 0.010091020175433906 0.40964864250299066 0.0020019435501019236 2.1573600451903601 0.2127810300355599 0.0066515406245617669 0.0082947074858374711 0.0065566387598150096 0.0047276016883886834 0.0050411420517089732 0.0075649011254460214
decision_type=2 2 2 2 2 2 2 2 2 2 2 2 2 2
left_child=1 5 -3 4 -4 -1 7 8 10 11 13 -10 -13 -7
right_child=-2 2 3 -5 -6 6 -8 -9 9 -11 -12 12 -14 -15
leaf_value=-0.028842148427454875 0.00044919819300053671 0.024006220692799098 -0.031280254969134093 0.016643844910859726 0.0011553486395410669 -0.00082932555382272174 0.004810587666038639 -0.0028049066719592398 0.024186197997645861 -0.0030774610896518867 -0.027370567586275287 -0.017163588526336308 0.0093988164294282819 0.019330978786801827
leaf_weight=11.714282065629957 5234.6589995622635 7.8173804581165305 47.337320119142532 10.735758811235426 17.834828555583954 1111.467120975256 315.5658700466156 1420.0634396672249 56.796999365091324 236.3406095802784 19.696378529071808 17.511551678180695 230.55542573332787 27.892954230308533
leaf_count=34 14146 21 133 29 49 3011 862 3847 153 644 53 47 620 75
internal_value=5.22117e-06 -0.000652907 -0.0130638 -0.0168814 -0.022404 -0.000351509 -0.000254373 -0.000766605 0.000935792 0.00464291 -0.000795191 0.010628 0.00752372 -0.000335776
internal_weight=8765.99 3531.33 83.7253 75.9079 65.1721 3447.6 3435.89 3120.32 1700.26 541.205 1159.06 304.864 248.067 1139.36
internal_count=23724 9578 232 211 182 9346 9312 8450 4603 1464 3139 820 667 3086
is_linear=0
shrinkage=0.05


Tree=331
num_leaves=15
num_cat=0
split_feature=8 3 0 5 9 6 1 9 1 5 2 0 7 2
split_gain=1.18587 2.97249 4.30396 5.33157 4.05473 4.62367 4.94123 9.21026 4.63314 10.5612 4.39067 4.45044 4.77431 7.31865
threshold=0.095916637171342647 2.1959635099120924 -0.0094644329435218753 -0.010924166147606417 0.0087708188584269802 0.016794053784780119 0.0044284846657896811 0.0078128357676212224 0.0048875794745927171 0.0031169753550426486 0.0024832331399511185 -0.010116504650844642 0.0054627006638375535 0.0096014859243375387
decision_type=2 2 2 2 2 2 2 2 2 2 2 2 2 2
left_child=1 4 -3 -4 5 6 -1 8 9 -8 -6 12 -12 -14
right_child=-2 2 3 -5 10 -7 7 -9 -10 -11 11 -13 13 -15
leaf_value=-0.0002677024192725863 -0.00093542837308470395 -0.034408829681219881 0.10242835591216837 0.019867973043204978 0.084458762380092506 0.069190313678342316 0.117949796786123 0.053928218912363185 0.0030165316615182142 -0.0091460167473804647 -0.0058460097157483938 -0.01287879043864474 0.17529516008102566 0.003712890754272908
leaf_weight=241.22937278263271 1084.1516715353355 2.5224050078541032 2.4933950733393422 9.0640358906239253 1.2567758187651623 2.691396325826644 2.9219373222440472 12.214642602950333 66.171776654198766 3.7097024768590927 3.4986542724072924 78.104606423527002 1.1769909225404265 1.3167571462690828
leaf_count=2956 17611 65 33 152 20 22 32 140 842 42 92 1660 18 39
internal_value=-5.53872e-05 0.00217188 0.0247649 0.0376795 0.00140405 0.00392376 0.00338534 0.0137504 0.00700959 0.0468531 -0.00830649 -0.00969281 0.0318331 0.0846957
internal_weight=1512.52 428.372 14.0798 11.5574 414.293 328.939 326.247 85.0181 72.8034 6.63164 85.3538 84.097 5.9924 2.49375
internal_count=23724 6113 250 185 5863 4034 4012 1056 916 74 1829 1809 149 57
is_linear=0
shrinkage=0.05


Tree=332
num_leaves=15
num_cat=0
split_feature=2 7 3 2 8 11 8 9 9 11 8 5 3 9
split_gain=1.1229 5.25981 4.03688 3.90391 4.21007 3.49874 3.25188 7.82938 5.89843 3.90712 6.54407 6.47261 5.43324 6.12952
threshold=0.0042245806744901368 0.0020698365165185769 0.75153847702706889 0.003574903375890295 0.59199993837086307 0.0033352856743196733 0.0077900281407502917 0.0076664624431253834 0.0047975163273163432 0.0033352856743196733 0.04668744724418547 0.0085966478849563675 0.37469986595918875 0.0043723215442007324
decision_type=2 2 2 2 2 2 2 2 2 2 2 2 2 2
left_child=3 2 -2 -1 6 -3 7 8 -5 10 -8 -12 -11 -14
right_child=1 5 -4 4 -6 -7 9 -9 -10 12 11 -13 13 -15
leaf_value=0.00038099853063654367 0.0011510681859995991 -0.026065198416902191 0.050707464000285064 0.021319784392839405 0.016920725080684759 0.00040795574486856282 -0.029968755963753414 0.053978832369251301 -0.036624228706568326 0.0073360104092418665 0.01363445623302926 -0.015456693279802571 -0.018724576006832451 -0.0052954338458717463
leaf_weight=2262.7962436676025 7.4412508606910732 12.508867740631102 9.1782069802284223 9.589427471160894 24.676496922969818 5553.6083703935146 13.031871616840361 8.1622562408447248 8.1032926440238935 70.554134845733643 89.697711616754532 24.3004429936409 99.297856450080872 588.91645953059196
leaf_count=6110 20 34 25 26 67 14997 35 22 22 192 241 68 271 1594
internal_value=4.32776e-06 0.000432324 0.0285189 -0.00074256 -0.00345783 0.000348462 -0.00400943 0.0134696 -0.00521866 -0.00451961 0.00359621 0.00743323 -0.00587833 -0.00723304
internal_weight=8781.86 5582.74 16.6195 3199.13 936.33 5566.12 911.653 25.855 17.6927 885.798 127.03 113.998 758.768 688.214
internal_count=23724 15076 45 8648 2538 15031 2471 70 48 2401 344 309 2057 1865
is_linear=0
shrinkage=0.05


Tree=333
num_leaves=15
num_cat=0
split_feature=8 3 3 11 1 9 5 3 7 1 11 7 1 4
split_gain=1.03111 2.38304 3.00642 2.86558 4.11708 2.66809 2.05953 1.17007 5.61358 9.78769 5.02301 4.85418 7.56538 6.61923
threshold=0.0033323611128471156 0.69929959583562884 0.91475657600848159 0.0062995716621106453 -0.0013562271792033956 0.013661440816830626 -0.00075625063641829933 0.64893690000044879 0.0035846953357498508 -0.013936660534326375 0.0048646863525692967 0.0024004442900384037 -0.0099890422194453318 0.099014599340351631
decision_type=2 2 2 2 2 2 2 2 2 2 2 2 2 2
left_child=1 3 -3 4 -1 6 -4 8 9 -2 -10 -11 -13 -14
right_child=7 2 5 -5 -6 -7 -8 -9 10 11 -12 12 13 -15
leaf_value=-0.014979373134321163 -0.033752185657669354 0.034127630211044861 0.0087679815685189101 -0.027554733934238546 0.02705563377936316 0.026371281149567619 -0.027449534880674527 -0.00049818354058798716 0.032310455094597894 0.0021444004282896627 0.0024321927464280996 0.017987818266222654 0.012554896245259656 -0.0056345662595668027
leaf_weight=11.991579324007034 23.100434452295303 12.946449756622313 8.5085438787937147 9.1675955653190595 11.327891379594803 8.8346132934093458 7.287069886922839 5386.3310290724039 14.183884650468825 696.61297109723091 1703.1344708651304 39.283118098974228 53.448515772819519 778.78563183546066
leaf_count=33 63 35 23 25 31 24 20 14585 38 1902 4594 106 145 2100
internal_value=5.08362e-06 0.00604641 0.0146204 -0.00387089 0.00543996 0.00436684 -0.00794043 -4.35977e-05 0.00069647 -0.00144312 0.00267897 -0.000967167 -0.00345428 -0.00446639
internal_weight=8764.94 70.0637 37.5767 32.4871 23.3195 24.6302 15.7956 8694.88 3308.55 1591.23 1717.32 1568.13 871.517 832.234
internal_count=23724 191 102 89 64 67 43 23533 8948 4316 4632 4253 2351 2245
is_linear=0
shrinkage=0.05


Tree=334
num_leaves=15
num_cat=0
split_feature=4 2 2 7 7 2 9 9 8 0 5 9 3 2
split_gain=1.18626 4.71733 4.66484 4.65891 3.64459 3.20547 6.5801 4.45016 5.67877 5.60456 6.36429 2.61788 7.2058 4.64487
threshold=0.91985176034589267 0.0019375051523759139 0.0058599248890660255 0.0033926831068258395 0.003197966449315021 0.003663394366131435 0.0052763142598389852 0.0086570805093953516 0.34821787237967278 0.0023266997128000189 0.0098183525371675854 0.0061902639591699385 0.42910846505557332 0.0082318094480598684
decision_type=2 2 2 2 2 2 2 2 2 2 2 2 2 2
left_child=-1 -2 5 4 -4 6 -3 8 9 -8 -11 12 -5 -14
right_child=1 2 3 11 -6 -7 7 -9 -10 10 -12 -13 13 -15
leaf_value=-0.00046997926844374372 0.03646767353510711 -0.015442670805449924 0.021637656424751042 -0.035176357584251902 0.12703696800948286 -0.017673055757577993 0.10473702732786189 -0.035023614875320692 0.1160860311287661 -0.024926559027776574 0.09127209247405349 0.0040232989117668155 0.10804526758009572 -0.00078831130459938161
leaf_weight=1390.3568916711956 10.647567346692083 16.829316914081577 1.7599026933312409 2.2666438594460478 1.5360538512468336 34.159776415675879 1.7762093469500522 2.0312538519501677 2.2547662183642379 4.7101015672087669 1.5715638473629949 37.870382675901055 3.1268448494374752 1.4281277768313883
leaf_count=22038 69 174 28 33 19 514 20 32 16 59 17 649 39 17
internal_value=-5.52187e-05 0.00467277 0.00163166 0.0133901 0.0707582 -0.00727779 0.00489434 0.0326212 0.0459451 0.0263181 0.00414433 0.00915928 0.0376718 0.0739225
internal_weight=1512.33 121.969 111.321 47.988 3.29596 63.333 29.1732 12.3439 10.3126 8.05787 6.28167 44.692 6.82162 4.55497
internal_count=23724 1686 1617 785 47 832 318 144 112 96 76 738 89 56
is_linear=0
shrinkage=0.05


Tree=335
num_leaves=15
num_cat=0
split_feature=3 11 4 7 3 3 11 8 6 0 6 2 7 11
split_gain=1.12759 4.99687 5.45893 4.27218 3.80364 5.17609 2.67258 6.00745 2.64404 4.27539 3.08923 3.03841 2.99645 4.10533
threshold=0.47097617729595459 0.013687134489865789 0.77768375856143079 0.0097990027104593938 0.25723495176155292 0.37469986595918875 0.012342195648836096 0.23538391769561165 -0.01688604394898972 0.0051702257285906614 -0.013554865889891089 0.0050674160624561608 0.004932296145600085 0.0089940979141916455
decision_type=2 2 2 2 2 2 2 2 2 2 2 2 2 2
left_child=1 3 4 8 -3 -6 -5 -8 -1 10 -10 -11 -13 -14
right_child=-2 2 -4 6 5 -7 7 -9 9 11 -12 12 13 -15
leaf_value=-0.022404572756674922 0.00027521204987706585 0.017485615877328716 -0.046315639225737365 0.040460802523567763 -0.037044740076491216 0.00098580505180396278 0.038705600333569012 -0.025057051206497757 0.02545708220148268 0.032478767559946733 -0.0014948826414367235 0.021778951216900769 -0.032470802010680304 0.0093258335777207085
leaf_weight=14.258812755346296 7148.2947343140841 11.210671395063398 11.535971373319624 9.7062240242958087 16.044030845165253 20.226094365119934 7.3567828834056836 7.4195112884044647 10.709571212530134 14.338554322719572 1465.5636344254017 17.888049632310867 8.8565715253353137 17.451031088829041
leaf_count=39 19306 31 32 28 45 56 21 20 29 39 3959 48 24 47
internal_value=4.43588e-06 -0.00118118 -0.0154647 -0.000645463 -0.00796917 -0.0158369 0.020078 0.00668893 -0.000972991 -0.000773885 -0.00129936 0.012479 0.00599037 -0.00474519
internal_weight=8780.86 1632.57 59.0168 1573.55 47.4808 36.2701 24.4825 14.7763 1549.07 1534.81 1476.27 58.5342 44.1957 26.3076
internal_count=23724 4418 164 4254 132 101 69 41 4185 4146 3988 158 119 71
is_linear=0
shrinkage=0.05


Tree=336
num_leaves=15
num_cat=0
split_feature=9 5 8 4 7 7 0 7 4 7 7 2 0 6
split_gain=1.02824 4.03865 4.1466 4.30804 4.87794 7.5083 5.88959 4.76847 4.1297 4.08062 8.23087 7.16194 6.2495 5.02199
threshold=0.003984888998009777 -0.010183862832659452 0.072851272315814453 0.6890891986658686 0.0033389666427893045 0.0043501586979134378 0.00024768009823978758 0.0028458460685303558 0.39481953982161183 0.0051897932681553086 0.0042367524516408539 0.0025482377495209983 0.0011097457065896653 -0.0095745964072243683
decision_type=2 2 2 2 2 2 2 2 2 2 2 2 2 2
left_child=1 2 -1 4 7 -6 -7 8 -4 10 13 -12 -13 -3
right_child=-2 9 3 -5 5 6 -8 -9 -10 -11 11 12 -14 -15
leaf_value=0.027184172422741817 0.00022128319541293856 0.033898756353617172 0.019132282067309572 0.022235323877989245 0.039193913451983371 0.0097687001421044636 -0.041154894242361073 -0.04707278040230662 -0.023923624427996514 -0.014219827206740985 -0.017014032834968933 0.015323668498699223 0.058716458763644813 -0.0030573789065279438
leaf_weight=21.80286779999733 7560.2986801713705 9.282981336116789 9.9658221900463122 22.135651350021362 13.396429210901259 17.280315816402439 8.4564822316169721 9.5491796731948835 12.623739987611769 67.29364587366581 13.573360085487364 43.226741313934326 10.268674075603483 945.20365566015244
leaf_count=59 20434 25 27 60 36 47 23 26 34 185 37 116 28 2587
internal_value=5.1545e-06 -0.00135192 0.00755037 0.00296752 -0.00301667 0.00883748 -0.00696355 -0.0174507 -0.00492868 -0.00229387 -0.00150826 0.0154229 0.0236531 -0.00269796
internal_weight=8764.36 1204.06 115.21 93.4076 71.272 39.1332 25.7368 32.1387 22.5896 1088.85 1021.56 67.0688 53.4954 954.487
internal_count=23724 3290 312 253 193 106 70 87 61 2978 2793 181 144 2612
is_linear=0
shrinkage=0.05


Tree=337
num_leaves=15
num_cat=0
split_feature=9 4 5 8 4 4 11 8 5 7 7 0 3 0
split_gain=1.16719 2.77441 5.05393 6.98655 2.95294 5.62063 5.96738 9.60616 5.49882 6.32895 4.62327 4.53828 3.82332 5.22998
threshold=0.0052763142598389852 0.012659779422029878 0.0020177228044601253 0.1585539931217938 0.11500611347939595 0.1388970618780431 0.0044942823274221272 0.11793668795516364 0.022961007727984404 0.0028779018879983654 0.0078085348886887977 -0.0042016781783826337 0.68333342438462885 -0.0029251600591884788
decision_type=2 2 2 2 2 2 2 2 2 2 2 2 2 2
left_child=-1 2 -2 -4 12 6 7 -6 9 -8 -11 -9 -3 -14
right_child=1 4 3 -5 5 -7 8 11 -10 10 -12 -13 13 -15
leaf_value=0.0017635913891937275 -0.0073084739555223507 -0.029725379926046531 0.13168768158728478 0.0065543708667219914 -0.035121295675350786 -0.0012685430223346732 0.12422686432414171 0.064729477470107724 0.085509311944836575 -0.019007688447174074 0.080478844695302171 0.17082509656186323 -0.011782431992293955 0.030181153497724551
leaf_weight=557.35008673742414 5.4133212491869909 20.106346305459738 2.0761074870824814 2.4107157830148935 1.6365875899791742 853.91267750225961 0.93753595277667301 2.4844332784414287 2.0618771836161605 12.80559568479657 1.2849584836512793 1.6960295215249064 38.803018698468804 9.1819447670131904
leaf_count=6486 94 405 20 39 24 15247 14 34 35 264 29 20 875 138
internal_value=-5.4589e-05 -0.00111591 0.0252153 0.0644551 -0.00139179 -0.000612873 0.0238287 0.0675706 0.00893999 -0.00156544 -0.00993522 0.107773 -0.011422 -0.00375268
internal_weight=1512.16 954.811 9.90014 4.48682 944.911 876.82 22.907 5.81705 17.09 15.0281 14.0906 4.18046 68.0913 47.985
internal_count=23724 17238 153 59 17085 15667 420 78 342 307 293 54 1418 1013
is_linear=0
shrinkage=0.05


Tree=338
num_leaves=15
num_cat=0
split_feature=2 2 11 11 6 11 7 8 11 7 2 8 1 2
split_gain=1.10193 9.86264 5.96828 5.92888 5.81405 5.77234 5.65265 5.30479 8.92041 9.34775 5.72601 5.10026 4.80048 4.41263
threshold=0.0054154923494565037 0.0059250987684056596 0.0049116449229041721 0.0043617116594206725 -0.00088045948098559033 0.01073140735366139 0.006111212373484021 0.60125320032255647 0.0055033172180691259 0.0073817555224171593 0.0042245806744901368 0.042079006556792066 0.0068568488543713146 0.0058017563325962014
decision_type=2 2 2 2 2 2 2 2 2 2 2 2 2 2
left_child=7 2 3 12 -5 6 11 -1 -9 -10 -11 -4 -2 -6
right_child=1 -3 5 4 13 -7 -8 8 9 10 -12 -13 -14 -15
leaf_value=-0.00077024237397444817 0.0064463705890732224 -0.00040489061091059889 0.024683205150553219 -0.016928053925580038 0.010298132139755719 -0.020907289947669078 0.035159591322514429 -0.0017818378244731235 0.044443865538914849 -0.033264947629880512 0.027049355628053884 0.0072727845198538813 0.051644753627346898 -0.018580803486624324
leaf_weight=4611.2936932444572 21.000216245651249 3475.1812939941883 48.110599249601364 62.950758785009384 57.764389365911484 14.786577045917509 22.664617478847504 61.792812705039978 28.891119599342346 7.9592249691486341 7.7829928696155548 334.70622590184212 8.1562375724315626 17.155965954065323
leaf_count=12459 57 9393 129 171 155 40 61 170 78 22 21 900 22 46
internal_value=4.25632e-06 0.000607879 0.0066007 -0.00139461 -0.00572665 0.00977829 0.0108973 -0.00051553 0.0105208 0.0275533 -0.0034454 0.00946084 0.0190902 0.00368516
internal_weight=8780.2 4062.48 587.296 167.028 137.871 420.268 405.481 4717.72 106.426 44.6333 15.7422 382.817 29.1565 74.9204
internal_count=23724 10974 1581 451 372 1130 1090 12750 291 121 43 1029 79 201
is_linear=0
shrinkage=0.05


Tree=339
num_leaves=15
num_cat=0
split_feature=6 7 7 9 8 11 2 6 8 5 8 8 1 1
split_gain=1.01363 3.07678 5.85128 3.19691 3.30066 3.86105 3.68197 3.15714 3.22862 3.14025 3.96709 3.92526 4.96358 5.21534
threshold=-0.022106962150382051 0.014755063973937147 0.010940470433647913 0.023815479227886193 0.1785438141187278 0.0087845886055459028 0.0087375993128138447 -0.044103690972887487 0.67805928034557772 0.044304490222386812 0.43392119302866422 0.28099623044507632 0.0072638205944587971 0.017092508034991485
decision_type=2 2 2 2 2 2 2 2 2 2 2 2 2 2
left_child=1 2 3 7 -5 6 -6 -1 9 11 -11 12 -9 -14
right_child=-2 -3 -4 4 5 -7 -8 8 -10 10 -12 -13 13 -15
leaf_value=0.036248033740668609 -9.1369258218346064e-05 -0.017711296596833955 0.035605372759343661 0.01361152899141492 -0.021105349110291906 -0.028042772927746318 0.022231753464782785 0.031980588029106437 -0.023674955265884173 -0.030458196899880829 0.0069689349404699272 0.018295029578411386 -0.031359017238083944 0.0033993541759014044
leaf_weight=8.0936698615550977 8488.8501078337431 16.841197088360786 14.149640470743178 13.691738396883009 9.2454425096511859 23.886481553316116 10.430668979883192 11.345947831869124 9.7372443974018079 12.385246038436891 16.528964698314667 62.947250694036484 13.632753401994703 51.791614800691605
leaf_count=22 22972 48 39 37 25 66 28 31 27 34 45 172 37 141
internal_value=5.36516e-06 0.00299459 0.00434689 0.00253209 -0.00780227 -0.0145326 0.00186845 0.00570531 0.00431941 0.00593588 -0.00906277 0.00903981 0.00145106 -0.0038434
internal_weight=8763.56 274.708 257.867 243.717 57.2543 43.5626 19.6761 186.463 178.369 168.632 28.9142 139.718 76.7703 65.4244
internal_count=23724 752 704 665 156 119 53 509 487 460 79 381 209 178
is_linear=0
shrinkage=0.05


Tree=340
num_leaves=15
num_cat=0
split_feature=7 5 4 9 11 2 1 1 4 0 6 11 3 8
split_gain=1.1695 1.15559 3.97189 3.94968 3.37428 10.2991 5.84583 4.08159 4.0571 3.63238 3.79207 3.97559 3.466 9.28942
threshold=0.018767083715965093 -0.013655106462805823 0.090459715025352633 0.0038110277119292745 0.0052153965445685862 0.0064856255294168186 0.0016939715880157559 0.004551126964124649 0.094475397088075536 0.00042581273801329335 0.01046240779824459 0.0050032771067480128 0.66767667680583165 0.10684746038056503
decision_type=2 2 2 2 2 2 2 2 2 2 2 2 2 2
left_child=1 2 3 -1 5 6 9 -8 -6 12 11 -11 13 -4
right_child=-2 -3 4 -5 8 -7 7 -9 -10 10 -12 -13 -14 -15
leaf_value=0.090268939112604335 -0.034158903618530349 -0.0005929208861069937 0.13754853012079118 -0.02535911027193612 0.094483678119777217 0.15319327426445939 0.12321541220801878 0.025316698281138025 0.00041148097559517283 -0.031110004339338644 0.045406729485962888 0.048210917086117418 0.0079378098388700503 0.015680479411253716
leaf_weight=0.77387489005923527 2.5099706565961233 1275.6770960185677 2.025313548743723 16.1763921584934 1.1547269299626339 1.318029511719941 1.8834894746541966 2.4490152522921562 153.91275395732373 12.816076062619688 2.4910595156252375 1.801749039441346 30.243223456665874 6.8603805042803288
leaf_count=6 93 19061 27 401 23 16 20 25 3189 196 41 27 505 94
internal_value=-5.72496e-05 -5.49081e-07 0.00323013 -0.02008 0.0050513 0.0149216 0.0119128 0.0678767 0.001112 0.00760137 -0.0116158 -0.0213331 0.016004 0.0434578
internal_weight=1512.09 1509.58 233.906 16.9503 216.956 61.8883 60.5703 4.3325 155.067 56.2378 17.1089 14.6178 39.1289 8.88569
internal_count=23724 23631 4570 407 4163 951 935 45 3212 890 264 223 626 121
is_linear=0
shrinkage=0.05


Tree=341
num_leaves=15
num_cat=0
split_feature=4 4 3 0 0 8 2 1 7 4 8 7 5 9
split_gain=1.08685 4.60367 4.65362 4.86577 3.70088 3.79555 5.10743 3.69717 3.68535 3.58619 3.93424 4.93905 5.9631 4.80735
threshold=0.57372016161071582 0.61034198135589857 0.38837302551111696 -0.00070996646948780066 -0.0060167236243713123 0.093040930659923929 0.007067552710227353 0.0018620628371400791 0.0018732274576334651 0.50942529418135019 0.098989513372330584 0.0056853614561707374 0.010805863976408351 0.014978419750841689
decision_type=2 2 2 2 2 2 2 2 2 2 2 2 2 2
left_child=9 2 3 -2 -4 6 8 -5 -6 -1 11 13 -13 -11
right_child=1 -3 4 7 5 -7 -8 -9 -10 10 -12 12 -14 -15
leaf_value=1.8453605889695303e-05 0.047116624752239315 -8.4151965131646221e-05 0.027045544284629932 -0.014895192089417995 0.025499158636619931 -0.012058355779416966 0.031140604343038714 0.022445807279819555 -0.0099603430669366715 0.0047824631685546648 0.0017362080320122602 0.054166210473273683 -0.00098586199186877308 0.041541531639743563
leaf_weight=4308.1021685153246 7.4336295723915091 3577.252298116684 7.3172809779644004 15.16863524913788 8.5660611093044263 230.39699992537498 11.838373303413389 11.774342834949492 50.675929874181747 117.85195842385292 402.44968971610069 13.221079617738726 7.7880666553974143 9.6204786300659162
leaf_count=11621 20 9685 20 41 23 625 32 32 137 317 1088 36 21 26
internal_value=4.50467e-06 -0.000614836 -0.00614674 0.011304 -0.00808945 -0.00894222 0.00115829 0.00142319 -0.0048331 0.000504209 0.00430265 0.0112588 0.0337214 0.00755671
internal_weight=8779.46 3920.42 343.171 34.3766 308.795 301.477 71.0804 26.943 59.242 4859.03 550.931 148.482 21.0091 127.472
internal_count=23724 10615 930 93 837 817 192 73 160 13109 1488 400 57 343
is_linear=0
shrinkage=0.05


Tree=342
num_leaves=15
num_cat=0
split_feature=9 1 7 9 2 7 3 0 2 3 4 5 0 7
split_gain=0.997524 3.66901 5.26417 3.65667 4.31707 3.54576 3.63589 3.44679 3.63415 3.30406 3.10614 2.90775 2.90126 5.2155
threshold=0.0070281333406778451 -0.018613459969792526 0.0045638602709475902 0.0070715449407577294 0.0057343341401703196 0.0039575426718199665 0.85677664396185882 -0.0020059096754627627 0.0079756192543557116 1.7580481406552839 0.20823398711349525 -0.016973996530287153 0.003068407863985349 0.0015677943497392785
decision_type=2 2 2 2 2 2 2 2 2 2 2 2 2 2
left_child=1 2 11 4 5 6 -2 -4 -9 12 -11 -1 -3 -14
right_child=3 9 7 -5 -6 -7 -8 8 -10 10 -12 -13 13 -15
leaf_value=0.039003191383622293 -0.040024586133617597 0.00069273553343041723 0.028709348593798215 -0.00036197702821899759 -0.043358078483184896 0.023688703639612469 0.0076302633601153151 -0.035270883863402235 0.0046255557616021225 0.041994947777513954 0.0077552970274882673 0.0050643950651787957 -0.025759240246871068 -0.0023242884984484543
leaf_weight=19.766762107610706 8.6840339004993492 3439.6354786604643 7.3467972874641445 4774.1525217592716 10.558593571186064 7.4323966503143302 7.4246134757995597 9.1443845629692095 15.188356757164 7.6461888253688803 49.534174829721451 9.2711855769157392 25.361042320728302 371.77500888705254
leaf_count=53 24 9313 20 12927 29 20 20 25 41 21 136 25 69 1001
internal_value=5.29391e-06 0.000593522 0.0127898 -0.000478509 -0.0167937 -0.00487911 -0.0180601 -0.00130539 -0.0103678 0.000403348 0.0123338 0.0281673 0.000225545 -0.00382084
internal_weight=8762.92 3954.67 60.7175 4808.25 34.0996 23.541 16.1086 31.6795 24.3327 3893.95 57.1804 29.0379 3836.77 397.136
internal_count=23724 10704 164 13020 93 64 44 86 66 10540 157 78 10383 1070
is_linear=0
shrinkage=0.05


Tree=343
num_leaves=15
num_cat=0
split_feature=11 4 1 6 3 8 8 6 5 6 6 1 3 5
split_gain=1.14252 1.14094 3.31758 3.83825 3.9128 3.74912 5.71763 3.30786 4.18765 6.83242 6.71976 6.59927 3.11137 2.91843
threshold=0.022256726581733683 0.94186960005895048 0.017092508034991485 -0.0046201748938994027 0.80469050959995825 0.42111881556037767 0.37030322530794796 0.0024801165324558898 -0.002600176706801681 0.00094999830083538576 -7.0781643015147691e-05 -0.0004593881210080202 0.73372354664517359 0.019607442093124493
decision_type=2 2 2 2 2 2 2 2 2 2 2 2 2 2
left_child=1 -1 3 -3 7 6 13 8 10 12 11 -5 -10 -4
right_child=-2 2 5 4 -6 -7 -8 -9 9 -11 -12 -13 -14 -15
leaf_value=-0.00034885956593481244 -0.034128609515052623 -0.014897186929248234 0.052414657782576139 0.12860920588392749 -0.0091778343893256977 -0.019061890003977296 0.12315932683669768 -0.022987131550211887 -0.0088812270147736027 0.090228872024606152 -0.0074969685788674372 0.034247617432805404 0.055446465980271725 -0.0084600544841953538
leaf_weight=1419.1520003527403 2.4565227264538398 24.374147702008486 4.4761981796473247 3.3343982473015785 18.914362251758575 3.1014007329940787 1.8512051887810228 4.0965123474597922 14.532017197459945 2.3660179264843455 3.5276062078773958 4.1701701432466507 2.1589981764554969 3.5149003975093365
leaf_count=22417 93 364 54 37 279 57 15 62 160 27 48 40 22 49
internal_value=-5.73374e-05 -1.89326e-06 0.00544391 0.00152915 0.00906922 0.0288756 0.0439811 0.019165 0.0249038 0.0107115 0.0494197 0.076174 -0.000560381 0.0256388
internal_weight=1512.03 1509.57 90.4179 77.4742 53.1001 12.9437 9.8423 34.1857 30.0892 19.057 11.0322 7.50457 16.691 7.9911
internal_count=23724 23631 1214 1039 675 175 118 396 334 209 125 77 182 103
is_linear=0
shrinkage=0.05


Tree=344
num_leaves=15
num_cat=0
split_feature=8 11 4 3 6 7 2 7 11 7 11 5 9 3
split_gain=1.06765 2.45181 2.18855 1.4268 1.29489 4.59822 4.76614 3.22963 4.01627 3.11177 5.32538 4.26169 2.64956 2.61837
threshold=0.76306965653910852 0.0050572816872082359 0.46171834650037308 1.3670102394138011 0.026415941827387292 0.006270109568075422 0.008801385875178298 0.0068740843864017786 0.014881465813066343 0.0053817074116603502 0.0067105931145609258 -0.0322304452812446 0.026371466663028389 3.8207666386489652
decision_type=2 2 2 2 2 2 2 2 2 2 2 2 2 2
left_child=4 -2 -3 -4 -1 9 -7 12 -9 10 13 -11 -8 -6
right_child=1 2 3 -5 5 6 7 8 -10 11 -12 -13 -14 -15
leaf_value=6.3423394107358597e-05 -0.017491103381995554 0.038510427390986778 0.02111920788110189 -0.0069397755746753061 -0.029307865212105617 0.041716316971300085 0.036600883486704282 -0.0090637143855126622 0.018203810327711772 -0.04180883228427601 0.016370627939669837 -0.0059178414172362179 -0.00016240307827131961 0.0046885376789708158
leaf_weight=8548.3554274886847 6.882138103246688 7.65880820155144 8.7773447036743182 9.3641344308853132 18.594360709190372 7.1424593925476065 9.711304575204851 76.918460994958878 16.380065709352493 17.743254512548447 17.755219638347626 15.492629468441008 9.8944128751754743 8.1445482075214368
leaf_count=23088 19 23 24 27 50 20 27 209 50 48 48 42 27 22
internal_value=4.59125e-06 0.00902483 0.0160979 0.00663593 -2.91155e-05 -0.00402885 0.00210589 -0.000399913 -0.00427646 -0.0135034 -0.00485707 -0.0250785 0.0180476 -0.0189527
internal_weight=8778.81 32.6824 25.8003 18.1415 8746.13 197.777 120.047 112.904 93.2985 77.73 44.4941 33.2359 19.6057 26.7389
internal_count=23724 93 74 51 23631 543 333 313 259 210 120 90 54 72
is_linear=0
shrinkage=0.05


Tree=345
num_leaves=15
num_cat=0
split_feature=0 4 8 1 8 9 3 6 4 5 6 4 8 3
split_gain=0.99519 4.96518 4.43769 5.26875 4.53871 3.56075 3.31233 4.31875 6.04882 5.49869 4.20404 4.503 4.09063 4.22461
threshold=-0.00091494184887632531 0.71066266795438771 0.040604558799822187 0.0085913001589764341 0.40964864250299066 0.0020019435501019236 2.1573600451903601 0.012943537402042316 0.56112282270772129 -0.029318712833015254 0.015596803219989885 0.45826389153476971 0.2127810300355599 0.46752534787030292
decision_type=2 2 2 2 2 2 2 2 2 2 2 2 2 2
left_child=1 5 -3 4 -4 -1 12 9 10 -8 -9 -12 -7 -14
right_child=-2 2 3 -5 -6 6 7 8 -10 -11 11 -13 13 -15
leaf_value=-0.027993874078654193 0.00044287041898788166 0.023156542870509899 -0.030137569891377915 0.014788780340463615 -0.00025028891953861185 0.00090238685592050497 0.051753313675007399 -0.017151548481388237 -0.03037643186492291 0.0090440292586286657 0.0028736666687568988 0.033477143170145704 0.003768231332604496 -0.0038782142981357002
leaf_weight=11.61118447780609 5232.6793716549873 7.8201354444026938 46.634030446410179 11.477338433265684 17.458322614431381 1699.7657104730606 8.0458265841007215 23.565083473920822 15.242250740528105 118.99048313498497 136.46000735461712 13.180912852287291 212.43195512890816 1206.9037158191204
leaf_count=34 14146 21 132 31 48 4603 22 64 42 325 373 36 575 3272
internal_value=5.23271e-06 -0.000643573 -0.0126992 -0.0164096 -0.0219965 -0.000351856 -0.000258408 0.0046239 -0.000179269 0.011749 0.0024781 0.00556933 -0.000752233 -0.00273377
internal_weight=8762.27 3529.59 83.3898 75.5697 64.0924 3446.2 3434.59 315.485 188.448 127.036 173.206 149.641 3119.1 1419.34
internal_count=23724 9578 232 211 180 9346 9312 862 515 347 473 409 8450 3847
is_linear=0
shrinkage=0.05


Tree=346
num_leaves=15
num_cat=0
split_feature=6 6 11 7 0 3 5 4 0 0 4 8 5 4
split_gain=1.14273 1.96265 2.90554 2.08207 1.83442 2.92496 4.29602 3.19042 2.79795 3.8516 3.82584 3.32193 3.55694 4.04839
threshold=-0.025489028414618229 -0.044103690972887487 0.011278502681897345 0.0037539861925157806 0.01521878337374343 1.1853256987388274 0.021921684887577095 0.91509978688838201 0.011947816313223704 0.0099968457535057221 0.95954803765495744 0.29696571412474876 0.004191990905081806 0.82901994412867042
decision_type=2 2 2 2 2 2 2 2 2 2 2 2 2 2
left_child=1 2 -1 -3 8 7 -7 -6 9 -2 11 12 -11 -14
right_child=4 3 -4 -5 5 6 -8 -9 -10 10 -12 -13 13 -15
leaf_value=0.048196858287274158 -0.00012545943457667854 0.043961168131786535 -0.034014979003903663 -0.02298719830553032 -0.00086640779814287159 -0.025608976818407226 0.03998495112800185 0.093068909414620205 -0.023055483329561408 0.0082692069096647319 -0.034650577814395511 -0.0017567920410444444 0.10793070587533177 0.029342997939237898
leaf_weight=2.9257545731961754 1444.8299624249339 1.2458338029682661 1.6987279541790483 17.121240178123116 1.4993734974414104 5.5001264540478569 4.5704798102378845 2.2761046458035707 13.10278073325753 3.4246348980814236 2.403066197410225 4.5959096122533074 3.4967814721167088 3.084101065993309
leaf_count=29 22229 20 65 450 45 121 73 27 319 66 50 113 65 52
internal_value=-5.39843e-05 -0.0111159 0.0179977 -0.0184461 0.000116846 0.0182314 0.00416041 0.0557639 -5.32052e-05 0.00015297 0.0238104 0.0334318 0.0495952 0.0711009
internal_weight=1511.77 22.9916 4.62448 18.3671 1488.78 13.8461 10.0706 3.77548 1474.94 1461.83 17.0045 14.6014 10.0055 6.58088
internal_count=23724 564 94 470 23160 266 194 72 22894 22575 346 296 183 117
is_linear=0
shrinkage=0.05


Tree=347
num_leaves=15
num_cat=0
split_feature=11 5 9 5 3 5 5 9 0 11 4 7 9 4
split_gain=1.06933 2.89556 4.56571 2.6796 2.12361 3.28626 3.7391 2.08531 3.45317 2.78387 3.44565 2.72218 2.53043 2.89612
threshold=0.0014613150331545589 -0.0020061770394058064 0.0014654606547742949 -0.00050488160595288443 0.45949597920296203 0.0017470846795335051 0.0036623313839658582 0.0014654606547742949 -0.00026276691285822212 0.002079427505256208 0.95506901109053366 0.00087950428732614966 0.0016890202539138039 0.7071471755048242
decision_type=2 2 2 2 2 2 2 2 2 2 2 2 2 2
left_child=1 -1 -3 -4 -5 -6 -7 8 -2 10 11 -9 -13 -14
right_child=7 2 3 4 5 6 -8 9 -10 -11 -12 12 13 -15
leaf_value=0.031588969504049658 0.043665070097495859 -0.025814778322328542 -0.018613245256621853 -0.0099363422907708804 0.0402736841103025 -0.015597863119280074 0.027888341241291154 0.013878599246653401 0.00033942487938129067 5.6437320366418847e-05 -0.038577135298213688 -0.031876891418582048 -0.0089894015565489312 0.0059657726103600119
leaf_weight=9.6692607998847944 7.2400483787059811 11.746377766132353 7.370688170194625 7.3827540874481192 12.163495600223543 9.4038116633892077 10.42096948623657 18.120400190353394 12.607886075973509 8487.7551116645336 7.7481019198894492 9.2857079207897169 123.22118747234344 43.907494127750397
leaf_count=27 20 32 20 20 34 26 29 49 34 22933 23 25 333 119
internal_value=4.07399e-06 0.00624254 0.00205226 0.00905536 0.0142352 0.0198139 0.00726082 -4.47438e-05 0.0161436 -8.17177e-05 -0.00587868 -0.00457633 -0.00647193 -0.00506043
internal_weight=8778.04 68.1574 58.4881 46.7417 39.371 31.9883 19.8248 8709.89 19.8479 8690.04 202.283 194.535 176.414 167.129
internal_count=23724 188 161 129 109 89 55 23536 54 23482 549 526 477 452
is_linear=0
shrinkage=0.05


Tree=348
num_leaves=15
num_cat=0
split_feature=9 5 2 11 2 8 3 7 5 1 9 11 2 11
split_gain=1.01229 3.82495 4.03278 5.21756 9.63911 5.34328 5.04052 4.56276 6.16256 4.43656 5.31635 4.07841 3.89637 3.86343
threshold=0.003984888998009777 -0.010183862832659452 0.0052082660236309267 0.0044287086569819419 0.0031221437541225617 0.50440932662630222 0.65233990582552115 0.0033249804293664195 -0.0043137336948133312 0.011907695171013291 0.003857019715977648 0.0045514472408926653 0.0059950413364178064 0.0082353011356394289
decision_type=2 2 2 2 2 2 2 2 2 2 2 2 2 2
left_child=1 -1 3 9 7 11 13 -5 -9 10 -3 -6 -8 -4
right_child=-2 2 6 4 5 -7 12 8 -10 -11 -12 -13 -14 -15
leaf_value=0.0073265641086209185 0.00021956800788299017 -0.0024942094694857596 -0.013599440745289737 -0.037898045930148679 0.050309455701371499 -0.021690074861854917 -0.016828686643279783 0.029703878939306722 -0.0078897084112252904 0.032842070092517481 -0.019849715062118571 0.015621012788210346 0.026520693168155349 -0.049235015963905032
leaf_weight=115.08628818392754 7558.2799360305071 718.78504687547684 74.012262582778931 10.027659356594084 9.2946236729621869 8.8863538205623609 8.4554920196533221 12.826661959290503 72.618968665599823 8.4628438055515272 47.010244607925415 95.911272883415222 13.396117866039274 8.4769293665885908
leaf_count=312 20434 1977 199 27 25 24 23 35 200 23 128 258 36 23
internal_value=5.13109e-06 -0.00134187 -0.00225865 -0.00126738 0.00573149 0.0155409 -0.0116053 -0.00599089 -0.00224635 -0.00316174 -0.00355962 0.0186856 0.00974663 -0.0172615
internal_weight=8761.53 1203.25 1088.16 983.824 209.566 114.092 104.341 95.4733 85.4456 774.258 765.795 105.206 21.8516 82.4892
internal_count=23724 3290 2978 2697 569 307 281 262 235 2128 2105 283 59 222
is_linear=0
shrinkage=0.05


Tree=349
num_leaves=15
num_cat=0
split_feature=8 8 0 2 3 3 3 2 7 6 4 6 3 0
split_gain=1.13615 4.68026 5.69611 2.45342 3.62176 11.1885 4.88452 4.09692 2.6828 2.53471 2.48568 5.12902 2.46505 2.38818
threshold=0.12105827774657318 0.13185476994504763 0.0099968457535057221 0.0017797757947049489 1.0102780403703824 0.73372354664517359 0.27638609461785596 0.0015076227935112549 0.0010982629480392012 -0.00040007865070988848 0.99859187030540875 0.00048902863503468973 0.82913454004102172 0.0013833422668610657
decision_type=2 2 2 2 2 2 2 2 2 2 2 2 2 2
left_child=13 2 -2 4 5 6 9 -7 -5 -3 -10 -12 -9 -1
right_child=1 3 -4 8 -6 7 -8 12 10 -11 11 -13 -14 -15
leaf_value=0.0042446289733731506 -0.022068698315561727 0.0093689941226400685 0.064605544734271242 -0.036019055107899427 -0.02247826190213692 0.085379061421002614 -0.010418343787048461 -0.014091332476419641 -0.0010153264179985769 0.05910246840933589 0.002423089764786768 0.087889035796249695 0.061992876047931911 -0.0028905757121092325
leaf_weight=346.49307377077639 38.182358177378774 6.099306620657444 1.9945838972926129 5.4246496260166159 7.3625353686511508 6.4150283485650998 24.743280444294214 2.2342748045921326 880.04964312724769 4.4174510613083822 6.4869483783841115 2.4067420996725559 2.0334793925285339 177.26956380158663
leaf_count=4855 629 38 29 56 75 42 222 21 14849 21 79 27 19 2762
internal_value=-5.28587e-05 -0.00105099 -0.0177658 -0.000342367 0.0100784 0.0152957 0.0017142 0.0601235 -0.000963455 0.030259 -0.000749534 0.0255512 0.0221609 0.00182969
internal_weight=1511.61 987.85 40.1769 947.673 53.3054 45.9428 35.26 10.6828 894.368 10.5168 888.943 8.89369 4.26775 523.763
internal_count=23724 16107 658 15449 438 363 281 82 15011 59 14955 106 40 7617
is_linear=0
shrinkage=0.05


Tree=350
num_leaves=15
num_cat=0
split_feature=5 8 6 1 6 8 8 7 9 9 5 11 0 7
split_gain=1.05357 2.43915 3.10802 2.20973 1.82256 3.81085 4.94299 3.4044 3.33184 4.77073 4.02023 6.3496 4.31871 3.40105
threshold=-0.066705350568643143 0.54779444912899955 0.038618411790241745 -0.03897824125992979 0.026415941827387292 0.10079418637299707 0.17244702016931082 0.004433856129448673 0.030714632034214585 0.026371466663028389 -0.0322304452812446 0.0084875789287437078 -0.0065414240202127912 0.0053406369994718371
decision_type=2 2 2 2 2 2 2 2 2 2 2 2 2 2
left_child=1 -1 3 -3 -2 -6 -7 -8 9 10 11 13 -13 -9
right_child=4 2 -4 -5 5 6 7 8 -10 -11 -12 12 -14 -15
leaf_value=0.015749523839491256 5.8358519022043327e-05 -0.035587134289106336 0.013974409415368847 -0.00028507345100690852 -0.025935674499086223 0.023653567018992072 -0.029577494546949551 -0.0081331682391282342 -0.016008621192754882 0.029556131977964268 0.015630205338724328 0.027203301277850058 -0.011653958228928785 -0.048238317904712114
leaf_weight=33.488263264298439 8542.6300616562366 8.651789605617525 14.058771252632143 9.090285658836363 19.56134569644928 16.154795467853546 13.355680912733076 9.2810806334018725 34.799934089183807 13.552463561296461 20.979212045669556 12.386720180511473 16.916327565908436 12.281708061695097
leaf_count=97 23073 24 41 26 54 45 36 25 96 37 57 34 46 33
internal_value=3.98143e-06 0.00633189 -0.00358546 -0.0174999 -4.34415e-05 -0.00518105 -0.00246918 -0.00562903 -0.00296801 0.00234611 -0.00278664 -0.0103825 0.00477143 -0.0309762
internal_weight=8777.19 65.2891 31.8008 17.7421 8711.9 169.269 149.708 133.553 120.197 85.3975 71.845 50.8658 29.303 21.5628
internal_count=23724 188 91 50 23536 463 409 364 328 232 195 138 80 58
is_linear=0
shrinkage=0.05


Tree=351
num_leaves=15
num_cat=0
split_feature=0 4 9 2 9 4 4 7 11 8 11 5 5 9
split_gain=0.982221 2.27797 4.39518 4.43385 3.78014 3.37029 3.26548 2.14965 4.97981 2.79552 2.32054 5.56118 6.34388 5.90975
threshold=0.0080226050321640409 0.62179906568023458 0.023173773961777198 0.0060235945542126612 0.03327867382466753 0.65234471450617293 0.55706518724518261 0.018767083715965093 0.022256726581733683 0.463337931563364 0.012854620989384774 -0.014609657989804957 -0.0088805551708965504 0.01043326310534499
decision_type=2 2 2 2 2 2 2 2 2 2 2 2 2 2
left_child=7 2 3 -2 6 -3 -4 10 -9 -10 -1 13 -13 -12
right_child=1 5 4 -5 -6 -7 -8 8 9 -11 11 12 -14 -15
leaf_value=-4.4782746251925142e-05 0.0025133967013010166 -0.02275076173244853 -0.043833623585851807 0.040855220908779501 0.022990580925676327 0.0015812392938116451 0.002896778235415641 0.050368675828359244 0.023479688516105698 -0.017869836378611441 -0.045569569990976569 0.040830601956262855 -0.0022104066580244932 -0.009585751577656669
leaf_weight=7857.4480813294649 13.372207790613176 14.587599724531172 7.2126470506191271 17.288261383771896 7.9823651909828177 583.06615269184113 7.7611029148101807 6.9787679016590145 7.2142035663127926 9.43119929730892 13.970051407814024 9.106343135237692 142.98703122138977 62.270611718297005
leaf_count=21252 36 40 20 47 22 1579 21 20 20 29 39 25 394 180
internal_value=4.8607e-06 0.00187304 0.0117458 0.0241329 -0.00479851 0.000987341 -0.0196126 -0.000145174 0.0149154 5.12613e-05 -0.000189177 -0.00515807 0.000366604 -0.0161793
internal_weight=8760.68 651.27 53.6166 30.6605 22.9561 597.654 14.9737 8109.41 23.6242 16.6454 8085.78 228.334 152.093 76.2407
internal_count=23724 1765 146 83 63 1619 41 21959 69 49 21890 638 419 219
is_linear=0
shrinkage=0.05


Tree=352
num_leaves=15
num_cat=0
split_feature=6 3 6 1 5 9 0 8 2 1 1 9 0 5
split_gain=1.12663 1.55009 1.54155 1.81441 3.03106 2.98576 3.11383 1.4777 1.23933 4.32687 3.64407 5.52893 2.77576 4.45982
threshold=0.038618411790241745 1.3513743576279225 0.031080854691345718 -0.043138002794647509 -0.0322304452812446 0.028777240793240056 -0.0076082952117800138 0.10974312333784685 0.010489738363247117 -0.016422494982974982 -0.014784994975082353 0.014099217710110716 0.0047165977484891737 -0.047740193668498125
decision_type=2 2 2 2 2 2 2 2 2 2 2 2 2 2
left_child=2 -2 8 -4 5 6 -5 -6 -1 -10 11 -11 -12 -14
right_child=1 -3 3 4 7 -7 -8 -9 9 10 12 -13 13 -15
leaf_value=0.00020580293889639785 0.053850663557728953 -0.034119214478663312 -0.034184654681996426 -0.03431043787461667 0.034829371894810349 0.10579117728962645 0.065395142587888547 -0.034987881351643338 -0.034103831602186128 0.13509712044905384 -0.013038133350585117 -0.034073932958123075 0.09135752586507162 0.0039839402661857714
leaf_weight=1430.4557284414768 0.56604777276515861 4.3414343167096376 1.3286543739959586 1.3209571074694384 1.2100459318608039 1.7524540964514015 1.9230336342006924 2.0281584216281772 11.894553460180758 1.1741942204534996 30.702261164784431 0.82045727036893357 1.5736232809722448 20.313489559106529
leaf_count=21365 18 166 41 35 15 24 25 44 410 22 972 28 34 525
internal_value=-5.44162e-05 -0.0239724 2.34977e-05 0.0200342 0.0287824 0.0532036 0.0247949 -0.00889871 -0.000104343 -0.00677791 -0.000823246 0.0655122 -0.00333927 0.0102659
internal_weight=1511.41 4.90748 1506.5 9.5633 8.23465 4.99644 3.24399 3.2382 1496.93 66.4786 54.584 1.99465 52.5894 21.8871
internal_count=23724 184 23540 184 143 84 60 59 23356 1991 1581 50 1531 559
is_linear=0
shrinkage=0.05


Tree=353
num_leaves=15
num_cat=0
split_feature=4 0 4 8 8 2 0 8 8 9 9 1 4 11
split_gain=1.06114 4.70647 4.83729 3.90769 4.24516 4.33919 3.80353 8.58358 5.00156 3.65722 4.06512 3.89181 3.20367 4.96397
threshold=0.56947125697125711 -0.0067501439328693218 0.61034198135589857 0.093040930659923929 0.077525276019356729 0.0086657083161755365 0.0028831297423728705 0.1785438141187278 0.27603029874904245 0.0034152124766411653 0.0059737392117379237 -0.0015444284735115306 0.5261685637492387 0.006365560142972927
decision_type=2 2 2 2 2 2 2 2 2 2 2 2 2 2
left_child=6 -2 3 4 5 9 12 -8 -9 -3 11 -11 -1 -14
right_child=1 2 -4 -5 -6 -7 7 8 -10 10 -12 -13 13 -15
leaf_value=-0.00017238367750128784 0.026816625021556441 0.02448967463593818 -0.00014584712533312956 -0.0090173077168943863 0.028172639653222954 0.027173872275427471 0.018235487835798345 -0.013927495546770932 0.0054255334484502064 0.0025922953866305953 0.00010999166766463827 -0.041361379564106029 0.00053761121455157238 0.014205026079719525
leaf_weight=4279.6195130944252 15.588492423295973 8.1576225757598859 3566.4757227897644 282.5526676774025 14.098799616098402 11.052727520465849 96.031833559274673 49.411472231149673 102.92708736658096 7.395614147186282 32.259393632411957 15.785877406597136 194.1972336769104 100.98033607006073
leaf_count=11547 43 22 9658 767 38 30 259 133 280 20 87 43 524 273
internal_value=4.51906e-06 -0.000602746 -0.000711291 -0.00614255 0.00300977 -0.00174254 0.000502271 0.00652833 -0.00085168 -0.0067679 -0.0113672 -0.0273388 0.00017511 0.00521324
internal_weight=8776.53 3953.37 3937.78 371.303 88.75 74.6512 4823.17 248.37 152.339 63.5985 55.4409 23.1815 4574.8 295.178
internal_count=23724 10708 10665 1007 240 202 13016 672 413 172 150 63 12344 797
is_linear=0
shrinkage=0.05


Tree=354
num_leaves=15
num_cat=0
split_feature=7 11 3 3 7 9 0 6 5 7 6 9 3 9
split_gain=0.991922 3.6335 3.30619 4.88001 4.62544 5.02791 6.04664 3.46874 4.61677 4.30465 5.9274 3.44957 3.20855 2.63832
threshold=0.010940470433647913 0.016491339077259495 0.22988242936719419 0.37469986595918875 0.011310198135724153 0.016736998784471321 -0.00034633347198868787 -0.0069330845738007499 -0.0322304452812446 0.014755063973937147 -0.03278714028458448 0.0093008382125569136 0.74288338638126905 0.01156847078479702
decision_type=2 2 2 2 2 2 2 2 2 2 2 2 2 2
left_child=1 -1 -2 -4 5 6 -5 8 -6 -10 -11 -9 -3 -13
right_child=2 12 3 4 7 -7 -8 11 9 10 -12 13 -14 -15
leaf_value=-3.3318219187323445e-05 -0.027945273813370055 -0.0011565468101550898 0.029465027303151599 -0.027664285931085171 -0.021611940285051895 0.048735551602506026 0.030770503206605494 -0.031293152304007074 0.029832886207891363 -0.02663422356691373 0.023453830834424774 0.021566819816764931 -0.048355869607970954 -0.0072395326343346325
leaf_weight=8548.8902990669012 8.0102042555809003 7.0787507295608503 18.196441888809204 7.9710016846656844 10.743767768144606 10.218457281589506 9.957086980342865 13.291467100381849 23.559974804520607 11.256825149059294 12.427331507205965 9.1203545331954938 7.3280473351478577 61.86784465610981
leaf_count=23125 24 20 51 22 32 28 27 37 65 32 34 25 21 181
internal_value=5.02312e-06 -7.55988e-05 0.0035163 0.00485246 0.00222438 0.0207441 0.00478983 -0.0014396 0.0079727 0.0147005 -0.000352483 -0.00791566 -0.0251646 -0.00353858
internal_weight=8759.92 8563.3 196.621 188.611 170.414 28.1465 17.9281 142.268 57.9879 47.2441 23.6842 84.2797 14.4068 70.9882
internal_count=23724 23166 558 534 483 77 49 406 163 131 66 243 41 206
is_linear=0
shrinkage=0.05


Tree=355
num_leaves=15
num_cat=0
split_feature=11 7 0 3 11 4 8 8 11 9 0 5 2 7
split_gain=1.09503 1.10968 4.38562 2.08515 1.32579 6.58914 2.85163 4.9167 7.0752 8.3464 3.3312 3.91584 2.96214 2.5028
threshold=0.022256726581733683 0.014755063973937147 -0.0057506969440950266 0.42910846505557332 0.011278502681897345 0.012659779422029878 0.32598098148204374 0.23962490712041959 0.012854620989384774 0.012572761749778619 0.021990471724724566 -0.047740193668498125 0.016186943639037877 0.0067181347870253327
decision_type=2 2 2 2 2 2 2 2 2 2 2 2 2 2
left_child=1 4 -3 -4 13 -6 7 10 -9 -10 11 -7 -11 -1
right_child=-2 2 3 -5 5 6 -8 8 9 12 -12 -13 -14 -15
leaf_value=-0.00025188044386241661 -0.034104511460241162 0.12005921194929924 0.050365716964482644 -0.034438045038119612 0.12439177849444094 0.092710110308454607 -0.027940185561247444 -0.03419454216275563 0.13858347077869201 -0.034212366806064105 0.058266701608140431 -0.021214225528296375 0.081574562133802542 0.009706045555500125
leaf_weight=1389.837085429579 2.3575559407472602 0.95099374838173378 1.1582556106150144 1.9371147919446228 0.91985432058572669 0.78047073073685425 16.002516718581319 2.4793815799057475 2.2926227357238531 1.5998341832309964 1.5519931148737658 22.476241324096922 0.84364771097898472 66.100801818072796
leaf_count=20627 93 18 20 56 9 20 531 76 41 50 24 620 23 1516
internal_value=-5.47829e-05 -1.58357e-06 0.0261473 -0.00270535 -7.18932e-05 -0.00816596 -0.0107048 -0.00209231 0.0342353 0.0700588 -0.012658 -0.017391 0.00576476 0.000200218
internal_weight=1511.29 1508.93 4.04636 3.09537 1504.88 48.9466 48.0267 32.0242 7.21549 4.7361 24.8087 23.2567 2.44348 1455.94
internal_count=23724 23631 94 76 23537 1394 1385 854 190 114 664 640 73 22143
is_linear=0
shrinkage=0.05


Tree=356
num_leaves=15
num_cat=0
split_feature=4 4 6 8 6 9 9 8 5 2 9 4 11 7
split_gain=1.0487 4.22223 4.37049 4.1372 3.9708 5.04902 4.90423 3.94455 5.39608 6.08109 4.43931 3.90709 4.00693 4.4153
threshold=0.3786127389118138 0.28123649386635552 0.020896695547570062 0.4001777968413226 -0.00066944710110254852 0.0059357761751716032 0.0044124475590295456 0.26850021117514383 -0.028465094584415988 0.0062137679073511727 0.0043331128706190535 0.29724027307140305 0.0045514472408926653 0.0028002290717551435
decision_type=2 2 2 2 2 2 2 2 2 2 2 2 2 2
left_child=1 -1 3 7 5 6 -5 -3 -9 10 -10 -6 13 -13
right_child=-2 2 -4 4 11 -7 -8 8 9 -11 -12 12 -14 -15
leaf_value=-0.00038397000506992107 -0.00040655186595168753 0.005009010711907169 -0.011856220806018065 0.0099874016474613865 0.047021631383287604 0.012268440636935395 -0.043286746900470303 -0.033524667784736416 -0.029718839486511491 0.013638666800726302 -0.0028972690069221634 0.016282073445363521 0.02264298934330523 -0.03482593806576547
leaf_weight=2307.5555776357651 5606.2285932302475 527.74643257260323 42.812000751495361 7.7305978834629085 11.366533309221266 41.128458648920059 9.791594058275221 14.120177358388899 19.409533649682999 46.775649428367615 75.190655529499054 9.970549404621126 48.532373249530792 7.334670513868331
leaf_count=6225 15173 1420 117 21 31 112 27 38 53 126 203 27 131 20
internal_value=4.42026e-06 0.000731358 0.00371738 0.00453137 0.0125004 0.00269297 -0.0197828 0.00294682 -0.00405215 -0.00110853 -0.00840037 0.0199509 0.0152773 -0.00537962
internal_weight=8775.69 3169.46 861.909 819.097 135.855 58.6507 17.5222 683.242 155.496 141.376 94.6002 77.2041 65.8376 17.3052
internal_count=23724 8551 2326 2209 369 160 48 1840 420 382 256 209 178 47
is_linear=0
shrinkage=0.05


Tree=357
num_leaves=15
num_cat=0
split_feature=4 0 3 4 2 5 9 2 7 9 7 7 7 1
split_gain=0.985882 4.17016 3.69701 3.24279 3.02518 5.24285 4.80651 3.65674 5.59106 4.613 3.15664 3.62165 3.46949 3.01456
threshold=0.13510058147486734 -0.00023127185633454119 0.72878119382190898 0.12747439320554241 0.0026447881293619017 0.0047782195367471999 0.00512661152326824 0.0029119081572739291 0.0016410547383953419 0.0046095660750181565 0.0014783356668931541 0.0020698365165185769 0.00096950475622935111 0.029659673339919475
decision_type=2 2 2 2 2 2 2 2 2 2 2 2 2 2
left_child=1 3 -3 4 5 6 10 8 -6 -10 12 -12 -1 -9
right_child=-2 2 -4 -5 7 -7 -8 13 9 -11 11 -13 -14 -15
leaf_value=-0.023336720478105186 0.00019044856854156354 -0.043749335190804435 -0.0040765857043975097 -0.011803394799504575 -0.016803590504041965 0.019778604238327922 -0.039801880736793228 0.00052462972872938942 0.0024058149563560114 0.049495910471198536 -0.035207707997051856 -0.0020580129505580452 0.017863649890935709 -0.024274542666289936
leaf_weight=7.2482450008392361 7805.6582536399364 10.832779169082643 12.823870211839674 64.468667447566986 8.4139684438705462 13.281784415245054 14.808445781469343 736.93393217027187 8.517785996198656 13.35483345389366 15.837343722581862 17.173749193549156 17.319561541080475 12.461550086736677
leaf_count=22 21126 30 35 176 23 36 41 2000 23 36 45 48 48 35
internal_value=5.05186e-06 -0.0015127 -0.0222434 -0.000985268 -0.000179318 -0.0090979 -0.0143962 0.000800629 0.0178335 0.0311578 -0.00786226 -0.0179619 0.0057083 0.000112249
internal_weight=8759.13 953.477 23.6566 929.82 865.351 85.6691 72.3873 779.682 30.2866 21.8726 57.5789 33.0111 24.5678 749.395
internal_count=23724 2598 65 2533 2357 240 204 2117 82 59 163 93 70 2035
is_linear=0
shrinkage=0.05


Tree=358
num_leaves=15
num_cat=0
split_feature=0 0 5 1 5 5 8 2 7 7 7 5 2 9
split_gain=1.08131 4.31862 5.12143 6.09472 5.44318 5.11623 4.54281 4.00267 3.44458 6.07312 8.44621 6.89082 4.21014 3.21329
threshold=0.0049109945953907481 0.0045352452811225101 -0.011926427561377765 0.0095088004168564864 0.022961007727984404 0.0091952785214149766 0.21620603423673487 0.0038226031116606525 0.0030454347654100392 0.0033389666427893045 0.0033081004997915736 -0.0069671678412726113 0.0058937179402219876 0.010759488550059506
decision_type=2 2 2 2 2 2 2 2 2 2 2 2 2 2
left_child=1 -1 13 6 5 -5 -4 -8 -2 10 11 12 -10 -3
right_child=8 2 3 4 -6 -7 7 -9 9 -11 -12 -13 -14 -15
leaf_value=3.3560547348105795e-05 -0.016871986097334337 0.099484953470909576 -0.029752654792682576 0.008376342179743838 -0.034818939031584159 0.1023877796025104 0.068744479732216299 -0.016323824358062886 0.027736671488568333 -0.00352195422391797 0.13226616113890025 -0.0040212544477708292 0.14729991528284653 0.0044312694996181097
leaf_weight=1300.8873909087852 38.844176735728979 2.9512512069195536 9.1615199297666567 2.2914517074823371 1.6331118475645778 3.9279601704329252 2.8598103262484065 2.6773405969142914 1.5910939909517758 130.15284706279635 1.7903501167893399 9.7492721080780012 1.370453357696533 1.2724425960332153
leaf_count=19634 692 38 134 34 31 37 32 42 26 2768 26 184 22 24
internal_value=-5.45626e-05 0.000442673 0.0203198 0.0108561 0.0464189 0.0677506 -0.00814276 0.027612 -0.00365221 -0.000102276 0.0305905 0.0162692 0.0830645 0.0708488
internal_weight=1511.16 1327.66 26.7749 22.5512 7.85252 6.21941 14.6987 5.53715 183.498 144.654 14.5012 12.7108 2.96155 4.22369
internal_count=23724 20006 372 310 102 71 208 74 3718 3026 258 232 48 62
is_linear=0
shrinkage=0.05


Tree=359
num_leaves=15
num_cat=0
split_feature=3 3 4 0 8 5 11 9 8 9 11 4 6 5
split_gain=1.01248 3.0961 2.93669 3.78826 2.86658 8.72596 6.89129 7.58316 6.11432 5.74279 8.09119 7.90809 5.14791 5.96438
threshold=0.50525055043628619 0.50885654936820479 0.79832472488031836 -0.0025259354042570115 0.32269536966576851 0.0058351800596903331 0.0049818644471388198 0.0061511325847628893 0.22187114742601852 0.0042944610501796255 0.0058990775890529592 0.16563600519826407 -0.0044902359644725378 -0.015833004364628683
decision_type=2 2 2 2 2 2 2 2 2 2 2 2 2 2
left_child=4 2 3 -2 8 12 -7 -8 -1 -10 11 -11 13 -6
right_child=1 -3 -4 -5 5 6 7 -9 9 10 -12 -13 -14 -15
leaf_value=-0.0016513437556407524 -0.0068261171247282751 0.00021460197629449081 -0.010412392017597621 0.035257252854705622 0.011348568154690208 -0.033435840502423965 0.0066819434134915787 -0.020747649345385925 -0.003091771348639214 -0.011183871543428332 0.0039668789884414642 0.032291546444207668 0.0033534951708937112 -0.030497393643179594
leaf_weight=1211.4367675483227 7.4508731961250332 6795.8725815713406 8.5010696053504926 18.943998903036118 12.810547918081282 36.899570614099503 46.425486475229263 55.105164378881454 112.35309615731239 12.717641353607176 142.20917165279388 58.9169682264328 229.82477697730064 25.396461069583893
leaf_count=3271 20 18366 23 51 35 103 127 152 305 34 384 158 625 70
internal_value=4.35369e-06 0.000290881 0.0151461 0.0233778 -0.00100239 -0.00473669 -0.0149307 -0.00820531 -1.52536e-05 0.00606089 0.0108697 0.0245731 0.00052819 -0.0164667
internal_weight=8774.86 6830.77 34.8959 26.3949 1944.1 406.462 138.43 101.531 1537.63 326.197 213.844 71.6346 268.032 38.207
internal_count=23724 18460 94 71 5264 1112 382 279 4152 881 576 192 730 105
is_linear=0
shrinkage=0.05


end of trees

feature_importances:
Column_8=559
Column_7=554
Column_11=551
Column_9=512
Column_2=486
Column_4=470
Column_5=446
Column_3=444
Column_6=363
Column_0=338
Column_1=317

parameters:
[boosting: gbdt]
[objective: multiclass]
[metric: multi_logloss]
[tree_learner: serial]
[device_type: cpu]
[data_sample_strategy: bagging]
[data: ]
[valid: ]
[num_iterations: 120]
[learning_rate: 0.05]
[num_leaves: 15]
[num_threads: 0]
[seed: 0]
[deterministic: 0]
[force_col_wise: 0]
[force_row_wise: 0]
[histogram_pool_size: -1]
[max_depth: -1]
[min_data_in_leaf: 20]
[min_sum_hessian_in_leaf: 0.001]
[bagging_fraction: 1]
[pos_bagging_fraction: 1]
[neg_bagging_fraction: 1]
[bagging_freq: 0]
[bagging_seed: 3]
[bagging_by_query: 0]
[feature_fraction: 1]
[feature_fraction_bynode: 1]
[feature_fraction_seed: 2]
[extra_trees: 0]
[extra_seed: 6]
[early_stopping_round: 0]
[early_stopping_min_delta: 0]
[first_metric_only: 0]
[max_delta_step: 0]
[lambda_l1: 0]
[lambda_l2: 0]
[linear_lambda: 0]
[min_gain_to_split: 0]
[drop_rate: 0.1]
[max_drop: 50]
[skip_drop: 0.5]
[xgboost_dart_mode: 0]
[uniform_drop: 0]
[drop_seed: 4]
[top_rate: 0.2]
[other_rate: 0.1]
[min_data_per_group: 100]
[max_cat_threshold: 32]
[cat_l2: 10]
[cat_smooth: 10]
[max_cat_to_onehot: 4]
[top_k: 20]
[monotone_constraints: ]
[monotone_constraints_method: basic]
[monotone_penalty: 0]
[feature_contri: ]
[forcedsplits_filename: ]
[refit_decay_rate: 0.9]
[cegb_tradeoff: 1]
[cegb_penalty_split: 0]
[cegb_penalty_feature_lazy: ]
[cegb_penalty_feature_coupled: ]
[path_smooth: 0]
[interaction_constraints: ]
[verbosity: -1]
[saved_feature_importance_type: 0]
[use_quantized_grad: 0]
[num_grad_quant_bins: 4]
[quant_train_renew_leaf: 0]
[stochastic_rounding: 1]
[linear_tree: 0]
[max_bin: 255]
[max_bin_by_feature: ]
[min_data_in_bin: 3]
[bin_construct_sample_cnt: 200000]
[data_random_seed: 1]
[is_enable_sparse: 1]
[enable_bundle: 1]
[use_missing: 1]
[zero_as_missing: 0]
[feature_pre_filter: 1]
[pre_partition: 0]
[two_round: 0]
[header: 0]
[label_column: ]
[weight_column: ]
[group_column: ]
[ignore_column: ]
[categorical_feature: ]
[forcedbins_filename: ]
[precise_float_parser: 0]
[parser_config_file: ]
[objective_seed: 5]
[num_class: 3]
[is_unbalance: 0]
[scale_pos_weight: 1]
[sigmoid: 1]
[boost_from_average: 1]
[reg_sqrt: 0]
[alpha: 0.9]
[fair_c: 1]
[poisson_max_delta_step: 0.7]
[tweedie_variance_power: 1.5]
[lambdarank_truncation_level: 30]
[lambdarank_norm: 1]
[label_gain: ]
[lambdarank_position_bias_regularization: 0]
[eval_at: ]
[multi_error_top_k: 1]
[auc_mu_weights: ]
[num_machines: 1]
[local_listen_port: 12400]
[time_out: 120]
[machine_list_filename: ]
[machines: ]
[gpu_platform_id: -1]
[gpu_device_id: -1]
[gpu_device_id_list: ]
[gpu_use_dp: 0]
[num_gpu: 1]

end of parameters

pandas_categorical:null
