tree
version=v4
num_class=1
num_tree_per_iteration=1
label_index=0
max_feature_idx=12
objective=binary sigmoid:1
feature_names=Column_0 Column_1 Column_2 Column_3 Column_4 Column_5 Column_6 Column_7 Column_8 Column_9 Column_10 Column_11 Column_12
feature_infos=[-0.059701310054346167:0.054499460717529521] [-0.082847146236717253:0.12234610537657166] [0.00089975049528797377:0.030443962138261532] [0.14776957980415745:10.531429019966094] [0:1] [-0.10089889998426051:0.12780050739655541] [-0.11338484490859294:0.079259291420632164] [0.00067238314905085654:0.02585469855129181] [0.0008014302447444671:0.85631188438768391] [0.0016792369941247235:0.070266228911354547] [0.0016792369941247235:0.070266228911354547] [0.0010032685736290968:0.031989083525542042] [-1:1]
tree_sizes=1695 1737 1721 1731 1736 1729 1727 1730 1721 1728 1727 1738 1734 1727 1726 1733 1728 1736 1728 1735 1721 1728 1736 1737 1721 1743 1726 1739 1724 1743 1738 1717 1727 1732 1716 1721 1739 1741 1740 1750 1733 1737 1719 1738 1741 1729 1734 1730 1739 1739 1727 1738 1732 1739 1737 1715 1736 1728 1735 1726 1728 1735 1736 1721 1746 1732 1731 1743 1733 1724 1728 1737 1741 1736 1747 1732 1733 1741 1731 1727 1742 1746 1724 1740 1725 1750 1737 1740 1745 1729 1745 1737 1721 1740 1746 1754 1739 1742 1743 1732 1727 1748 1756 1732 1742 1725 1733 1734 1737 1751 1747 1739 1722 1750 1739 1741 1736 1750 1725 1731

Tree=0
num_leaves=15
num_cat=0
split_feature=3 11 11 4 3 1 6 5 8 6 6 4 6 2
split_gain=6.24708 4.69717 7.19923 8.49275 8.46799 6.44159 12.182 9.96263 5.3073 5.19527 7.36768 7.31322 6.08618 4.8918
threshold=5.8609295376367472 0.0070361932942239972 0.0064612192892185725 0.97762689866081309 2.0965184288261747 0.0091810518814886468 -0.01927731788188038 -0.015088616879851713 0.1762424365852221 0.003778514674335683 -0.0062785236137594446 0.23176858075535112 -0.0082067233023529439 0.0035187488802477171
decision_type=2 2 2 2 2 2 2 2 2 2 2 2 2 2
left_child=1 2 3 5 8 7 -7 -1 -4 10 12 -11 -9 -12
right_child=-2 -3 4 -5 -6 6 -8 9 -10 11 13 -13 -14 -15
leaf_value=-0.95978707740863012 -0.87797106796085511 -0.95163991081126331 -0.88974761477530762 -0.87355486290543549 -0.8518009639287385 -0.90056930644264233 -0.97171857878643064 -0.93423679162990581 -0.96629516906924862 -0.93538173368131083 -0.96946577782698573 -0.87815224560415439 -0.85441797433195021 -0.91239482018771612
leaf_weight=23.04823100566864 4.245726764202117 54.587915539741516 4.2457267642021161 4.8522591590881339 5.4587915539741507 7.4805662035942069 30.730974674224854 5.4587915539741516 4.8522591590881348 9.7045183181762713 13.14153522253037 13.141535222530363 4.2457267642021161 5.2566140890121451
leaf_count=114 21 270 21 24 27 37 152 27 24 48 65 65 21 26
internal_value=-0.937941 -0.939309 -0.934195 -0.938318 -0.901033 -0.941119 -0.95779 -0.93251 -0.930573 -0.92017 -0.934566 -0.902462 -0.899316 -0.95316
internal_weight=190.451 186.205 131.618 117.061 14.5568 112.208 38.2115 73.997 9.09799 50.9487 28.1027 22.8461 9.70452 18.3981
internal_count=942 921 651 579 72 555 189 366 45 252 139 113 48 91
is_linear=0
shrinkage=1


Tree=1
num_leaves=15
num_cat=0
split_feature=3 9 0 9 5 7 11 3 8 9 8 6 2 4
split_gain=5.49462 4.58608 3.18435 4.65154 7.46414 5.90258 5.92212 5.86999 4.10346 8.0896 7.53304 6.66133 7.97887 6.21629
threshold=5.8609295376367472 0.0045742026821803854 0.023729635825068821 0.022606582542806824 -0.025521624090620799 0.0050900892390830883 0.0063640195797886887 3.7403145440963708 0.19973271821436889 0.0095774549476358387 0.38337800013107065 -0.010963351029612682 0.0063838043878829973 0.24541157161009927
decision_type=2 2 2 2 2 2 2 2 2 2 2 2 2 2
left_child=1 -1 3 4 -3 6 -5 8 9 13 11 -10 -13 -6
right_child=-2 2 -4 5 7 -7 -8 -9 10 -11 -12 12 -14 -15
leaf_value=0.035514144092031998 0.055499735582217102 -0.040456633140932632 -0.045832893340499378 0.013362835610204189 -0.054135310373312477 0.0001029284062003821 0.091809553986305359 -0.05176029592527346 -0.052348626205237538 0.024638408595346998 0.017403094637741597 0.0054559947527804235 -0.055097540986938913 0.001945214288931662
leaf_weight=8.0860097259283048 4.3553660809993735 13.864282041788099 4.2333533763885489 5.4363625198602694 6.4705819487571743 18.712937220931053 4.3157733231782913 5.6455219537019721 11.83602726459503 36.537549406290054 18.977854892611504 24.009795457124714 7.0337161272764197 20.908412426710129
leaf_count=40 21 69 21 27 32 93 21 28 59 180 94 119 35 103
internal_value=-1.42369e-05 -0.00131367 -0.00298682 -0.00194288 -0.00556411 0.0165396 0.0480792 -0.00188307 0.000355733 0.00924035 -0.00882464 -0.0204327 -0.00826399 -0.0113085
internal_weight=190.424 186.068 177.982 173.749 145.284 28.4651 9.75214 131.419 125.774 63.9165 61.8574 42.8795 31.0435 27.379
internal_count=942 921 881 860 719 141 48 650 622 315 307 213 154 135
is_linear=0
shrinkage=0.05


Tree=2
num_leaves=15
num_cat=0
split_feature=3 9 5 6 4 0 8 7 6 8 6 1 9 4
split_gain=4.84881 4.0835 2.9481 8.27339 11.5099 12.7051 7.97664 6.34749 6.68107 5.45914 9.79289 6.89908 5.68129 5.55408
threshold=5.8609295376367472 0.0045742026821803854 -0.017700033983336871 0.0007786119270117778 0.24541157161009927 -0.0078664677227682986 0.39960228939354864 0.002173416519348664 0.01396116551006363 0.21652384293515606 -0.0064643959823144689 0.0072425834301784496 0.0087410730619449945 0.8534198036634536
decision_type=2 2 2 2 2 2 2 2 2 2 2 2 2 2
left_child=1 -1 -3 6 5 -5 9 -6 -9 10 11 -4 -11 -13
right_child=-2 2 3 4 7 -7 -8 8 -10 12 -12 13 -14 -15
leaf_value=0.033214049762808243 0.051532980216568172 -0.014023505514668045 0.066134313954292798 0.031328014641838417 0.085858943987064396 -0.048906867541415329 0.020965413148947315 0.007198015004455909 0.080001344356829415 0.011465637656941866 -0.045306562574039942 -0.017403526922905407 -0.042129406591689428 0.029974121870688816
leaf_weight=8.2103381901979429 4.4534337669610968 44.33263948559761 4.751696288585662 9.9071975350379962 6.3938696831464794 9.8288397341966611 19.281092599034309 11.643326565623282 4.3206331133842459 6.202079817652705 10.434178069233896 16.228783100843433 24.389324858784676 9.9961831122636777
leaf_count=40 21 221 23 49 31 49 95 57 21 31 52 80 123 49
internal_value=-2.5472e-05 -0.00126048 -0.00285323 0.000859611 0.0191978 -0.00863015 -0.00759677 0.0437626 0.0269022 -0.0152453 -0.0034121 0.0106996 -0.0312636 0.000655434
internal_weight=190.374 185.92 177.71 133.377 42.0939 19.736 91.2833 22.3578 15.964 72.0022 41.4108 30.9767 30.5914 26.225
internal_count=942 921 881 660 207 98 453 109 78 358 204 152 154 129
is_linear=0
shrinkage=0.05


Tree=3
num_leaves=15
num_cat=0
split_feature=3 11 11 4 3 5 6 9 5 2 11 1 11 6
split_gain=4.29169 3.75165 6.23668 7.05624 6.75881 5.4986 9.9475 9.21094 9.00595 6.59195 5.4714 6.57049 5.03301 5.35818
threshold=5.8609295376367472 0.0070361932942239972 0.0064612192892185725 0.97762689866081309 2.0965184288261747 0.0082136989433461548 -0.01927731788188038 0.0074088863614104735 -0.015088616879851713 0.0037794190351013624 0.0047032111622633275 -0.0042998598034827114 0.0034890345775812734 0.003778514674335683
decision_type=2 2 2 2 2 2 2 2 2 2 2 2 2 2
left_child=1 2 3 5 -4 8 -7 -8 -1 12 -11 -12 13 -10
right_child=-2 -3 4 -5 -6 6 7 -9 9 10 11 -13 -14 -15
leaf_value=-0.020381683316692434 0.047985583864522063 -0.012337516884860263 0.0071146414080282272 0.057299779125833297 0.076449674176550644 0.034382205774170858 0.026255128879676112 -0.040726836660796302 -0.0061587193703315883 0.069323163323771184 -0.018988038097048257 0.063715434026241094 -0.0413762253437822 0.043669897558152003
leaf_weight=22.670624375343323 4.5411564856767646 53.819914013147354 9.1074765622615796 5.0453312695026389 5.7238155901432028 7.6249029487371436 6.2584057301282874 28.52893802523613 14.160100907087331 8.9139961600303668 5.7902779579162598 4.1034724563360196 5.2693113088607779 8.7159485518932325
leaf_count=114 21 270 45 24 27 37 31 144 70 43 28 20 26 42
internal_value=-3.81181e-05 -0.0012123 0.00332676 -0.000542692 0.033873 -0.00314752 -0.0173397 -0.0286765 0.00549786 0.0179934 0.0409116 0.0153136 0.00267868 0.0128264
internal_weight=190.274 185.733 131.913 117.081 14.8313 112.036 42.4122 34.7873 69.6237 46.9531 18.8077 9.89375 28.1454 22.876
internal_count=942 921 651 579 72 555 212 175 343 229 91 48 138 112
is_linear=0
shrinkage=0.05


Tree=4
num_leaves=15
num_cat=0
split_feature=3 7 9 3 4 11 6 4 12 4 6 1 4 0
split_gain=3.80788 3.51971 6.43374 6.21016 4.69574 5.70752 5.43414 7.48585 7.79096 5.95132 5.04992 4.95601 4.85626 4.84802
threshold=5.8609295376367472 0.0047793120940931187 0.0086486837736227742 0.62442019586560471 0.98139202379700707 0.0064113497790616366 -0.0082067233023529439 0.24541157161009927 1.0000000180025095e-35 0.82893830288129633 -0.01927731788188038 -0.003665157898679554 0.8534198036634536 -0.0078664677227682986
decision_type=2 2 2 2 2 2 2 2 2 2 2 2 2 2
left_child=1 3 -3 -1 5 6 10 13 9 -9 -5 -10 -12 -8
right_child=-2 2 -4 4 -6 -7 7 8 11 -11 12 -13 -14 -15
leaf_value=0.038491848718310885 0.044791484046012936 -0.068631178405366991 -0.0065811527181077467 0.01599770650057793 0.050141928811070526 0.028333744800986629 2.7814810646915614e-05 0.0079964215800346211 0.02468503238209736 -0.057863569490095745 -0.045148037732731308 0.084960451909802295 0.0015166990795490141 -0.044996676774342763
leaf_weight=11.482264146208761 4.619622901082038 4.5423226356506339 52.017610400915146 6.8845915943384162 4.4847379922866812 13.614901453256605 13.670321375131609 17.992776915431026 14.026061192154886 4.2380688190460196 19.63748107850552 4.5058445781469336 7.7856585681438437 10.625963270664213
leaf_count=56 21 23 261 33 21 66 68 89 67 21 101 22 39 54
internal_value=-4.86664e-05 -0.0011653 -0.0115644 0.00339599 -3.4609e-05 -0.00202634 -0.00618617 0.00230479 0.0153989 -0.00455907 -0.0222879 0.0393404 -0.0318995 -0.0196636
internal_weight=190.128 185.509 56.5599 128.949 117.466 112.982 99.3668 65.059 40.7628 22.2308 34.3077 18.5319 27.4231 24.2963
internal_count=942 921 284 637 581 560 494 321 199 110 173 89 140 122
is_linear=0
shrinkage=0.05


Tree=5
num_leaves=15
num_cat=0
split_feature=3 5 6 1 3 8 1 9 4 8 6 1 5 11
split_gain=3.38569 3.40079 8.3858 9.36879 7.36376 6.31842 5.6492 5.42631 6.05207 5.14936 7.3518 5.65727 5.32913 4.51118
threshold=5.8609295376367472 -0.017700033983336871 0.0007786119270117778 -0.0041854253171038488 2.2249696254426694 0.38337800013107065 -0.013216962292321239 0.022606582542806824 0.056918454021008778 0.21652384293515606 -0.0062785236137594446 0.0051266020366705243 0.0087978810622461896 0.0055300347511750923
decision_type=2 2 2 2 2 2 2 2 2 2 2 2 2 2
left_child=1 7 5 4 -4 9 -6 8 -1 10 12 -11 -3 -14
right_child=-2 2 3 -5 6 -7 -8 -9 -10 11 -12 -13 13 -15
leaf_value=0.029168000876037232 0.041898272349597108 0.042011705687913375 -0.0041454566231572615 0.065585831188134699 0.088742102597412442 0.018624627072377952 0.010401325169511469 0.009452777617697335 -0.036622763098713373 0.019273857140338937 -0.032610256108658496 -0.038892013129826618 -0.026307182405394831 0.018904400750009182
leaf_weight=4.1076467782259014 4.6898018270730963 9.729910612106325 27.170963495969772 9.1389899402856809 4.3762476593255997 20.820737585425377 4.8531315475702268 16.473540216684341 23.457272186875343 5.0509225577116039 13.716247156262396 24.253087058663368 10.426620587706568 11.718121781945227
leaf_count=21 21 47 133 44 21 102 23 82 119 25 69 126 52 57
internal_value=-5.72031e-05 -0.0011191 0.00266309 0.020325 0.00896146 -0.00574006 0.0475478 -0.0132506 -0.0268188 -0.0125134 -0.0020024 -0.0288664 0.0111687 -0.002383
internal_weight=189.983 185.293 141.255 45.5393 36.4003 95.7156 9.22938 44.0385 27.5649 74.8949 45.5909 29.304 31.8747 22.1447
internal_count=942 921 699 221 177 478 44 222 140 376 225 151 156 109
is_linear=0
shrinkage=0.05


Tree=6
num_leaves=15
num_cat=0
split_feature=9 3 0 9 5 3 7 11 8 3 8 9 8 8
split_gain=3.05606 3.23303 2.86827 4.04942 6.15142 5.19401 4.69734 4.35033 3.40753 4.27377 3.10036 6.90139 5.64934 5.79959
threshold=0.0045742026821803854 5.8609295376367472 0.023729635825068821 0.022606582542806824 -0.025521624090620799 3.7403145440963708 0.0050900892390830883 0.0063640195797886887 0.18799960727155848 3.0217257889745182 0.19973271821436889 0.0095774549476358387 0.38337800013107065 0.52317607828208146
decision_type=2 2 2 2 2 2 2 2 2 2 2 2 2 2
left_child=-1 2 3 4 -2 10 7 -5 -8 -10 11 -6 -12 -14
right_child=1 -3 -4 6 5 -7 8 -9 9 -11 12 -13 13 -15
leaf_value=0.029407630192999901 -0.037409309171146668 0.039263831164767976 -0.043864463972647191 0.013034787168208446 -0.011076059915839679 -0.049596840162811254 -0.036552121073734747 0.07920174832432543 0.041541900379191171 -0.013753827675264316 -0.018048356301081352 0.022079836100143881 0.037076220214460241 -0.018772547963401508
leaf_weight=8.4054613262414914 13.25893624126911 4.7525575608015052 4.0988959372043601 5.4399881213903445 27.187595993280411 5.4180320203304282 4.602022901177409 4.5719123184680939 6.7808073461055738 7.2098025530576706 41.624414503574371 37.127820372581482 11.577912390232088 7.7668083608150473
leaf_count=40 69 21 21 27 135 28 23 21 34 36 213 180 56 38
internal_value=-6.61325e-05 -0.00143171 -0.00252649 -0.0015446 -0.00495876 -0.00166686 0.0156382 0.0432498 0.000769743 0.0130463 0.000405915 0.00806408 -0.00767257 0.0146532
internal_weight=189.823 181.418 176.665 172.566 143.962 130.703 28.6045 10.0119 18.5926 13.9906 125.285 64.3154 60.9691 19.3447
internal_count=942 902 881 860 719 650 141 48 93 70 622 315 307 94
is_linear=0
shrinkage=0.05


Tree=7
num_leaves=15
num_cat=0
split_feature=4 5 0 8 4 7 6 1 2 4 6 0 8 5
split_gain=2.96304 8.13262 7.74953 6.98848 5.0354 4.61527 7.72202 6.40106 5.69845 5.57261 5.25752 4.30217 4.15329 4.34418
threshold=0.22207255490967889 0.0082136989433461548 0.0068380380618032937 0.42514167861229257 0.19269606872517078 0.0032686215595275014 -0.003339101068888311 -0.003665157898679554 0.0072947195884736924 0.50354360782300855 -0.006594708581244473 0.0062520028551532715 0.26457349924622503 0.021818059389932549
decision_type=2 2 2 2 2 2 2 2 2 2 2 2 2 2
left_child=4 2 5 11 -1 6 10 9 -7 -8 -2 -3 13 -13
right_child=1 3 -4 -5 -6 8 7 -9 -10 -11 -12 12 -14 -15
leaf_value=-0.0054006466596222191 0.025934198940297932 0.0050134325659853141 0.070302754356710101 0.017661432748241307 -0.059316081862072982 -0.028352168415093543 0.036466200088703347 0.079035373875529627 0.018354355043642242 -0.027193691835627545 -0.049436464360018806 -0.030689247428317207 -0.053059258663652013 0.010339617940018586
leaf_weight=43.218231797218323 4.1185874491930008 15.574978813529013 6.0035641342401496 19.610224276781082 4.8128563463687888 13.156315371394159 15.254651039838793 6.5943982601165798 12.966763183474539 4.4377563148736945 5.2799077332019788 18.191972970962528 10.437691122293471 9.9969378113746625
leaf_count=218 20 79 29 94 24 65 73 31 64 21 27 92 55 50
internal_value=-7.15521e-05 0.00356802 0.0160685 -0.00791636 -0.0108031 0.0108006 0.0224906 0.0363981 -0.00516836 0.0221202 -0.0164077 -0.0171704 -0.0261154 -0.0161387
internal_weight=189.655 141.624 67.8119 73.8118 48.0311 61.8084 35.6853 26.2868 26.1231 19.6924 9.3985 54.2016 38.6266 28.1889
internal_count=942 700 330 370 242 301 172 125 129 94 47 276 197 142
is_linear=0
shrinkage=0.05


Tree=8
num_leaves=15
num_cat=0
split_feature=11 9 8 7 4 5 4 6 0 0 8 9 8 8
split_gain=2.88649 5.10002 9.38129 6.06466 5.29606 4.83504 8.5446 6.43692 5.70352 5.53485 5.33137 4.66454 4.32386 6.89204
threshold=0.0090426351910038571 0.022732930789086506 0.28196608541382734 0.0049541191324518263 0.98139202379700707 0.010800872808181606 0.22763030318035249 -0.016189058362912321 0.013223392865661014 0.0042002338185954261 0.2588947790331802 0.02043939396584819 0.41393631482514953 0.17103546611831846
decision_type=2 2 2 2 2 2 2 2 2 2 2 2 2 2
left_child=1 4 3 -3 5 6 11 8 10 -9 -7 -1 13 -8
right_child=-2 2 -4 -5 -6 7 12 9 -10 -11 -12 -13 -14 -15
leaf_value=-0.009618393652251301 -0.014736325966773357 0.02335180955858435 0.061118848114274683 -0.055957832753614371 0.050791991092929228 0.061847302325173971 0.02890356590086985 0.0083064555911574727 -0.038583811380639647 -0.042643231374630518 -0.003769226280130056 -0.068095956088190926 0.060191999984034565 -0.007024168364540305
leaf_weight=27.921278670430187 28.532108873128891 6.1953534930944461 9.786382243037222 3.9455084353685379 4.8001065254211417 5.6803519576787966 27.261930391192436 7.0490778684616116 4.69004002213478 21.862941011786461 6.8032563626766205 3.8845587670803061 4.9429616034030905 26.154464215040207
leaf_count=142 144 29 47 20 22 28 130 35 23 114 34 20 24 130
internal_value=-7.89955e-05 0.0025189 0.0261964 -0.00750522 -0.000826191 -0.0026447 0.00408916 -0.0158193 0.00842639 -0.0302211 0.0260879 -0.0167605 0.0154522 0.0113121
internal_weight=189.51 160.978 19.9272 10.1409 141.051 136.251 90.1652 46.0857 17.1736 28.912 12.4836 31.8058 58.3594 53.4164
internal_count=942 798 96 49 702 680 446 234 85 149 62 162 284 260
is_linear=0
shrinkage=0.05


Tree=9
num_leaves=15
num_cat=0
split_feature=11 9 8 7 4 5 4 6 6 0 8 4 9 0
split_gain=2.6167 4.55324 9.72257 4.92366 4.7135 4.36474 7.03228 5.91573 5.39068 5.1574 4.64033 3.73861 3.67502 4.63997
threshold=0.0090426351910038571 0.022606582542806824 0.28196608541382734 0.0049541191324518263 0.98139202379700707 0.010800872808181606 0.22763030318035249 -0.016189058362912321 -0.011686894927967513 0.013223392865661014 0.2588947790331802 0.19269606872517078 0.019900943960490108 -0.0078664677227682986
decision_type=2 2 2 2 2 2 2 2 2 2 2 2 2 2
left_child=1 4 3 -3 5 6 11 9 -9 10 -7 12 13 -1
right_child=-2 2 -4 -5 -6 7 -8 8 -10 -11 -12 -13 -14 -15
leaf_value=0.021649350085242339 -0.014095715961125813 0.016482124157551153 0.058945100930654637 -0.054609134363185131 0.047407754435660289 0.057229244406967722 0.014038569567821305 -0.061292538377707997 -0.01443449621338201 -0.037280691558405035 -0.0035867952122292999 -0.056940193755371085 -0.053883709083931135 -0.023488884474698199
leaf_weight=11.557949677109724 28.342327415943146 6.6489061266183871 10.228958517313002 3.84341099858284 4.8833788484334937 5.8277797549963015 58.495672523975372 8.9484574645757693 19.541625455021858 4.6132581084966651 6.7921114712953568 4.6084449291229239 3.7694405168294898 11.22036048769951
leaf_count=58 144 31 48 20 22 28 283 48 101 23 34 24 20 58
internal_value=-8.64877e-05 0.00238 0.0242577 -0.00955911 -0.000852129 -0.00259301 0.00381862 -0.0151646 -0.0291522 0.00795978 0.0244976 -0.0153693 -0.00815297 -0.000585278
internal_weight=189.322 160.98 20.7213 10.4923 140.258 135.375 89.6519 45.7232 28.4901 17.2331 12.6199 31.1562 26.5478 22.7783
internal_count=942 798 99 51 699 677 443 234 149 85 62 160 136 116
is_linear=0
shrinkage=0.05


Tree=10
num_leaves=15
num_cat=0
split_feature=0 9 11 8 11 5 5 6 0 3 0 7 2 1
split_gain=2.49365 3.58786 5.38143 6.34966 5.55667 4.63336 4.5872 5.83551 6.51158 5.86672 5.82286 5.56626 5.14213 5.49424
threshold=0.021990471724724566 0.022826641582434016 0.0097915845792971024 0.28196608541382734 0.011853772209075486 -0.017700033983336871 0.0082136989433461548 -0.016381508023513802 0.0052365635034768441 0.71080997431935378 0.0068380380618032937 0.004208460386215143 0.0045195302716490486 -0.010712948695178763
decision_type=2 2 2 2 2 2 2 2 2 2 2 2 2 2
left_child=1 5 3 -3 -4 -1 10 -8 9 -9 11 12 -7 -14
right_child=-2 2 4 -5 -6 6 7 8 -10 -11 -12 -13 13 -15
leaf_value=-0.02022824049392382 -0.028921137888420458 0.0061054244269507126 -0.056781534913429937 0.064173374094364938 0.021602504721796464 0.0031302224005543521 0.013787036054821053 -0.035462510218222172 -0.032699516441213994 0.03624579073970486 0.062348305195643376 -0.029561921485012844 0.074340663960005979 0.01274101668034835
leaf_weight=28.292594775557518 7.2149178832769385 10.296053469181066 4.1509532332420331 8.6738356053829175 4.9658634960651398 36.152633473277092 20.661866679787636 4.4101330339908591 27.204117029905319 8.0747687816619855 5.1581615507602683 8.8757957965135557 6.1324175745248786 8.8349864333868009
leaf_count=147 36 50 21 40 25 175 101 22 144 41 24 45 29 42
internal_value=-9.24405e-05 0.00105113 0.017484 0.0326565 -0.0140863 -0.00194987 0.00217062 -0.0077615 -0.0189795 0.0109157 0.0113706 0.00698773 0.0133337 0.0379795
internal_weight=189.099 181.884 28.0867 18.9699 9.11682 153.797 125.505 60.3509 39.689 12.4849 65.154 59.9958 51.12 14.9674
internal_count=942 906 136 90 46 770 623 308 207 63 315 291 246 71
is_linear=0
shrinkage=0.05


Tree=11
num_leaves=15
num_cat=0
split_feature=9 3 6 6 4 12 1 4 1 5 0 9 6 8
split_gain=2.45531 2.94138 6.20881 5.42592 4.45627 4.3295 4.83311 6.04708 4.71778 4.15464 4.02323 3.61183 4.35483 4.51046
threshold=0.0053219803418178046 1.1191239872726688 0.0086633760507935035 0.0019891273411601191 0.50354360782300855 1.0000000180025095e-35 -0.035627965566951053 0.23685387844999659 -0.03272060033006842 0.0074875869488273796 -0.019170235122138325 0.026922314729945145 0.013749083888976102 0.21652384293515606
decision_type=2 2 2 2 2 2 2 2 2 2 2 2 2 2
left_child=-1 2 3 4 -2 6 -3 -8 -7 -6 -10 12 13 -9
right_child=1 5 -4 -5 9 8 7 11 10 -11 -12 -13 -14 -15
leaf_value=0.019924347286743138 -0.052309899899608041 0.032904222093566769 -0.05502426144510239 0.030036173865220919 0.037364523177135824 -0.037121075068838688 -0.050597274183918711 0.0061492065541701169 0.059234835363533689 -0.018644615137414226 0.010617055523244547 -0.047906167188430167 0.044171941145818003 -0.027799161513226964
leaf_weight=14.163619905710219 6.3737137764692369 6.7069818973541251 7.4123978465795508 8.474237993359564 4.5844294577837017 4.8380614668130866 8.6221476048231107 26.598110616207123 4.5809355676174155 11.91948191821575 59.850641220808029 4.5440392494201651 4.7488380819559088 15.477594241499899
leaf_count=68 33 33 38 42 22 25 45 131 22 61 292 23 23 84
internal_value=-9.78226e-05 -0.00172081 -0.0138704 -0.00414054 -0.0168001 0.00174304 -0.00734955 -0.0118499 0.010498 -0.00308649 0.0140737 -0.00534624 -0.00121606 -0.00633874
internal_weight=188.895 174.732 38.7643 31.3519 22.8776 135.967 66.6977 59.9907 69.2696 16.5039 64.4316 51.3686 46.8245 42.0757
internal_count=942 874 196 158 116 678 339 306 339 83 314 261 238 215
is_linear=0
shrinkage=0.05


Tree=12
num_leaves=15
num_cat=0
split_feature=9 3 6 6 4 12 1 4 1 5 0 5 9 6
split_gain=2.20166 2.67702 5.80357 4.88248 4.16753 3.90468 4.34079 5.64365 4.28822 3.72746 3.51035 3.35153 3.34249 3.87246
threshold=0.0053219803418178046 1.1191239872726688 0.0086633760507935035 0.0019891273411601191 0.50354360782300855 1.0000000180025095e-35 -0.035627965566951053 0.23685387844999659 -0.03272060033006842 0.0074875869488273796 -0.019170235122138325 0.015100979221176073 0.026922314729945145 0.013749083888976102
decision_type=2 2 2 2 2 2 2 2 2 2 2 2 2 2
left_child=-1 2 3 4 -2 6 -3 -8 -7 -6 -10 -11 13 -9
right_child=1 5 -4 -5 9 8 7 12 10 11 -12 -13 -14 -15
leaf_value=0.018777095737710064 -0.050996949878781631 0.03083716159691537 -0.053685900799257107 0.028166323004627403 0.034968868865244168 -0.035911465482358823 -0.049288633296280603 -0.0060471831463828982 0.05496925531138705 -0.049274393034326062 0.010041611550854574 0.0047061896771419809 -0.046521402280833887 0.041223782846348027
leaf_weight=14.274595171213148 6.2149784713983598 6.79634104669094 7.2221842408180228 8.582085967063902 4.6517690420150783 4.7531608790159217 8.4138493537902814 41.925830498337746 4.6867231726646414 4.9423017650842649 60.109566748142242 6.8759104013442993 4.4478024840354911 4.8317998051643363
leaf_count=68 33 33 38 42 22 25 45 215 22 25 292 36 23 23
internal_value=-0.000102154 -0.00164693 -0.0132882 -0.00395693 -0.0161097 0.00164848 -0.00702234 -0.0113382 0.00992861 -0.0029449 0.0132912 -0.0178681 -0.00510231 -0.00116234
internal_weight=188.729 174.454 38.4892 31.267 22.685 135.965 66.4156 59.6193 69.5495 16.47 64.7963 11.8182 51.2054 46.7576
internal_count=942 874 196 158 116 678 339 306 339 83 314 61 261 238
is_linear=0
shrinkage=0.05


Tree=13
num_leaves=15
num_cat=0
split_feature=3 3 3 1 9 0 5 4 5 9 1 4 8 3
split_gain=2.16512 8.68884 4.68225 4.51895 4.45262 3.38181 4.79564 3.26858 6.50323 6.35068 5.87529 7.06685 5.16189 4.62362
threshold=0.62442019586560471 0.53691097635372542 0.99068522209330634 -0.011177641787040013 0.0066300189727071064 0.0052365635034768441 0.0060799800221737147 0.22207255490967889 0.0051549880424519058 0.0098258958718704052 -0.01532194025296464 0.10971606460061713 0.4203976314412749 2.8422211431841631
decision_type=2 2 2 2 2 2 2 2 2 2 2 2 2 2
left_child=1 4 3 -2 -1 6 -5 9 -9 -4 11 -11 13 -10
right_child=2 -3 7 5 -6 -7 -8 8 12 10 -12 -13 -14 -15
leaf_value=0.021638125481816053 -0.066534515970464461 0.066728474185123177 -0.066913253223017596 -0.019559244515139629 -0.041114550946892175 -0.04709995329388604 0.041290323104633819 0.021774647390596025 -0.0033629002671749344 0.010187902630536249 0.029216929267775228 -0.045865200837661775 0.018292176921933682 -0.038859773570927035
leaf_weight=5.8646817952394503 4.6355898231267956 5.7816504240036002 4.514822617173194 9.8430794924497622 5.4570984691381454 5.0164716839790335 4.8252772986888877 40.57505975663662 38.166753575205803 11.366637751460077 9.5792187005281431 11.127827644348143 19.719714030623436 12.076243191957472
leaf_count=28 25 28 24 49 28 27 23 192 197 58 48 58 93 64
internal_value=-0.000105351 0.0168583 -0.00179764 -0.0221208 -0.00860867 -0.0116619 0.000457724 0.00156185 0.00584952 -0.0113917 -0.00357622 -0.0175411 -0.0033863 -0.0118948
internal_weight=188.55 17.1034 171.447 24.3204 11.3218 19.6848 14.6684 147.126 110.538 36.5885 32.0737 22.4945 69.9627 50.243
internal_count=942 84 858 124 56 99 72 734 546 188 164 116 354 261
is_linear=0
shrinkage=0.05


Tree=14
num_leaves=15
num_cat=0
split_feature=4 9 4 3 4 8 8 9 11 2 6 6 6 3
split_gain=2.18614 3.81619 3.46287 3.14583 3.63157 6.03493 5.25666 4.60365 6.70115 6.98278 5.88342 5.00934 4.41942 3.76653
threshold=0.96182159614566942 0.013388908145864553 0.89631824181000164 5.8609295376367472 0.81257955236144908 0.49373495955698371 0.3898505630335814 0.023910543753597708 0.0047651894562039448 0.0049252317200136559 -0.0093126072967205323 -0.018031457219757265 -0.012088024900310697 3.0217257889745182
decision_type=2 2 2 2 2 2 2 2 2 2 2 2 2 2
left_child=2 -2 3 4 5 7 12 8 9 10 -1 -10 -6 -12
right_child=1 -3 -4 -5 6 -7 -8 -9 11 -11 13 -13 -14 -15
leaf_value=-0.053758723403722501 0.053454337577936883 -0.0067197783824843316 -0.024939505781313088 0.04204711132356441 -0.027468260028340352 -0.035328410346824102 0.065933702513370038 0.025017447744239304 0.021385892232005994 0.049402902893777606 0.013058047516608152 -0.021034685069457697 0.028023759164638468 -0.036145258382698733
leaf_weight=4.3913110047578803 5.0390347093343717 5.5223641991615295 14.388236701488493 4.4631794691085807 6.111270248889924 13.334750622510908 4.6742637604475012 16.0958471596241 8.0726475566625506 9.0564173907041532 33.624866530299187 50.46190910041333 8.6895915418863297 4.3982447683811179
leaf_count=25 23 28 72 19 32 68 22 79 39 44 163 262 44 22
internal_value=-0.000110812 0.0219904 -0.00142391 0.000647089 -0.000515673 -0.00334051 0.0197093 4.21e-05 -0.00361226 0.00954796 0.00103805 -0.0151844 0.00511113 0.00736656
internal_weight=188.324 10.5614 177.763 163.374 158.911 139.436 19.4751 126.101 110.005 51.4708 42.4144 58.5346 14.8009 38.0231
internal_count=942 51 891 819 800 702 98 634 555 254 210 301 76 185
is_linear=0
shrinkage=0.05


Tree=15
num_leaves=15
num_cat=0
split_feature=0 6 5 6 6 7 11 6 5 5 3 0 4 2
split_gain=2.11224 2.90987 5.1389 6.72717 6.42546 6.52165 5.89042 6.19633 5.61063 6.79889 5.4911 5.12931 5.0982 7.01731
threshold=0.021990471724724566 -0.018452366330595056 0.010563985662964718 -0.006217851597876258 -0.0048819279259153239 0.0032573195301024622 0.0059715729980138891 -0.0095854600843157233 0.021818059389932549 0.027498005181896355 1.1658162776143512 0.0069356137875772978 0.10376317214377943 0.0072082205750595733
decision_type=2 2 2 2 2 2 2 2 2 2 2 2 2 2
left_child=1 -1 3 6 -5 -6 7 -3 11 -10 -7 -4 -12 -14
right_child=-2 2 8 4 5 10 -8 -9 9 -11 12 -13 13 -15
leaf_value=0.017424710273937924 -0.027042781625669466 -0.028034793376660344 -0.0064291876953697872 -0.066959678273108503 0.015959119170194644 -0.037890670229712396 0.08505088103471059 0.044344258589600678 0.053930989115869445 -0.022206231777189278 0.026652525916449323 -0.049570926151999858 -0.042708271091819808 0.0069664943125370381
leaf_weight=23.293464049696922 7.0107156485319129 4.8504983782768258 12.917205885052683 3.5732230246067038 42.783524185419083 13.406250298023222 4.1243250072002402 7.5747042894363412 5.2793548256158811 6.5949393063783646 11.847206711769102 14.765158608555792 11.52752995491028 18.550081849098206
leaf_count=111 36 25 67 19 204 71 20 35 27 35 59 81 60 92
internal_value=-0.00011428 0.000928245 -0.00150695 0.0037121 -0.00109925 0.00129931 0.0332752 0.0160892 -0.017107 0.0116447 -0.0100361 -0.02944 -0.00112902 -0.0120718
internal_weight=188.098 181.087 157.794 118.237 101.688 98.1146 16.5495 12.4252 39.5567 11.8743 55.3311 27.6824 41.9248 30.0776
internal_count=942 906 795 585 505 486 80 60 210 62 282 148 211 152
is_linear=0
shrinkage=0.05


Tree=16
num_leaves=15
num_cat=0
split_feature=2 7 3 5 6 1 1 6 6 4 3 6 9 0
split_gain=2.04232 5.98418 4.64665 3.64698 6.76742 7.48666 7.46757 5.06844 6.77588 4.75539 4.2281 4.72918 5.73304 4.1061
threshold=0.01207054162838467 0.008832471372877038 5.3426617853143368 -0.017700033983336871 0.0007786119270117778 -0.0041854253171038488 -0.0073223820985387012 -0.006217851597876258 -0.0073208100838651601 0.097431348112265129 2.5916876519311938 0.0086633760507935035 0.013467321698485928 -0.014877438155559732
decision_type=2 2 2 2 2 2 2 2 2 2 2 2 2 2
left_child=2 -2 3 9 7 6 10 8 -5 13 11 -6 -13 -1
right_child=1 -3 -4 4 5 -7 -8 -9 -10 -11 -12 12 -14 -15
leaf_value=0.051157737806854259 -0.053495382838459726 0.010709625317115548 0.051203862909900637 -0.0023209744149178574 0.042095442716371528 0.059626145901830789 -0.03673625656910532 -0.026398600883269136 0.056167803720859555 -0.024935200235408114 0.061933957731128836 -0.036155223585098567 0.02544972106163584 -0.015271472703454567
leaf_weight=4.4711033403873444 6.5696120709180823 8.1083705574274045 4.5596024543046942 62.741435676813126 8.2537165582180041 9.2968487441539747 7.0766025632619884 19.88202877342701 5.3760661184787741 26.461068823933601 5.0938365906476966 7.4599148184061033 7.6485864222049713 4.8491258770227414
leaf_count=22 34 41 20 320 39 43 34 102 25 138 23 38 37 26
internal_value=-0.000120075 -0.0180274 0.00139776 5.08936e-05 0.00386749 0.0196797 0.00922804 -0.00418772 0.00229516 -0.0141173 0.0206587 0.0116591 -0.0049681 0.016596
internal_weight=187.848 14.678 173.17 168.61 132.829 44.8295 35.5327 87.9995 68.1175 35.7813 28.4561 23.3622 15.1085 9.32023
internal_count=942 75 867 847 661 214 171 447 345 186 137 114 75 48
is_linear=0
shrinkage=0.05


Tree=17
num_leaves=15
num_cat=0
split_feature=4 9 4 0 11 11 2 6 4 4 11 9 0 3
split_gain=2.04682 3.33246 3.0366 2.59785 4.72609 2.68506 5.95769 7.54755 4.47282 4.94083 3.91933 3.72412 3.46598 2.6659
threshold=0.96182159614566942 0.013388908145864553 0.89631824181000164 0.013717082895296894 0.0077310218565125252 0.0047651894562039448 0.0049252317200136559 -0.010136767333361356 0.81257955236144908 0.67698889117680949 0.0044077881120007162 0.015994136089943701 0.0074095007246620442 1.7162682179941422
decision_type=2 2 2 2 2 2 2 2 2 2 2 2 2 2
left_child=2 -2 3 5 -5 6 7 -1 9 13 -8 -11 -10 -7
right_child=1 -3 -4 4 -6 8 10 -9 12 11 -12 -13 -14 -15
leaf_value=-0.065676348947309809 0.050281763450586082 -0.0058865626128996708 -0.023615566654828488 0.054867416008483563 -0.011167316350536464 -0.015450569912607416 0.0056459248173805357 0.0056000142654422181 0.060393669894231776 -0.056831532707061129 0.067494530669857861 -7.8566287601358018e-05 -0.0011217682923479037 0.0042271156425064786
leaf_weight=4.0416573733091345 5.1081148386001569 5.4669371545314789 14.152406156063078 5.8193598985671979 5.0703470855951309 32.158946424722672 4.4459048360586149 45.829181894659996 4.1421268582344037 8.8726143985986692 6.0433243811130524 4.2873540818691245 5.1203951835632324 37.033011093735695
leaf_count=23 23 28 72 28 26 169 22 224 20 47 29 22 26 183
internal_value=-0.000123593 0.0212447 -0.00140014 0.000530309 0.024121 -0.00116008 0.00702775 -0.0001764 -0.00655462 -0.0102598 0.0412797 -0.0383421 0.0263875 -0.00491865
internal_weight=187.592 10.5751 177.017 162.864 10.8897 151.975 60.3601 49.8708 91.6144 82.3519 10.4892 13.16 9.26252 69.192
internal_count=942 51 891 819 54 765 298 247 467 421 51 69 46 352
is_linear=0
shrinkage=0.05


Tree=18
num_leaves=15
num_cat=0
split_feature=3 3 3 1 8 6 7 4 9 5 1 4 0 8
split_gain=1.96597 7.43891 4.04199 4.06113 3.97705 3.14357 4.79957 3.02551 6.05311 5.3571 5.06462 5.98671 4.78027 3.96418
threshold=0.62442019586560471 0.53691097635372542 0.99068522209330634 -0.011177641787040013 0.14698199416726762 0.00093002991441662561 0.003172230725311944 0.22207255490967889 0.0098258958718704052 0.0029484309185249104 -0.01532194025296464 0.10971606460061713 -0.0029159044781959845 0.4203976314412749
decision_type=2 2 2 2 2 2 2 2 2 2 2 2 2 2
left_child=1 4 3 -2 -1 -5 -7 8 -4 12 11 -10 -9 -11
right_child=2 -3 7 5 -6 6 -8 9 10 13 -12 -13 -14 -15
leaf_value=0.01941856618372417 -0.064633134885921359 0.061364015784248077 -0.066186217342887058 -0.028575382014168163 -0.040411835969803106 0.046898674877038554 -0.029210100723295482 0.01321069618954112 0.0082393322738186624 -0.0095333719559517194 0.026524764603725898 -0.043712039236626199 0.062607727214568865 0.016656334308847848
leaf_weight=6.0730727612972277 4.3357075154781368 5.9189570993185034 4.393589809536933 11.074440419673921 5.1184299886226654 4.5254742950201017 3.8199456930160522 31.480495691299438 11.524408355355265 53.077357441186905 9.7135918289423007 10.688706234097479 5.8000496923923484 19.853321358561516
leaf_count=30 25 28 24 58 26 21 20 148 58 278 48 58 27 93
internal_value=-0.000125211 0.0160309 -0.00174858 -0.0208805 -0.00794485 -0.0111123 0.0120614 0.00135308 -0.0111622 0.00547752 -0.00359013 -0.0167591 0.0208958 -0.00240396
internal_weight=187.398 17.1105 170.287 23.7556 11.1915 19.4199 8.34542 146.532 36.3203 110.211 31.9267 22.2131 37.2805 72.9307
internal_count=942 84 858 124 56 99 41 734 188 546 164 116 175 371
is_linear=0
shrinkage=0.05


Tree=19
num_leaves=15
num_cat=0
split_feature=0 6 3 0 5 6 6 7 5 5 11 6 0 3
split_gain=1.93438 2.57024 4.68056 5.13045 4.39479 5.82294 5.76222 5.34816 5.1702 5.90099 5.07583 5.06537 4.82936 4.81815
threshold=0.021990471724724566 -0.018452366330595056 1.6132025718311425 0.0099498783805848767 0.010563985662964718 -0.006217851597876258 -0.0048819279259153239 0.0032573195301024622 0.021818059389932549 0.027498005181896355 0.0059715729980138891 -0.0095854600843157233 0.0069356137875772978 1.1658162776143512
decision_type=2 2 2 2 2 2 2 2 2 2 2 2 2 2
left_child=1 2 -1 -4 5 10 -7 -8 12 -10 11 -3 -6 -9
right_child=-2 4 3 -5 8 6 7 13 9 -11 -12 -13 -14 -15
leaf_value=-0.016674504850900967 -0.026095861230183138 -0.026183082263187614 -0.0084367598257275422 0.051490312533171614 -0.0057808656995949571 -0.065296154174646279 0.01424389634239133 -0.035966823586148715 0.05013449359166236 -0.020727331939777043 0.077903291219398318 0.039494226917003619 -0.048079688440884574 -0.0010467023654439041
leaf_weight=7.3679928481578854 6.9069250822067252 4.7247550338506707 5.3642433732748058 10.686524897813795 12.808319494128229 3.3838505297899237 43.088436737656593 12.940411016345022 5.3941837698221189 6.4519475251436234 4.2481655329465857 7.7533630430698404 14.261574745178221 41.740194335579872
leaf_count=36 36 25 25 50 67 19 204 71 27 35 20 35 81 211
internal_value=-0.000128292 0.000866948 0.0163176 0.0314624 -0.00144075 0.00336896 -0.00114994 0.0010702 -0.0160097 0.0115399 0.0306972 0.014626 -0.0280657 -0.00931071
internal_weight=187.121 180.214 23.4188 16.0508 156.795 117.879 101.153 97.769 38.916 11.8461 16.7263 12.4781 27.0699 54.6806
internal_count=942 906 111 75 795 585 505 486 210 62 80 60 148 282
is_linear=0
shrinkage=0.05


Tree=20
num_leaves=15
num_cat=0
split_feature=4 9 4 8 8 3 4 8 8 2 1 9 3 5
split_gain=1.92587 2.95773 2.69952 2.63172 3.85673 2.51772 3.12616 2.8576 3.63637 4.00633 3.90888 4.58759 6.78957 3.69576
threshold=0.96182159614566942 0.013388908145864553 0.89631824181000164 0.19714560155370056 0.44148541898383348 5.8609295376367472 0.87584861746101794 0.49373495955698371 0.41393631482514953 0.0059848718982044068 -0.03272060033006842 0.023910543753597708 2.2779770922521534 -0.0242215464810451
decision_type=2 2 2 2 2 2 2 2 2 2 2 2 2 2
left_child=2 -2 5 -4 -5 6 7 8 10 -10 -1 13 -13 -12
right_child=1 -3 3 4 -6 -7 -8 -9 9 -11 11 12 -14 -15
leaf_value=-0.038227989587850598 0.047706109685629494 -0.0052159076570605723 0.0096116947071328718 -0.066150413857694476 -0.0023289176556679603 0.037194243298644639 0.041227460667729074 -0.022546347855091936 0.062893539628794556 0.001740978599022448 -0.037842566419015546 0.08071400781600753 4.4352373119298856e-05 -0.00049843586412347274
leaf_weight=7.0083225667476645 5.1549192965030652 5.4118545949459076 4.3757678419351569 5.220460042357443 4.3309638500213623 4.528928965330123 4.340696692466735 14.978927284479139 4.7126949876546842 6.204258605837822 7.0834416300058214 4.2237964272499067 6.8196966499090195 102.41020414233209
leaf_count=38 23 28 22 29 21 19 21 77 22 31 39 20 33 519
internal_value=-0.000131566 0.0206017 -0.00137468 -0.0225001 -0.0372114 0.000438004 -0.000617036 -0.00180077 0.000443492 0.0281397 -0.0019271 0.000183524 0.030898 -0.00291433
internal_weight=186.805 10.5668 176.238 13.9272 9.55142 162.311 157.782 153.441 138.462 10.917 127.545 120.537 11.0435 109.494
internal_count=942 51 891 72 50 819 800 779 702 53 649 611 53 558
is_linear=0
shrinkage=0.05


Tree=21
num_leaves=15
num_cat=0
split_feature=5 0 4 9 2 8 8 7 11 11 8 4 2 7
split_gain=1.84508 2.80832 2.7137 3.0211 4.47437 4.98564 5.78595 3.5152 4.29457 5.92387 5.69993 5.77427 5.8998 3.98439
threshold=0.055214883628280531 0.021990471724724566 0.98139202379700707 0.022606582542806824 0.01207054162838467 0.28196608541382734 0.49373495955698371 0.0047793120940931187 0.0059715729980138891 0.0057370506720590556 0.20910691924951755 0.7703973630904507 0.006300167837910234 0.0053068347406391618
decision_type=2 2 2 2 2 2 2 2 2 2 2 2 2 2
left_child=1 2 3 7 5 -5 -7 8 9 -1 11 12 -10 -9
right_child=-2 -3 -4 4 -6 6 -8 13 10 -11 -12 -13 -14 -15
leaf_value=-0.0012443793563023595 0.030128401236410109 -0.037968026472196124 0.035599274473588578 0.0035661214468725119 -0.022967312471699856 0.087782392553073851 0.010304429455943566 -0.052776641681225547 -0.028543027396062612 -0.052832710650333285 -0.015319130895176973 0.088733434410174825 0.057214901388724759 -0.0089499915834955323
leaf_weight=90.513550758361816 4.9050355404615393 4.9825709462165824 5.2229184657335272 12.404818251729017 6.3873590379953376 5.1386484503746015 4.5374138951301575 6.9407510757446316 3.7898837924003619 5.9292342811822882 6.7711248248815528 4.2765270918607703 4.2596377581357956 20.511415809392929
leaf_count=455 24 27 23 60 32 23 21 38 20 30 37 20 21 111
internal_value=-0.00013177 -0.000948805 9.51589e-05 -0.000986345 0.0138883 0.0245495 0.0514505 -0.00394773 -0.000126428 -0.00441599 0.0215363 0.0417823 0.0168383 -0.0200307
internal_weight=186.571 181.666 176.683 171.46 28.4682 22.0809 9.67606 142.992 115.54 96.4428 19.0972 12.326 8.04952 27.4522
internal_count=942 918 891 868 136 104 44 732 583 485 98 61 41 149
is_linear=0
shrinkage=0.05


Tree=22
num_leaves=15
num_cat=0
split_feature=7 5 0 9 8 8 3 2 8 0 7 2 1 1
split_gain=1.7979 2.33396 3.58774 2.72509 4.76495 9.08348 3.72779 5.4508 3.4992 3.63632 3.1552 3.80917 5.08847 4.01571
threshold=0.010407510495909381 0.050626129353760783 0.021990471724724566 0.022826641582434016 0.28196608541382734 0.49373495955698371 3.3241207844809222 0.010337869950165194 0.063764475265603179 -0.0029159044781959845 0.0045040486389296879 0.0048551708374870196 0.009351605772530084 -0.011177641787040013
decision_type=2 2 2 2 2 2 2 2 2 2 2 2 2 2
left_child=1 2 3 8 6 -6 7 -5 9 -1 11 12 13 -10
right_child=-2 -3 -4 4 5 -7 -8 -9 10 -11 -12 -13 -14 -15
leaf_value=-0.010574608531928931 -0.032830218220209775 0.035800874343287839 -0.04444651327773249 0.041575583087030056 0.083448160597450222 -0.0056431728635837099 -0.043974108727557297 -0.032404432271461781 -0.029558355537195748 0.044011695352824232 -0.018578898180174871 0.010923381561115126 -0.031638331929261063 0.0084710189709190833
leaf_weight=4.9491534829139709 4.1114334613084784 4.5915493816137305 4.4869946688413611 6.3418584316968936 5.8516946583986265 5.5980194360017776 4.0515538007020941 4.099199578166008 8.7035438567399961 7.9546687901020032 29.659663170576096 44.792517080903053 16.858317315578461 34.291244149208069
leaf_count=25 21 22 25 29 26 26 21 21 45 37 161 224 93 166
internal_value=-0.000132984 0.000604724 -0.000305017 0.000838853 0.0157809 0.0398894 -0.00326575 0.0125307 -0.00179435 0.0230756 -0.00418381 -0.000103817 -0.00835629 0.000772636
internal_weight=186.341 182.23 177.638 173.151 25.9423 11.4497 14.4926 10.4411 147.209 12.9038 134.305 104.646 59.8531 42.9948
internal_count=942 921 899 874 123 52 71 50 751 62 689 528 304 211
is_linear=0
shrinkage=0.05


Tree=23
num_leaves=15
num_cat=0
split_feature=3 3 3 9 4 4 3 6 1 1 5 6 6 6
split_gain=1.76399 6.60348 4.57444 3.84276 2.24481 5.28505 4.08045 3.96635 5.89328 5.60454 5.04951 5.9967 4.67891 6.52242
threshold=0.62442019586560471 0.53691097635372542 0.67868082447506206 0.0066300189727071064 0.056918454021008778 0.22207255490967889 1.9530623086842605 -0.003339101068888311 -0.0037907651073666028 -0.0064969843469107015 -0.012945626729556398 0.01555284014077161 -0.006217851597876258 -0.0073208100838651601
decision_type=2 2 2 2 2 2 2 2 2 2 2 2 2 2
left_child=1 3 -2 -1 6 -6 -4 12 9 10 11 -9 13 -7
right_child=2 -3 4 -5 5 7 -8 8 -10 -11 -12 -13 -14 -15
leaf_value=0.020085370029876995 -0.055921739667730064 0.057374904563577182 0.055547737208776739 -0.0388490403159912 -0.020254087266635579 -0.0041795286145919867 -0.0094092173129742551 -0.032255563333323377 0.053182262807906104 -0.048584689355851918 0.041792690418656471 0.019891368506828655 -0.040543823721725568 0.055666835321763891
leaf_weight=5.8683045804500598 3.7999928444623938 6.0106907784938803 4.8159267306327802 5.2319885939359665 31.290336057543755 65.341191187500954 4.8549083024263382 8.9251683652400953 8.0709887295961362 4.1661066561937323 10.43620051443577 14.420880287885664 7.9224450737237921 4.8937179893255225
leaf_count=28 20 28 25 28 169 337 24 44 37 20 46 70 44 22
internal_value=-0.000133793 0.0151641 -0.00168325 -0.00769265 -0.000435164 -0.00188911 0.0229383 0.00273854 0.0143841 0.00613235 0.0128802 -4.43454e-05 -0.00411841 -9.64741e-06
internal_weight=186.049 17.111 168.938 11.1003 165.138 155.467 9.67084 124.177 46.0193 37.9484 33.7822 23.346 78.1574 70.2349
internal_count=942 84 858 56 838 789 49 620 217 180 160 114 403 359
is_linear=0
shrinkage=0.05


Tree=24
num_leaves=15
num_cat=0
split_feature=5 0 4 9 4 9 8 8 3 5 3 8 5 9
split_gain=1.60819 2.3345 2.3577 2.5423 3.92598 3.37978 3.32696 8.88129 3.21323 4.22651 4.42699 3.757 3.72914 6.65072
threshold=0.055214883628280531 0.021990471724724566 0.98139202379700707 0.022606582542806824 0.64689162627229058 0.02180935483184256 0.49373495955698371 0.28196608541382734 3.371416861946265 -0.025521624090620799 3.0704300134429903 0.063764475265603179 0.012738389537466392 0.016126078952603262
decision_type=2 2 2 2 2 2 2 2 2 2 2 2 2 2
left_child=1 2 3 5 6 8 7 -5 9 -1 11 -11 13 -13
right_child=-2 -3 -4 4 -6 -7 -8 -9 -10 10 -12 12 -14 -15
leaf_value=-0.03512245228714888 0.027911362136294155 -0.035390892090834923 0.032975777831356988 -0.009736528654555052 0.045788310921363234 -0.045647209445528802 -0.033688994637622864 0.071317621162475794 0.029833834937497618 0.02820202791864343 -0.044030285997185677 -0.0023450463362089721 -0.016486075710776676 0.040587842886762482
leaf_weight=10.138508379459379 4.974048137664794 4.7783831208944312 5.2674290686845771 12.104115173220643 6.7996999621391288 4.6498775929212561 4.9663616716861716 4.6887566894292823 7.361056074500083 11.174129545688627 5.8227933645248404 60.406674906611443 32.0259690284729 10.60393378138542
leaf_count=59 24 27 23 60 31 26 24 21 38 53 30 302 172 52
internal_value=-0.000135853 -0.000907522 2.8649e-05 -0.000987778 0.0126256 -0.00372217 0.00226236 0.0128947 -0.00230472 -0.00412211 -0.0015037 0.000664429 -0.00232197 0.00406607
internal_weight=185.762 180.788 176.009 170.742 28.5589 142.183 21.7592 16.7929 137.533 130.172 120.034 114.211 103.037 71.0106
internal_count=942 918 891 868 136 732 105 81 706 668 609 579 526 354
is_linear=0
shrinkage=0.05


Tree=25
num_leaves=15
num_cat=0
split_feature=7 8 8 1 6 1 1 4 5 5 6 0 3 0
split_gain=1.64385 2.37319 5.15176 3.56452 3.80339 8.16404 5.38637 5.38027 6.36279 4.30928 4.55253 4.67124 3.3993 3.38743
threshold=0.010407510495909381 0.38337800013107065 0.34773532057044076 -0.03272060033006842 0.00093002991441662561 -0.003665157898679554 -0.0073223820985387012 0.5584394209293353 0.0025129374355894536 -0.012318792087582079 0.0090493285075981967 -0.01075896200973638 1.352523025556666 -0.0077586365156200468
decision_type=2 2 2 2 2 2 2 2 2 2 2 2 2 2
left_child=1 2 3 -1 7 6 9 -5 -9 12 -11 -12 -6 -14
right_child=-2 -3 -4 4 5 -7 -8 8 -10 10 11 -13 13 -15
leaf_value=-0.044015280440920936 -0.031669898319383452 0.011393201107229956 -0.054362316287349888 -0.036648168660864816 -0.032192653218377117 0.054784581607429307 -0.035161472035154948 0.048412757066274459 -0.0063419241971401823 0.062071432567136556 0.048296015520552633 -0.018495361911443475 -0.0024335080591158706 0.048014689458309487
leaf_weight=4.5917675942182532 4.0428431183099738 39.573533371090889 4.6241316199302664 12.70809745788574 7.3076943308114997 8.6686346679925901 8.0700154006481153 5.9168312847614279 51.371236369013786 6.4593997448682847 4.4509566128253946 6.355914652347562 17.211729928851128 4.1249761134386089
leaf_count=26 21 195 27 68 41 40 39 27 272 29 21 31 85 20
internal_value=-0.00013639 0.000566258 -0.00245402 -0.000704996 0.000794269 0.00974356 0.00251052 -0.00721569 -0.000686746 0.00913237 0.0288628 0.00901357 -0.00276073 0.00731953
internal_weight=185.478 181.435 141.861 137.237 132.645 62.6493 53.9807 69.9962 57.2881 45.9107 17.2663 10.8069 28.6444 21.3367
internal_count=942 921 726 699 673 306 266 367 299 227 81 52 146 105
is_linear=0
shrinkage=0.05


Tree=26
num_leaves=15
num_cat=0
split_feature=7 8 1 6 1 9 7 2 5 4 1 2 4 8
split_gain=1.50581 2.14915 3.85745 3.83024 7.45849 5.67359 5.26018 4.747 5.58923 3.7445 5.36397 4.3521 4.31363 4.23253
threshold=0.010407510495909381 0.41393631482514953 -0.03272060033006842 0.00093002991441662561 -0.003665157898679554 0.023910543753597708 0.003355441156277087 0.0035656650312048525 -0.013933707457801632 0.79250010462877718 -0.035627965566951053 0.0061853158808451462 0.89218411714636547 0.49657547424948817
decision_type=2 2 2 2 2 2 2 2 2 2 2 2 2 2
left_child=1 2 -1 -4 5 6 7 -5 -9 10 -3 13 -11 -12
right_child=-2 9 3 4 -6 -7 -8 8 -10 12 11 -13 -14 -15
leaf_value=-0.041044788724543917 -0.030547035667609496 0.046150927798450814 -0.0081742268950553525 -0.01151649022395923 0.051196808352718705 0.042443239285288002 -0.02450179069631182 -0.0047407013959418383 0.056503404108275958 0.067413654963935546 0.045346658917384514 -0.039265178235528712 0.0074399073057731984 -0.021057928498661574
leaf_weight=6.1039496064186087 3.9834166914224616 4.896273896098136 74.693759694695473 14.478908360004427 8.8085287511348707 7.4333057701587668 19.60663828253746 6.8420443534851048 8.1780740916728973 5.3971268832683545 4.5118358284235054 8.3629339039325696 6.745376855134964 5.1257822066545486
leaf_count=35 21 23 395 70 40 33 106 34 37 24 21 44 32 27
internal_value=-0.000137878 0.000530679 -0.00213574 -0.000439818 0.0084008 0.00173336 -0.00442904 0.00891239 0.0286052 0.011652 -0.00025096 -0.0128726 0.0340972 0.0100293
internal_weight=185.168 181.185 146.145 140.041 65.3475 56.539 49.1057 29.499 15.0201 35.0393 22.8968 18.0006 12.1425 9.63762
internal_count=942 921 750 715 320 280 247 141 71 171 115 92 56 48
is_linear=0
shrinkage=0.05


Tree=27
num_leaves=15
num_cat=0
split_feature=5 1 4 5 4 6 4 5 6 6 1 11 1 1
split_gain=1.51988 2.18726 2.78224 2.41273 3.18505 1.99602 5.21661 3.77172 5.80518 5.73409 7.64019 5.59184 5.49083 3.9778
threshold=0.055214883628280531 0.02632962218582614 0.98139202379700707 0.022706729238002051 0.79878430663029565 -0.018954117311304901 0.84291449079898906 0.010800872808181606 -0.006217851597876258 0.0007786119270117778 -0.0041854253171038488 0.0059715729980138891 0.009351605772530084 -0.0057861013746699939
decision_type=2 2 2 2 2 2 2 2 2 2 2 2 2 2
left_child=1 2 5 -3 -5 6 -1 8 11 -10 13 12 -7 -11
right_child=-2 3 -4 4 -6 7 -8 -9 9 10 -12 -13 -14 -15
leaf_value=0.051478707736729801 0.027075969037455308 -0.054746783927694456 0.037415261324407985 -0.038387027111531531 0.014571437381172354 0.041820242300161098 -0.022111847134338388 -0.016529121901013532 -0.033248924384467159 0.00048007958235778982 0.048646761256969366 0.077139421965168098 -0.024463076383091444 -0.047718559395942176
leaf_weight=5.8738756030797941 4.9918098449707022 3.6071049869060507 5.0251408219337454 4.9374002963304502 6.6807083934545517 7.0097573995590228 4.0814576148986816 33.724777802824974 12.919778928160666 73.121827393770204 8.1144426614046079 4.5068522095680228 5.6369509696960449 4.5468633472919597
leaf_count=27 24 19 22 26 33 31 21 188 69 372 36 21 30 23
internal_value=-0.000138443 -0.000894055 0.00078343 -0.0190252 -0.00793456 -0.000370412 0.0213083 -0.00181323 0.00247043 -0.00219541 0.00248156 0.029318 0.0122761 -0.00234155
internal_weight=184.779 179.787 164.562 15.2252 11.6181 159.537 9.95533 149.581 115.856 98.7029 85.7831 17.1536 12.6467 77.6687
internal_count=942 918 840 78 59 818 48 770 582 500 431 82 61 395
is_linear=0
shrinkage=0.05


Tree=28
num_leaves=15
num_cat=0
split_feature=4 4 4 5 4 3 1 5 5 3 8 7 6 1
split_gain=1.47281 5.01645 3.02585 5.12041 3.31164 3.21777 3.48316 3.10096 6.19922 6.24047 3.72642 3.48998 4.86924 6.42028
threshold=0.056918454021008778 0.04209003130837434 0.22207255490967889 -0.0021800780943662178 0.19269606872517078 1.352523025556666 -0.014958535750505026 0.0029484309185249104 -0.00032448306180225594 1.0107755655363315 0.4203976314412749 0.0022250973598095828 0.01555284014077161 -0.022277692984876332
decision_type=2 2 2 2 2 2 2 2 2 2 2 2 2 2
left_child=1 -1 3 4 5 -2 -7 8 9 -4 -9 -11 -13 -14
right_child=2 -3 7 -5 -6 6 -8 10 -10 11 -12 12 13 -15
leaf_value=-0.0091766037264211075 -0.043975322351021889 0.061275075615578822 -0.028698086175426525 0.037687452648583419 -0.06474436441924887 -0.019037990976713742 0.026807250360586385 -0.0093529847176862628 0.065989695400777149 0.046217432045579293 0.014811332367153538 -0.014501958265164552 0.0048983620315392667 0.073809161179511959
leaf_weight=6.578568682074545 7.1391417235136094 4.1023204475641251 10.01343461871147 4.1321162879467002 3.8855910003185263 13.224053040146833 6.0333284884691194 67.42874051630497 4.7906269431114188 7.5204683393239966 20.899570047855377 13.109610229730608 10.607742309570307 4.9606745392084148
leaf_count=34 42 20 50 21 23 72 30 361 22 33 98 62 51 23
internal_value=-0.000138739 0.0178825 -0.00124659 -0.0145233 -0.0216477 -0.0153039 -0.0046747 0.00203273 0.011849 0.00623647 -0.00363541 0.0159003 0.00794995 0.0268559
internal_weight=184.426 10.6809 173.745 34.4142 30.2821 26.3965 19.2574 139.331 51.0026 46.2119 88.3283 36.1985 28.678 15.5684
internal_count=942 54 888 188 167 144 102 700 241 219 459 169 136 74
is_linear=0
shrinkage=0.05


Tree=29
num_leaves=15
num_cat=0
split_feature=0 4 4 0 9 7 11 9 12 7 6 6 4 1
split_gain=1.44113 2.12562 2.56051 4.16411 3.1067 1.87226 5.5074 4.73677 4.35368 4.07214 5.13363 6.12843 3.2658 3.42698
threshold=0.023729635825068821 0.96182159614566942 0.89631824181000164 0.017713943400339927 0.013388908145864553 0.0047926592410490925 0.0064612192892185725 0.0095774549476358387 1.0000000180025095e-35 0.0036639702690989405 -0.01864372055700873 -0.010963351029612682 0.056918454021008778 -0.010338408469821351
decision_type=2 2 2 2 2 2 2 2 2 2 2 2 2 2
left_child=1 2 3 5 -4 6 9 -7 -8 10 -1 -12 -9 -14
right_child=-2 -3 4 -5 -6 7 8 12 -10 -11 11 -13 13 -15
leaf_value=0.066892795682184938 -0.027138788439217989 0.023161412943404704 0.00021346552653962229 0.049891057743645342 -0.051243717578348648 -0.05507039406658213 0.064989797267280519 0.038962627669376915 0.006757528580175181 -0.021822563856119276 -0.037080236811989631 0.0066686481295882326 -0.021302786383272196 0.011258457310297513
leaf_weight=3.1157640218734732 4.8132325857877722 9.8531904965639097 6.4574505984783155 4.2307054847478858 5.3745950758457184 4.9878612607717505 5.9807098954915983 4.0899565666913977 6.927697941660881 18.948207184672356 9.0999779254198057 66.518604472279549 20.310280300676823 13.42006742954254
leaf_count=14 27 46 34 20 28 29 28 21 35 100 55 328 108 69
internal_value=-0.000139547 0.000585176 -0.000727497 0.000956372 -0.0231605 -0.000393233 0.00304349 -0.0092717 0.0337376 -0.00101263 0.00399549 0.00140389 -0.00323162 -0.00834786
internal_weight=184.128 179.315 169.462 157.63 11.832 153.399 110.591 42.8082 12.9084 97.6826 78.7343 75.6186 37.8203 33.7303
internal_count=942 915 869 807 62 787 560 227 63 497 397 383 198 177
is_linear=0
shrinkage=0.05


Tree=30
num_leaves=15
num_cat=0
split_feature=7 8 8 1 0 1 5 3 3 8 9 9 11 8
split_gain=1.42566 1.89155 4.59833 2.97297 2.92386 2.88155 5.6141 3.34183 2.22433 1.90086 4.80841 3.47442 5.6528 3.59509
threshold=0.010407510495909381 0.38337800013107065 0.34773532057044076 -0.03272060033006842 -0.019170235122138325 -0.035627965566951053 -0.016501184946254421 2.2779770922521534 3.7403145440963708 0.051029770804143178 0.010840789143607426 0.010373089800828844 0.0069599496734336188 0.20910691924951755
decision_type=2 2 2 2 2 2 2 2 2 2 2 2 2 2
left_child=1 2 3 -1 -5 -3 7 -7 9 10 -6 12 -11 -13
right_child=-2 5 -4 4 8 6 -8 -9 -10 11 -12 13 -14 -15
leaf_value=-0.041317859174801831 -0.029906570866572609 0.042691833490597804 -0.052683620383913082 0.037740261282388721 0.049545879957206218 -0.064571434257950061 0.017539646539043073 -0.0043981109444361961 -0.029564142912517574 -0.0056612794099320397 -0.017992926548132279 0.017093466590882671 -0.064748505056528738 -0.0079974977690260435
leaf_weight=4.3378786817193022 3.9363768845796576 5.8073492497205725 4.37263149768114 5.1342927813529959 6.1932494193315488 3.7344945520162565 24.084592342376709 6.0378801971673965 6.3607962876558295 45.485611483454704 4.5873010754585266 35.415912881493568 4.4431759715080252 23.917502857744694
leaf_count=26 21 27 27 23 28 22 114 32 35 229 23 176 26 133
internal_value=-0.000139913 0.000511363 -0.0022151 -0.000590966 0.000752132 0.0101518 0.00457035 -0.0273932 -0.000750261 0.000776522 0.020807 -0.00119982 -0.0109195 0.00697921
internal_weight=183.849 179.913 140.248 135.876 131.538 39.6643 33.857 9.77237 126.404 120.043 10.7806 109.262 49.9288 59.3334
internal_count=942 921 726 699 673 195 168 54 650 615 51 564 255 309
is_linear=0
shrinkage=0.05


Tree=31
num_leaves=15
num_cat=0
split_feature=3 3 3 9 4 4 3 3 6 4 6 1 6 6
split_gain=1.47488 5.355 4.11599 3.37354 1.71424 4.15831 3.5728 3.47204 3.68204 4.48838 3.29554 5.59502 3.6825 3.29798
threshold=0.62442019586560471 0.53691097635372542 0.67868082447506206 0.0066300189727071064 0.056918454021008778 0.22207255490967889 1.9530623086842605 1.8172390244854355 0.028476840216784018 0.15434561479378964 0.01555284014077161 -0.022277692984876332 0.012163403586330569 0.0086633760507935035
decision_type=2 2 2 2 2 2 2 2 2 2 2 2 2 2
left_child=1 3 -2 -1 6 7 -4 -6 9 -9 12 -12 13 -7
right_child=2 -3 4 -5 5 10 -8 8 -10 -11 11 -13 -14 -15
leaf_value=0.018599975870273448 -0.054360732235835277 0.051305326726661583 0.049778314051308552 -0.037173667078724958 -0.035632246369673978 -0.0010026088147224957 -0.01059477527205782 0.039094046686538889 -0.042590210836797537 -0.024748739781301658 0.0024034952986510694 0.063790525584277266 -0.043484560630074096 0.038417734215644872
leaf_weight=5.8780281841754931 3.6127185970544806 6.1210103780031195 4.9461379349231702 5.0324505046010017 14.785959951579573 95.795096643269062 4.8568433374166489 6.7008560448884946 4.0624275207519522 4.6727725863456726 11.011028304696085 5.599402427673339 4.8346850574016562 5.6168530732393256
leaf_count=28 20 28 25 28 86 491 24 34 23 26 54 26 23 26
internal_value=-0.000140234 0.0138741 -0.00157383 -0.00712558 -0.000403013 -0.00170106 0.0198667 -0.0183164 -0.0017298 0.0128647 0.0023862 0.0230972 -0.00085172 0.00118075
internal_weight=183.526 17.0315 166.495 10.9105 162.882 153.079 9.80298 30.222 15.4361 11.3736 122.857 16.6104 106.247 101.412
internal_count=942 84 858 56 838 789 49 169 83 60 620 80 540 517
is_linear=0
shrinkage=0.05


Tree=32
num_leaves=15
num_cat=0
split_feature=5 0 9 11 8 8 9 11 8 3 5 2 0 4
split_gain=1.35454 2.09671 1.70745 3.23276 3.99435 4.47006 3.18519 2.53406 2.45016 3.26253 4.5458 3.71053 5.3332 4.81901
threshold=0.055214883628280531 0.021990471724724566 0.022606582542806824 0.0097915845792971024 0.28196608541382734 0.49657547424948817 0.02180935483184256 0.012007575007885076 0.063764475265603179 2.2779770922521534 -0.025521624090620799 0.0037794190351013624 0.011631635156482483 0.81257955236144908
decision_type=2 2 2 2 2 2 2 2 2 2 2 2 2 2
left_child=1 2 6 4 -4 -6 8 -5 -1 10 -10 -12 13 -13
right_child=-2 -3 3 7 5 -7 -8 -9 9 -11 11 12 -14 -15
leaf_value=0.019935993121934684 0.025450174012505281 -0.034082098940285348 0.0018085861817472362 -0.043420713727102989 0.079923716854909829 0.0099530099644224851 -0.043873826003143962 0.012052683526116499 -0.04429091845400783 0.010764315855994043 -0.018933314255726183 -0.00035211964219862161 -0.041725365285662785 0.035451507990100939
leaf_weight=12.870009399950503 5.029114454984664 4.6266038268804541 11.112092792987829 4.0464434176683408 4.767340883612631 4.3793334811925888 4.4393457770347586 4.1907751709222794 7.757440172135829 32.372878320515156 29.152555763721466 40.272769257426262 6.0082561224699012 12.258961439132689
leaf_count=61 24 27 54 22 20 20 26 21 48 166 150 210 33 60
internal_value=-0.000140295 -0.000862281 2.2915e-05 0.0112128 0.0219514 0.0464225 -0.00217416 -0.015198 -0.000858389 -0.0029521 -0.00760417 -0.00435879 0.00289923 0.00800312
internal_weight=183.284 178.255 173.628 28.496 20.2588 9.14667 145.132 8.23722 140.693 127.823 95.45 87.6925 58.54 52.5317
internal_count=942 918 891 137 94 40 754 43 728 667 501 453 303 270
is_linear=0
shrinkage=0.05


Tree=33
num_leaves=15
num_cat=0
split_feature=7 5 0 9 8 8 3 2 8 3 0 7 7 5
split_gain=1.32128 1.66693 2.8325 1.95349 3.08717 6.42773 3.00005 4.3385 2.17445 2.9282 3.93338 2.24881 4.14848 3.82572
threshold=0.010407510495909381 0.050626129353760783 0.021990471724724566 0.022826641582434016 0.28196608541382734 0.49373495955698371 3.3241207844809222 0.010337869950165194 0.063764475265603179 1.452747668117963 -0.00032646693775966064 0.0043973312270213496 0.0042198997832256788 -0.017700033983336871
decision_type=2 2 2 2 2 2 2 2 2 2 2 2 2 2
left_child=1 2 3 8 6 -6 7 -5 9 10 -1 12 13 -10
right_child=-2 -3 -4 4 5 -7 -8 -9 11 -11 -12 -13 -14 -15
leaf_value=-0.0014131199125483414 -0.028999047302280329 0.029787913324057391 -0.041044537640563247 0.036886452028542523 0.067819594172853492 -0.0066221139547244616 -0.040454091335390491 -0.029809796021667112 -0.028016861817279921 -0.016565342776983315 0.065182316803423498 -0.015608765679287165 0.046330315722197597 0.0016390686722447614
leaf_weight=4.1609727889299384 3.8818970769643775 4.7255513221025458 4.1652718484401694 6.4285104274749774 6.1040208935737592 5.5240309238433838 3.7796405777335158 3.9281193315982819 12.481261968612669 4.2012102305889121 4.7465664744377127 29.723217591643333 4.6174927949905387 84.503517456352711
leaf_count=21 21 22 25 29 26 26 21 21 68 20 21 168 23 430
internal_value=-0.0001395 0.000486053 -0.000308077 0.000688867 0.0133719 0.0324553 -0.00232547 0.0115895 -0.00157355 0.0178444 0.0340736 -0.00351182 2.70779e-05 -0.00217744
internal_weight=182.971 179.089 174.364 170.199 25.7643 11.6281 14.1363 10.3566 144.434 13.1087 8.90754 131.325 101.602 96.9848
internal_count=942 921 899 874 123 52 71 50 751 62 42 689 521 498
is_linear=0
shrinkage=0.05


Tree=34
num_leaves=15
num_cat=0
split_feature=3 3 3 8 4 4 3 3 2 4 6 1 6 6
split_gain=1.27578 4.77302 3.80698 3.19265 1.63463 3.60681 3.33858 3.13531 3.43562 3.55944 2.94399 5.01296 3.36769 2.97259
threshold=0.62442019586560471 0.53691097635372542 0.67868082447506206 0.14698199416726762 0.056918454021008778 0.22207255490967889 1.9530623086842605 1.8172390244854355 0.0054829426791049886 0.10376317214377943 0.01555284014077161 -0.022277692984876332 0.012163403586330569 0.0086633760507935035
decision_type=2 2 2 2 2 2 2 2 2 2 2 2 2 2
left_child=1 3 -2 -1 6 7 -4 -6 -9 -10 12 -12 13 -7
right_child=2 -3 4 -5 5 10 -8 8 9 -11 11 -13 -14 -15
leaf_value=0.017095927840392915 -0.053066348150103165 0.047883866833320764 0.048106195569809135 -0.037486817991007067 -0.034073291407565369 -0.0010813039260746018 -0.010306967820167193 0.037393580246813926 0.020556607508110919 -0.037796435390281921 0.0019830126672871983 0.059887253443866396 -0.042152807640743861 0.036226238249028382
leaf_weight=6.0419878959655779 3.5006660372018805 6.1997323036193839 4.9848237186670286 4.813292495906353 14.352348372340204 95.60559955239296 4.8030836433172226 4.1349995583295813 4.1758736222982389 6.984092004597187 10.980936318635942 5.6666254252195349 4.7320029586553565 5.6550889760255805
leaf_count=30 20 28 25 26 86 491 24 21 21 41 54 26 23 26
internal_value=-0.000137638 0.0128833 -0.00147885 -0.00710637 -0.000364614 -0.00163763 0.0194419 -0.017288 -0.00153708 -0.0159617 0.00214571 0.0216929 -0.000924435 0.0010022
internal_weight=182.631 17.055 165.576 10.8553 162.075 152.288 9.78791 29.6473 15.295 11.16 122.64 16.6476 105.993 101.261
internal_count=942 84 858 56 838 789 49 169 83 62 620 80 540 517
is_linear=0
shrinkage=0.05


Tree=35
num_leaves=15
num_cat=0
split_feature=9 2 3 11 4 8 9 3 2 4 2 2 0 9
split_gain=1.22328 2.39584 4.58544 4.6101 3.24915 2.9099 4.69508 6.54355 3.97443 3.07894 3.53114 8.34811 5.2005 4.4009
threshold=0.0053219803418178046 0.0037794190351013624 2.4083146964308644 0.0029447050580620744 0.44008221624557203 0.16139232933364561 0.014112084553777311 1.652512425927753 0.0061299112266875238 0.056918454021008778 0.0054234755338335655 0.0048551708374870196 0.0043757999448726008 0.022606582542806824
decision_type=2 2 2 2 2 2 2 2 2 2 2 2 2 2
left_child=-1 2 3 4 -2 6 -3 -8 -9 -7 11 -11 -13 -12
right_child=1 5 -4 -5 -6 9 7 8 -10 10 13 12 -14 -15
leaf_value=0.013913110992346683 -0.035012281956902438 0.029948361114526763 0.019650347115759421 -0.043335960441057003 0.021356913523398618 0.032670084781676011 -0.041346775008634006 -0.022344551458663299 0.03902256916041185 -0.014801755520466848 -0.021923960479897524 0.084839888142784772 0.013490399583457061 0.0042090779373599391
leaf_weight=14.278715543448923 4.0945397168397921 20.105211034417152 7.8998111188411704 13.780579373240469 6.8050303608179092 5.6632766574621192 7.4366025403142002 3.9652275741100294 7.8850034326314926 13.440724648535253 39.395021475851536 4.5647631958127004 5.7974674105644226 27.256531186401844
leaf_count=68 21 100 39 76 34 28 40 20 39 72 219 21 30 135
internal_value=-0.000137118 -0.00133064 -0.0135048 -0.0241173 0.000181224 0.00159633 0.0130415 -0.0045828 0.0184884 -0.00309425 -0.00533342 0.0111977 0.0449212 -0.0112371
internal_weight=182.369 168.09 32.58 24.6801 10.8996 135.51 39.392 19.2868 11.8502 96.1178 90.4545 23.803 10.3622 66.6516
internal_count=942 874 170 131 55 704 199 99 59 505 477 123 51 354
is_linear=0
shrinkage=0.05


Tree=36
num_leaves=15
num_cat=0
split_feature=5 1 1 4 4 6 5 6 9 6 1 0 1 1
split_gain=1.19508 1.84936 2.18533 4.59541 2.10958 1.63274 4.67835 5.6472 5.93002 5.23221 6.42392 4.51167 4.41482 3.70748
threshold=0.055214883628280531 0.02632962218582614 0.02982972259784903 0.88443978042262583 0.98139202379700707 -0.016381508023513802 0.010800872808181606 -0.006217851597876258 0.010637130541554072 0.0007786119270117778 -0.0041854253171038488 0.0042002338185954261 0.009351605772530084 -0.0057861013746699939
decision_type=2 2 2 2 2 2 2 2 2 2 2 2 2 2
left_child=1 4 -3 -4 5 -1 7 8 12 -9 13 -8 -7 -11
right_child=-2 2 3 -5 -6 6 11 9 -10 10 -12 -13 -14 -15
leaf_value=0.014943266389138333 0.023785388708445307 -0.043695279002398536 -0.032402769209401668 0.038071938635794833 0.032442776153357715 0.033358526861544335 0.011770596205486724 -0.032059399624077112 0.071594753636961939 0.00066867447079922877 0.044587958490308721 -0.032790303405655405 -0.032902417820685044 -0.04654276287871556
leaf_weight=15.791003488004206 5.0746174305677405 5.239850014448165 5.6444279104471189 3.9192516356706619 5.0766480118036261 6.5521326363086718 7.9009768366813686 12.626373641192911 5.5778043270111075 71.814493700861917 8.1694897413253766 20.209694214165211 4.0787114650011063 4.4139662384987011
leaf_count=79 24 27 31 20 22 29 41 69 26 372 36 121 22 23
internal_value=-0.000138332 -0.000824171 -0.0177416 -0.00352182 0.000719726 -0.00030517 -0.00200874 0.00252365 0.0298428 -0.00204022 0.00245081 -0.0202657 0.00793634 -0.00206508
internal_weight=182.089 177.015 14.8035 9.56368 162.211 157.135 141.344 113.233 16.2086 97.0243 84.3979 28.1107 10.6308 76.2285
internal_count=942 918 78 51 840 818 739 577 77 500 431 162 51 395
is_linear=0
shrinkage=0.05


Tree=37
num_leaves=15
num_cat=0
split_feature=0 5 5 4 5 5 6 6 7 3 2 0 4 4
split_gain=1.20244 1.98511 1.55638 3.46506 2.31947 4.98415 3.80493 6.71022 3.6456 4.30338 4.1124 6.04794 6.01009 4.10337
threshold=0.023729635825068821 0.051678032566457734 0.033982757295958892 0.79681231915916928 0.017919096095590146 0.012738389537466392 -0.006217851597876258 -0.0041557389889310343 0.0032573195301024622 1.1658162776143512 0.0072082205750595733 -0.0098425054736939986 0.10376317214377943 0.13251594340173481
decision_type=2 2 2 2 2 2 2 2 2 2 2 2 2 2
left_child=1 2 4 -4 5 6 -1 -8 13 -10 12 -12 -11 -9
right_child=-2 -3 3 -5 -6 -7 7 8 9 10 11 -13 -14 -15
leaf_value=0.020039272806108205 -0.025297300822286761 0.035085049985895018 -0.054395793527602931 0.011119471499548943 0.015129359536843429 -0.027108717540760191 -0.055298977538519159 -0.022984081013202887 -0.034094416849397062 0.032846470906261409 0.00091684849077683394 0.065670779099204948 -0.040257994943325902 0.018585426598768186
leaf_weight=23.212255880236626 4.6283139288425437 4.0583928078413001 4.0474490374326688 4.025433748960495 23.989953249692917 16.962727658450603 5.6613196134567252 7.1324155032634726 12.200895398855208 3.7928141802549353 21.373344317078583 4.3377324491739371 10.866057120263575 35.405538313090801
leaf_count=113 27 19 23 20 124 96 34 36 72 19 111 22 61 165
internal_value=-0.000138618 0.000519001 -0.000291844 -0.0217275 0.000757342 -0.00168889 0.00178894 -0.00241499 0.000732907 -0.00807271 -0.000208242 0.0118415 -0.0213431 0.0116154
internal_weight=181.695 177.066 173.008 8.07288 164.935 140.945 123.982 100.77 95.1088 52.5708 40.3699 25.7111 14.6589 42.538
internal_count=942 915 896 43 853 729 633 520 486 285 213 133 80 201
is_linear=0
shrinkage=0.05


Tree=38
num_leaves=15
num_cat=0
split_feature=7 8 8 1 6 1 4 5 1 6 3 7 11 8
split_gain=1.2119 1.68436 4.07455 2.54598 2.56616 5.15499 4.6652 4.70823 4.465 3.66806 3.07729 2.66157 3.37809 4.94007
threshold=0.010407510495909381 0.38337800013107065 0.34773532057044076 -0.03272060033006842 0.00093002991441662561 -0.003665157898679554 0.5584394209293353 0.0025129374355894536 -0.0073223820985387012 0.0052155033712073459 1.0107755655363315 0.005664922174776538 0.0059715729980138891 0.21699308504193313
decision_type=2 2 2 2 2 2 2 2 2 2 2 2 2 2
left_child=1 2 3 -1 6 8 -5 -8 9 -6 -11 12 -9 -14
right_child=-2 -3 -4 4 5 -7 7 11 -10 10 -12 -13 13 -15
leaf_value=-0.039318287363042999 -0.028024418547102033 0.0095845458981752979 -0.051335135909902602 -0.034367921364015806 0.049345591414132507 0.043039213214156886 0.04196810893122141 -0.0091441433728383127 -0.033059324433194884 -0.031473427524837547 0.0086088256127188675 -0.041769776163139927 0.049279081031366218 -0.019381291772446005
leaf_weight=4.1241377368569365 3.8146923482418051 39.355369731783867 4.0845854282379142 12.033239997923372 4.7999251857399932 8.9511211663484556 5.957011714577674 34.442041106522083 7.7470333725213996 5.5483514070510855 34.968188814818859 4.4931678771972647 6.753733813762663 4.2799313366413116
leaf_count=26 21 195 27 68 23 40 27 187 39 32 172 28 32 25
internal_value=-0.000140297 0.000458839 -0.00214023 -0.000641765 0.000585463 0.0079401 -0.00612585 -4.91698e-05 0.00201933 0.00801617 0.00311995 -0.00505824 -0.001431 0.0226459
internal_weight=181.353 177.538 138.182 134.098 129.974 62.0146 67.9591 55.9259 53.0635 45.3165 40.5165 49.9689 45.4757 11.0337
internal_count=942 921 726 699 673 306 367 299 266 227 204 272 244 57
is_linear=0
shrinkage=0.05


Tree=39
num_leaves=15
num_cat=0
split_feature=7 2 2 2 2 11 2 11 11 7 7 3 4 4
split_gain=1.10931 1.80704 2.01921 3.09367 2.56773 3.5739 3.76949 2.10447 3.94631 3.46742 4.20008 4.30429 2.46503 6.53107
threshold=0.010407510495909381 0.0016792973972177959 0.0021410439335922305 0.0023859709884983486 0.0027361808703304838 0.0029277738206243873 0.0037054245305565355 0.0035433657929019899 0.0037746206775175193 0.0025510181986046622 0.002866879178474667 1.6982825352878346 0.76540173020411351 0.69494894515373906
decision_type=2 2 2 2 2 2 2 2 2 2 2 2 2 2
left_child=1 -1 -3 -4 -5 -6 -7 -8 -9 -10 11 -11 13 -12
right_child=-2 2 3 4 5 6 7 8 9 10 12 -13 -14 -15
leaf_value=0.036154582167485315 -0.027009344304587242 -0.026211043349581534 0.047626474484210618 -0.037380361925112321 0.036971087824930762 -0.02356339406034888 -0.034294767335086587 0.057183587819604711 -0.037148418275568702 0.066083625272994675 0.00060708436262705786 -0.0020359720564536075 0.011564882733475328 -0.047829030797363364
leaf_weight=3.4704516381025305 3.7615323215723029 7.1981632262468329 3.4594257473945609 4.5046020299196234 6.5826269537210456 16.065919607877731 3.8700600117444983 3.2903392463922492 5.4902120977640143 5.1856167465448362 69.832291714847088 4.1949412077665329 36.311404079198837 7.7300101518630973
leaf_count=16 21 36 16 24 33 88 19 15 28 24 370 22 186 44
internal_value=-0.000140292 0.000430119 -0.000283577 0.000837208 -0.00015547 0.000902113 -0.000660218 0.00204727 0.00311249 0.00173058 0.0034624 0.0356209 0.00081329 -0.00422015
internal_weight=180.948 177.186 173.716 166.517 163.058 158.553 151.971 135.905 132.035 128.744 123.254 9.38056 113.874 77.5623
internal_count=942 921 905 869 853 829 796 708 689 674 646 46 600 414
is_linear=0
shrinkage=0.05


Tree=40
num_leaves=15
num_cat=0
split_feature=2 2 7 8 2 3 7 8 2 2 9 7 4 11
split_gain=1.66558 1.75943 2.49985 2.01456 1.99654 4.84454 3.65548 3.63516 3.25716 6.14489 5.72279 3.64345 3.09434 3.88272
threshold=0.0016792973972177959 0.0021410439335922305 0.0014512851050868202 0.023430894618577908 0.0037794190351013624 2.6199748152001052 0.0026100905688631174 0.16139232933364561 0.0090682397108863746 0.0072947195884736924 0.014155493256995137 0.0033664357631910048 0.77567909061021101 0.0058357557231045378
decision_type=2 2 2 2 2 2 2 2 2 2 2 2 2 2
left_child=-1 -2 -3 -4 5 6 -5 8 9 10 12 -12 13 -6
right_child=1 2 3 4 7 -7 -8 -9 -10 -11 11 -13 -14 -15
leaf_value=0.033985571204744464 -0.025149593668615269 0.038424036434109951 -0.035524731015460678 -0.012726070646132343 0.032789161310670167 0.030469362320647959 -0.064620250150236203 -0.0026681802111730717 -0.01836595883941505 0.066289231854601741 0.012236497283594482 -0.050233546399225018 0.064127414767550683 -0.02744776714737153
leaf_weight=3.5063821077346793 7.1286720782518378 4.1736736595630637 4.0641209185123435 16.710351824760444 9.5064912885427528 5.24358907341957 4.2582552134990683 96.365635611116886 6.050709716975688 6.2281089127063742 4.464785084128378 4.8908017575740814 4.4278442412614814 3.7227696329355231
leaf_count=16 36 20 21 89 46 26 26 511 34 29 21 26 20 21
internal_value=-0.000139138 -0.000814251 0.000205569 -0.000755729 0.000117231 -0.0125155 -0.0232646 0.00255817 0.0153762 0.0215182 0.0111957 -0.0204208 0.0279476 0.0158382
internal_weight=180.742 177.236 170.107 165.933 161.869 26.2122 20.9686 135.657 39.2915 33.2408 27.0127 9.35559 17.6571 13.2293
internal_count=942 926 890 870 849 141 115 708 197 163 134 47 87 67
is_linear=0
shrinkage=0.05


Tree=41
num_leaves=15
num_cat=0
split_feature=5 0 2 7 9 0 0 8 2 7 8 8 11 2
split_gain=1.10156 1.6562 1.39482 8.46425 2.85508 2.84011 2.73885 2.9391 3.9535 7.009 4.02364 5.67709 4.64133 3.73521
threshold=0.055214883628280531 0.021990471724724566 0.01207054162838467 0.0090464315959541564 0.022732930789086506 -0.01690099895377133 -0.015145532721541809 0.19973271821436889 0.0055580833562558869 0.003145586145897892 0.13809363454533669 0.051029770804143178 0.0028022939235725964 0.0054234755338335655
decision_type=2 2 2 2 2 2 2 2 2 2 2 2 2 2
left_child=1 2 4 -4 5 -1 -7 8 9 10 11 -8 -12 -9
right_child=-2 -3 3 -5 -6 6 7 13 -10 -11 12 -13 -14 -15
leaf_value=-0.061989306579010341 0.022790973194022724 -0.031196271213701367 -0.058132005010730195 0.035249050155496224 0.017971209963454103 0.051673164064270506 0.036710140112482526 0.00064591274455859415 0.021337293338587884 -0.043706889715167264 -0.021865087060524997 -0.023830904123295596 0.042691581201412102 -0.023528443207447621
leaf_weight=1.9158671870827664 5.0902840048074713 4.3708070144057265 5.6787157431244832 4.2374466359615326 21.683773726224899 2.4527330920100203 5.2367757260799435 39.421707905828953 25.256141521036625 8.6886421293020231 3.7280329018831244 14.861214295029638 10.99721686542034 26.870188698172569
leaf_count=13 24 27 33 22 102 13 23 209 127 51 19 74 53 152
internal_value=-0.000138367 -0.000803802 -2.70917e-05 -0.0182277 0.00109312 -0.00153174 -0.000689425 -0.00164035 0.00560152 -0.00353219 0.00649168 -0.0080562 0.0263476 -0.00915271
internal_weight=180.49 175.399 171.028 9.91616 161.112 139.429 137.513 135.06 68.768 43.5119 34.8232 20.098 14.7252 66.2919
internal_count=942 918 891 55 836 734 721 708 347 220 169 97 72 361
is_linear=0
shrinkage=0.05


Tree=42
num_leaves=15
num_cat=0
split_feature=7 8 8 3 4 1 3 5 4 4 3 9 9 9
split_gain=1.06246 1.63568 3.66704 2.36634 4.00747 3.73682 3.31195 2.54235 2.66668 2.937 2.31994 1.48259 3.6258 2.51766
threshold=0.010407510495909381 0.38337800013107065 0.34773532057044076 2.3476407364358081 0.86639679621496357 -0.031678987872302229 3.0704300134429903 0.026679446758456047 0.68669168447735984 0.25868391318512979 3.7403145440963708 0.023910543753597708 0.022081851754457506 0.025227793084904988
decision_type=2 2 2 2 2 2 2 2 2 2 2 2 2 2
left_child=1 2 10 7 5 -5 -7 8 9 -3 11 12 -1 -13
right_child=-2 3 -4 4 -6 6 -8 -9 -10 -11 -12 13 -14 -15
leaf_value=0.0011230246953129153 -0.026542062496405755 -0.029343164359465546 -0.049985508197582379 0.042436198531818591 0.060936502877107772 0.025097167510826652 -0.030036540881766105 0.026690049899861734 -0.046565542240858716 0.030296305355097378 -0.028316722569957604 0.050907798530587405 -0.03912278557942412 0.0020982835977382355
leaf_weight=107.78341682255268 3.731387384235858 4.0447695776820201 3.8940251097083083 5.5996761322021529 4.7738175988197318 4.6025593727827072 6.6732428520917892 4.8421950191259375 4.5522700548171988 4.2160356193780899 7.2239388898015013 3.8360719829797736 5.9027958214282981 8.4874337762594205
leaf_count=564 21 24 27 25 21 23 34 23 24 21 41 18 31 45
internal_value=-0.000139512 0.000418879 -0.00215856 0.00941118 0.0204902 0.00904858 -0.00753205 -0.00417419 -0.0158381 0.0010948 -0.000760721 0.000819021 -0.000966611 0.0172918
internal_weight=180.164 176.432 137.128 39.3046 21.6493 16.8755 11.2758 17.6553 12.8131 8.26081 133.234 126.01 113.686 12.3235
internal_count=942 921 726 195 103 82 57 92 69 45 699 658 595 63
is_linear=0
shrinkage=0.05


Tree=43
num_leaves=15
num_cat=0
split_feature=9 2 3 11 4 11 7 7 8 0 4 3 5 2
split_gain=1.03629 1.88793 3.6679 4.05183 2.87213 2.21359 3.6604 3.39332 2.11008 2.36472 1.64174 2.86976 2.40218 5.57675
threshold=0.0053219803418178046 0.0037794190351013624 2.4083146964308644 0.0029447050580620744 0.44008221624557203 0.0037541220065463086 0.0025510181986046622 0.0028162455924895928 0.14282466360136623 -0.0021615867450565343 0.056918454021008778 1.9530623086842605 -0.017700033983336871 0.0072947195884736924
decision_type=2 2 2 2 2 2 2 2 2 2 2 2 2 2
left_child=-1 2 3 4 -2 -3 -7 -8 -5 -10 11 -9 13 -12
right_child=1 5 -4 8 -6 6 7 10 9 -11 12 -13 -14 -15
leaf_value=0.012848533680753976 -0.033052351336329493 0.032800772597237404 0.017232451253021874 -0.067382329993771792 0.020546491477676791 -0.038647591812948336 0.034360171900420282 0.051930456511134683 -0.054682363438200238 -0.0011156440488107656 -0.041016204125578409 -0.0065772713738445916 0.0029939241400122312 0.0023097071698970277
leaf_weight=14.153998181223868 3.96626621484757 5.3699301779270163 7.9266627579927436 4.7395654693245879 6.7580366581678391 5.8379512652754775 7.5446639806032172 3.9668479412794095 3.7909281775355357 4.5130370482802356 11.629127725958822 4.4435613304376602 74.722980342805386 20.55536887049675
leaf_count=68 21 25 39 27 34 30 36 20 21 28 69 22 390 112
internal_value=-0.000137548 -0.00124638 -0.012221 -0.0220439 0.000723545 0.00134805 3.57112e-05 0.00187379 -0.0407631 -0.0255699 -0.000251627 0.0210184 -0.00192494 -0.0133451
internal_weight=179.919 165.765 31.6945 23.7678 10.7243 134.07 128.701 122.863 13.0435 8.30397 115.318 8.41041 106.907 32.1845
internal_count=942 874 170 131 55 704 679 649 76 49 613 42 571 181
is_linear=0
shrinkage=0.05


Tree=44
num_leaves=15
num_cat=0
split_feature=0 5 5 4 5 5 6 6 7 3 4 2 4 0
split_gain=1.02828 1.77739 1.42596 2.94987 2.09995 4.42705 3.30116 6.01974 3.02799 3.93289 3.79773 3.3913 5.47103 4.9305
threshold=0.023729635825068821 0.051678032566457734 0.033982757295958892 0.79681231915916928 0.017919096095590146 0.012738389537466392 -0.006217851597876258 -0.0041557389889310343 0.0032573195301024622 1.1658162776143512 0.13251594340173481 0.0072082205750595733 0.10376317214377943 -0.0098425054736939986
decision_type=2 2 2 2 2 2 2 2 2 2 2 2 2 2
left_child=1 2 4 -4 5 6 -1 -8 10 -10 -9 12 -11 -13
right_child=-2 -3 3 -5 -6 -7 7 8 9 11 -12 13 -14 -15
leaf_value=0.018577193442724276 -0.023791550602330749 0.033095944831136273 -0.052583365405120111 0.0086233939653941449 0.014356493425391879 -0.025933339813179399 -0.053860115128758414 -0.022973558028613904 -0.032899156382977253 0.031781746604362116 0.017183652623886662 0.00073072512749120249 -0.038311571691475213 0.058419064300096427
leaf_weight=23.24729236215353 4.4797542169690123 4.0767802149057379 3.8248790428042403 4.0560706108808517 23.990287430584431 16.551949985325336 5.3660885840654364 7.0648328959941855 11.795912250876425 3.7965112850069991 35.331915512681007 21.203643105924126 10.437650486826895 4.487788610160357
leaf_count=113 27 19 23 20 124 96 34 36 72 19 165 111 61 22
internal_value=-0.00013682 0.000467908 -0.000309268 -0.0210822 0.000693407 -0.00165993 0.00161365 -0.00235035 0.000586442 -0.00753327 0.010492 -3.89872e-05 -0.0196164 0.0108077
internal_weight=179.711 175.232 171.155 7.88095 163.274 139.284 122.732 99.4843 94.1183 51.7215 42.3967 39.9256 14.2342 25.6914
internal_count=942 915 896 43 853 729 633 520 486 285 201 213 80 133
is_linear=0
shrinkage=0.05


Tree=45
num_leaves=15
num_cat=0
split_feature=3 3 9 3 1 9 7 4 9 6 4 7 5 5
split_gain=1.04639 4.171 2.90446 2.85705 2.92657 2.08711 2.16071 1.5859 5.67424 3.83129 3.57273 4.87899 2.81466 4.8263
threshold=0.62442019586560471 0.53691097635372542 0.0066300189727071064 0.99068522209330634 -0.011177641787040013 0.010637130541554072 0.0018161974049163609 0.22207255490967889 0.0098258958718704052 0.015725542098238812 0.16762752460363542 0.0069812799593831033 -0.0049477866075269246 -0.012945626729556398
decision_type=2 2 2 2 2 2 2 2 2 2 2 2 2 2
left_child=1 2 -1 4 -2 6 -6 8 -5 -10 11 -11 13 -9
right_child=3 -3 -4 7 5 -7 -8 12 9 10 -12 -13 -14 -15
leaf_value=0.016579355452412316 -0.060750544554450961 0.044368104072030741 -0.03585007268611938 -0.064615879774221077 0.0046229620804327477 0.019678644833563453 -0.035790682303163172 0.0036048636431078142 0.02184239297869274 0.014380271535851516 -0.063454984652818028 -0.046560929778363597 -0.0012383820607448032 0.044850701852580936
leaf_weight=5.814628943800928 3.4154212549328831 6.1897565722465506 4.8405272290110588 3.9390916377305976 5.4609893411397961 4.3997304663062087 8.3864292055368406 23.096603102982044 11.509314529597761 10.373267590999605 3.1466180905699721 4.8059885725378981 73.719088360667229 10.235482618212698
leaf_count=28 25 28 28 24 27 26 46 113 60 56 20 28 389 44
internal_value=-0.000137682 0.0117244 -0.00723879 -0.00136741 -0.018272 -0.010321 -0.0198528 0.00123294 -0.00821354 -0.00076683 -0.0149662 -0.00491466 0.00421328 0.0162705
internal_weight=179.333 16.8449 10.6552 162.488 21.6626 18.2471 13.8474 140.825 33.7743 29.8352 18.3259 15.1793 107.051 33.3321
internal_count=942 84 56 858 124 99 73 734 188 164 104 84 546 157
is_linear=0
shrinkage=0.05


Tree=46
num_leaves=15
num_cat=0
split_feature=3 3 9 3 4 4 8 4 8 9 6 11 0 7
split_gain=0.969315 1.77378 2.43047 2.34337 1.54491 1.79458 2.30777 1.90985 3.71995 3.35484 3.31581 3.21411 4.14175 4.37753
threshold=5.8609295376367472 3.8300967268227848 0.022732930789086506 3.4819998575704774 0.96182159614566942 0.89631824181000164 0.19714560155370056 0.81257955236144908 0.49373495955698371 0.023910543753597708 -0.01927731788188038 0.0047484729667865589 0.0069356137875772978 0.0026023154081481347
decision_type=2 2 2 2 2 2 2 2 2 2 2 2 2 2
left_child=1 3 -3 4 5 7 -7 8 9 10 -1 12 13 -12
right_child=-2 2 -4 -5 -6 6 -8 -9 -10 -11 11 -13 -14 -15
leaf_value=0.031443462124466463 0.021724618861236212 -0.04651797114833961 -0.0019376196657682858 0.034820573000366714 0.018788920246659912 0.0084180969119147138 -0.038334456484287724 0.01546974050131731 -0.035511332616784679 0.02628136321023037 -0.00099592078053160112 -0.01471845817882252 -0.04357720756969316 0.035503405848661983
leaf_weight=6.5700013488531104 4.9303195327520362 4.8542271181941024 8.2593146637082082 4.8749991431832305 9.8451885506510717 4.2177623808383924 7.0538272336125374 17.240116596221924 7.8896828293800345 10.958751142024992 31.135961413383484 45.809129409492016 4.1731422990560523 11.159022137522696
leaf_count=32 21 29 43 24 47 21 41 90 45 53 153 265 26 52
internal_value=-0.000137838 -0.000757168 -0.0184399 0.000683747 -0.000382669 -0.00167363 -0.0208399 -7.26109e-05 -0.00234926 3.347e-05 -0.00287652 -0.00532005 0.00394508 0.00863399
internal_weight=178.971 174.041 13.1135 160.928 156.053 146.207 11.2716 134.936 117.696 109.806 98.8473 92.2773 46.4681 42.295
internal_count=942 921 72 849 825 778 62 716 626 581 528 496 231 205
is_linear=0
shrinkage=0.05


Tree=47
num_leaves=15
num_cat=0
split_feature=3 3 8 3 1 6 5 4 2 4 6 7 3 6
split_gain=0.964333 3.76096 2.75903 2.59644 2.78164 2.09657 3.21359 1.4261 3.95127 3.67083 3.60248 4.29636 3.66171 2.60753
threshold=0.62442019586560471 0.53691097635372542 0.14698199416726762 0.99068522209330634 -0.011177641787040013 -0.003339101068888311 0.0013479755894886365 0.22207255490967889 0.0043125097114698622 0.15434561479378964 0.014925264587017931 0.0069812799593831033 2.0223037020884629 0.01555284014077161
decision_type=2 2 2 2 2 2 2 2 2 2 2 2 2 2
left_child=1 2 -1 4 -2 -6 -7 8 -5 10 -10 12 -12 -9
right_child=3 -3 -4 7 5 6 -8 13 9 -11 11 -13 -14 -15
leaf_value=0.015498560372164455 -0.060063086038625139 0.042069449262362474 -0.036027968045338546 -0.047184065725576312 -0.029919302883389738 -0.018293979230294532 0.037898451410647113 0.00070919413229365781 0.039653958282769901 -0.033709570797792535 -0.026604928441656794 -0.044912525973602097 0.035367682766046113 0.022654412221072048
leaf_weight=5.9769724607467669 3.2601118236780193 6.2329784035682669 4.5954418256878853 5.3628510758280745 7.6021377816796365 6.2659747600555367 4.2838092297315598 91.048507563769817 6.7842672839760843 6.3761308565735808 3.6920912787318212 4.5326063632965079 6.7252467423677444 15.899729356169699
leaf_count=30 25 28 26 32 45 33 21 471 33 40 22 27 34 75
internal_value=-0.000136486 0.0112635 -0.00689814 -0.00132031 -0.0175389 -0.00990146 0.00452333 0.00115277 -0.00785395 -0.000350612 0.00943585 -0.00427709 0.0134035 0.00397174
internal_weight=178.639 16.8054 10.5724 161.833 21.412 18.1519 10.5498 140.421 33.4732 28.1103 21.7342 14.9499 10.4173 106.948
internal_count=942 84 56 858 124 99 54 734 188 156 116 83 56 546
is_linear=0
shrinkage=0.05


Tree=48
num_leaves=15
num_cat=0
split_feature=9 9 11 2 8 6 4 8 7 9 2 8 0 6
split_gain=0.941307 1.72602 1.55966 1.47363 3.5126 5.99059 5.50402 2.42427 3.61562 3.5784 5.6892 3.51958 6.80724 2.95873
threshold=0.0053219803418178046 0.0058336026237147138 0.003415464586950797 0.0037794190351013624 0.14282466360136623 -0.010136767333361356 0.34551824580265283 0.21180737279931341 0.0058310539394855572 0.013559077994235872 0.0060552626617848991 0.38337800013107065 -0.014631753114934925 0.0028396471797048147
decision_type=2 2 2 2 2 2 2 2 2 2 2 2 2 2
left_child=2 -2 -1 4 -3 -6 -7 8 9 -5 -11 12 -9 -10
right_child=1 3 -4 7 5 6 -8 11 13 10 -12 -13 -14 -15
leaf_value=0.025093193055462523 -0.028935104547091729 -0.039320347577017994 -0.0093366736384885123 0.029898488679702375 -0.063359129461677544 -0.035050055773839482 0.028562409713627959 0.022379708266824446 0.0068961065743526704 -0.024524266555811334 0.024330532313733718 0.0065024945827914481 -0.028486912905354468 -0.04443342663677096
leaf_weight=8.8340370208024961 5.4241600185632697 7.7340562492609051 5.2405287697911254 22.824877165257931 3.1406108960509362 4.6308709755539885 12.797963276505468 8.8110746592283196 6.381391726434229 10.868368253111841 13.192246347665785 37.450039021670818 25.943475827574733 5.0127597153186798
leaf_count=41 28 43 27 114 21 27 64 44 35 56 64 189 157 32
internal_value=-0.000136136 -0.00119977 0.0122736 -0.000252335 -0.0105946 0.000206229 0.0116605 0.00199101 0.00957689 0.0157163 0.00226244 -0.00413189 -0.0155911 -0.0156859
internal_weight=178.286 164.212 14.0746 158.788 28.3035 20.5694 17.4288 130.484 58.2796 46.8855 24.0606 72.2046 34.7546 11.3942
internal_count=942 874 68 846 155 112 91 691 301 234 120 390 201 67
is_linear=0
shrinkage=0.05


Tree=49
num_leaves=15
num_cat=0
split_feature=8 8 8 2 12 9 7 9 6 6 8 4 6 3
split_gain=0.961882 2.57998 1.69082 2.29137 1.87122 1.95492 3.46946 3.13908 2.55502 5.36693 5.09213 3.55927 2.68626 3.26264
threshold=0.020608966037404964 0.051029770804143178 0.080341621680670425 0.0050782408493548524 1.0000000180025095e-35 0.022826641582434016 0.0050900892390830883 0.019900943960490108 -0.0082067233023529439 -0.011379943280861161 0.38337800013107065 0.44008221624557203 0.0021133240720821009 0.82476298349245314
decision_type=2 2 2 2 2 2 2 2 2 2 2 2 2 2
left_child=-1 -2 3 -3 -4 7 -7 8 9 10 -6 12 -10 -14
right_child=1 2 4 -5 5 6 -8 -9 11 -11 -12 -13 13 -15
leaf_value=-0.024704744495088821 0.029139571727893152 -0.047789934307375291 -0.0052968842320460594 0.0038888107584918439 -0.05015035368191622 0.052954976255972036 0.0055826546505071788 -0.034101228299675115 -0.037207967605746343 -0.065078798856854067 0.019833624083979508 0.037733820793117101 0.05452900253121893 0.0019541279310380764
leaf_weight=3.8968484848737708 7.4802013784646979 4.3811678439378721 76.805672012269497 4.2022345215082169 3.4185831025242832 5.5548054575920132 12.705529175698755 5.6629049628972998 3.6000783741474178 3.6241776049137107 10.844510570168493 10.042713358998297 3.4006058648228672 22.313688389956951
leaf_count=20 36 23 424 21 21 24 64 31 23 21 52 47 17 118
internal_value=-0.000136978 0.000413118 -0.000877012 -0.0224892 0.000297277 0.00559081 0.0199933 0.00141013 0.0049231 -0.0107459 0.00305984 0.0120444 0.00324359 0.00890693
internal_weight=177.934 174.037 166.557 8.5834 157.973 81.1676 18.2603 62.9073 57.2444 17.8873 14.2631 39.3571 29.3144 25.7143
internal_count=942 922 886 44 842 418 88 330 299 94 73 205 158 135
is_linear=0
shrinkage=0.05


Tree=50
num_leaves=15
num_cat=0
split_feature=0 5 5 4 5 8 0 5 6 4 6 4 0 8
split_gain=0.935386 1.60184 1.31827 2.71878 1.9343 2.94033 4.61494 1.88803 5.67726 4.65348 4.0238 3.18088 3.1252 4.21325
threshold=0.023729635825068821 0.051678032566457734 0.033982757295958892 0.79681231915916928 0.021978504439509116 0.18042188086889269 0.011271532120744821 0.010563985662964718 -0.016652054704236734 0.93416264007402094 -0.011686894927967513 0.86639679621496357 0.0069356137875772978 0.24477585266331228
decision_type=2 2 2 2 2 2 2 2 2 2 2 2 2 2
left_child=1 2 4 -4 7 -6 -7 9 -9 11 -10 -1 13 -12
right_child=-2 -3 3 -5 5 6 -8 8 10 -11 12 -13 -14 -15
leaf_value=0.0017825743956923852 -0.022888433236249096 0.031355157371152735 -0.051502279715696778 0.0078310954142050641 -0.01639051198819971 0.067934806107664489 -0.001258479090479263 0.022131364682283067 -0.056677087939316195 0.053996586733203039 -0.019094305071928337 -0.041580816255386364 -0.036860025356336534 0.048100678232088641
leaf_weight=106.24502609670162 4.4050620123744002 4.0918533205986014 3.6906282007694236 4.0487589538097382 4.1979823261499396 4.8768636733293516 4.763602077960968 9.0293215066194517 6.8788248151540747 4.1483895182609549 6.0370204448700004 4.4043481796979895 6.9862046912312499 3.8020144179463387
leaf_count=555 27 19 23 20 21 24 25 44 44 19 33 23 44 21
internal_value=-0.000135583 0.000443096 -0.000304869 -0.0204628 0.000661918 0.0185358 0.0337446 -0.00101466 -0.0116073 0.00200572 -0.024459 5.65143e-05 -0.0112869 0.00687128
internal_weight=177.606 173.201 169.109 7.73939 161.37 13.8384 9.64047 147.531 32.7334 114.798 23.7041 110.649 16.8252 9.83903
internal_count=942 915 896 43 853 70 49 783 186 597 142 578 98 54
is_linear=0
shrinkage=0.05


Tree=51
num_leaves=15
num_cat=0
split_feature=8 8 9 1 8 6 5 8 1 8 0 2 5 3
split_gain=0.890276 2.33396 1.69331 2.8442 3.85708 5.35571 4.35449 3.01917 4.27937 2.70387 2.45339 3.48411 4.39909 4.37933
threshold=0.020608966037404964 0.051029770804143178 0.010373089800828844 -0.011177641787040013 0.096931611917437002 0.003778514674335683 -0.00032448306180225594 0.29520965689354256 0.0091810518814886468 0.20910691924951755 -0.013247129260533194 0.0061299112266875238 0.01336043703899459 1.652512425927753
decision_type=2 2 2 2 2 2 2 2 2 2 2 2 2 2
left_child=-1 -2 3 -3 -5 6 -6 8 -8 10 -4 -12 13 -13
right_child=1 2 9 4 5 -7 7 -9 -10 -11 11 12 -14 -15
leaf_value=-0.023876719710739399 0.027659328796715999 -0.044371270040756521 -0.013042942268522321 -0.043712920952307943 -0.047269873794079452 0.033399839181911972 0.0064436413082906143 0.030999229691108878 -0.040409803433916557 -0.003325660747577969 0.0025668648388525025 0.020322651588896401 0.0074643827114021233 0.090284636772836824
leaf_weight=3.8626927137374869 7.5088129043579093 4.9133957400917998 7.5510730147361746 5.5571044087409964 6.0503007769584611 9.6464808061718923 14.735020108520994 5.9841215834021559 7.2818415611982337 70.072743825614452 17.178679279983044 4.1073027774691599 7.9846317619085303 4.9115378856658936
leaf_count=20 36 32 41 30 32 46 78 29 42 383 89 21 40 23
internal_value=-0.000135369 0.000393245 -0.000840295 -0.00809596 -0.00447734 0.000512303 -0.0088045 -0.000493106 -0.00905263 0.00267496 0.0127504 0.0184483 0.0344934 0.058423
internal_weight=177.346 173.483 165.974 54.1683 49.2549 43.6978 34.0513 28.001 22.0169 111.806 41.7332 34.1822 17.0035 9.01884
internal_count=942 922 886 289 257 227 181 149 120 597 214 173 84 44
is_linear=0
shrinkage=0.05


Tree=52
num_leaves=15
num_cat=0
split_feature=3 3 9 3 1 9 7 6 6 4 6 9 4 6
split_gain=0.965881 3.21881 2.6409 2.3315 2.63181 1.96257 1.78909 1.5299 3.25405 1.54992 3.57292 3.52012 1.87968 2.29626
threshold=0.62442019586560471 0.53691097635372542 0.0066300189727071064 0.99068522209330634 -0.011177641787040013 0.010637130541554072 0.0018161974049163609 -0.039922865141727125 -0.029745408312331648 0.89631824181000164 -0.020642968262326752 0.014307340440469539 0.85157102009409791 -0.0076606885903611546
decision_type=2 2 2 2 2 2 2 2 2 2 2 2 2 2
left_child=1 2 -1 4 -2 6 -6 -5 -9 10 -10 -11 13 -12
right_child=3 -3 -4 7 5 -7 -8 8 9 11 12 -13 -14 -15
leaf_value=0.016963288352324263 -0.059441671742735826 0.039758401858348176 -0.033738546903301303 0.035368920576220181 0.0032539312978659648 0.019748388868559171 -0.033820785786843797 -0.036384200570879342 0.034228785818790915 0.011715900651660239 -0.014471136619588024 -0.035589559733246096 0.030684346424543436 0.0037893813558837358
leaf_weight=5.7461918368935603 3.0945076197385815 6.2292439788579932 4.643929697573185 3.1669387370347968 5.448968484997752 4.3423225209116927 8.0779077634215337 5.8141010701656333 8.9339475780725461 7.5696458071470252 22.044003739953041 8.1845956444740278 5.1766758561134329 78.608309499919415
leaf_count=28 25 28 28 16 27 26 46 32 41 37 129 44 27 408
internal_value=-0.000134485 0.0113398 -0.00569821 -0.0013229 -0.0168701 -0.00949773 -0.0188862 0.00101353 0.000215459 0.00184585 0.00386463 -0.0128601 0.00130133 -0.00020988
internal_weight=177.081 16.6194 10.3901 160.462 20.9637 17.8692 13.5269 139.498 136.331 130.517 114.763 15.7542 105.829 100.652
internal_count=942 84 56 858 124 99 73 734 718 686 605 81 564 537
is_linear=0
shrinkage=0.05


Tree=53
num_leaves=15
num_cat=0
split_feature=7 8 1 1 0 7 5 9 9 5 4 3 3 11
split_gain=0.928175 1.36761 2.59427 2.33131 4.51858 4.30471 2.02865 3.67044 4.09027 4.1404 3.18485 3.17092 3.97301 3.90555
threshold=0.010407510495909381 0.41393631482514953 -0.03272060033006842 -0.035627965566951053 0.0049688624249905567 0.0045827110805785219 0.0043504576075751407 0.023910543753597708 0.02180935483184256 -0.00032448306180225594 0.52011191818226143 2.6199748152001052 1.884939968773012 0.0066102682808133672
decision_type=2 2 2 2 2 2 2 2 2 2 2 2 2 2
left_child=1 2 -1 -3 5 -5 7 8 9 10 11 12 13 -4
right_child=-2 3 6 4 -6 -7 -8 -9 -10 -11 -12 -13 -14 -15
leaf_value=-0.036087998537295461 -0.025159744846492828 0.040081260718953141 0.016870748028479886 0.0016184339966603932 0.019280922322304918 -0.063671749746594605 -0.0070856781134977734 0.037101704538018816 -0.047762634822387101 0.035549230649535739 -0.028228409257472539 0.041401463266977204 -0.033203774854850834 -0.029368062962234057
leaf_weight=5.3106526583433142 3.6286640763282767 5.2254862263798705 23.425840444862846 7.1884540319442767 17.983281016349792 3.8911402374505997 61.883445113897324 8.0410292446613294 3.989861160516738 9.1132510602474195 8.8925091698765737 5.1650038361549369 7.3868539705872527 5.6726130321621886
leaf_count=35 21 24 121 37 85 25 350 35 22 44 44 24 38 37
internal_value=-0.000132774 0.000391651 -0.00181619 0.00933426 0.00380597 -0.0213114 -0.000453572 0.00527156 0.00125014 0.00452817 -0.00106516 0.0047343 -0.000456448 0.0078567
internal_weight=176.798 173.169 138.881 34.2884 29.0629 11.0796 133.57 71.687 63.6459 59.6561 50.5428 41.6503 36.4853 29.0985
internal_count=942 921 750 171 147 62 715 365 330 308 264 220 196 158
is_linear=0
shrinkage=0.05


Tree=54
num_leaves=15
num_cat=0
split_feature=0 5 5 4 5 5 6 6 8 8 2 0 2 7
split_gain=0.885396 1.45861 1.21191 2.54001 1.83325 3.53363 3.17036 5.54609 3.01734 3.99984 3.36088 2.80473 2.67436 2.61361
threshold=0.023729635825068821 0.051678032566457734 0.033982757295958892 0.79681231915916928 0.017919096095590146 0.012738389537466392 -0.006217851597876258 -0.0041557389889310343 0.27100048741690536 0.20910691924951755 0.0048551708374870196 0.0062520028551532715 0.004770794292923544 0.0022250973598095828
decision_type=2 2 2 2 2 2 2 2 2 2 2 2 2 2
left_child=1 2 4 -4 5 6 8 -8 9 10 -1 -7 -6 -9
right_child=-2 -3 3 -5 12 11 7 13 -10 -11 -12 -13 -14 -15
leaf_value=-0.0035623616151304613 -0.022405583379262774 0.029892775172377279 -0.050496472147280182 0.0073073324104661677 -0.019208472179991491 0.0069660283451285282 -0.053059389431187355 0.01562213307960615 0.055642456590744606 -0.03791129179136634 0.0437637410994587 -0.038236286542945058 0.022014293041967357 -0.0043786767808352148
leaf_weight=7.3273219466209465 4.3516729846596709 4.1009895950555793 3.5733308419585219 4.0595443099737167 4.9698115885257748 5.0372641012072554 5.1607595011591902 21.18211841583252 4.3279836624860755 3.6159136071801177 7.6868427246809006 10.766562618315218 18.885971076786518 71.360213428735733
leaf_count=34 27 19 23 20 29 28 34 103 21 22 36 68 95 383
internal_value=-0.000132166 0.000431182 -0.000288193 -0.0197535 0.000638552 -0.00159694 0.0013149 -0.00261384 0.0180345 0.00929779 0.0206673 -0.0238286 0.0134265 0.000199331
internal_weight=176.406 172.055 167.954 7.63288 160.321 136.465 120.661 97.7031 22.9581 18.6301 15.0142 15.8038 23.8558 92.5423
internal_count=942 915 896 43 853 729 633 520 113 92 70 96 124 486
is_linear=0
shrinkage=0.05


Tree=55
num_leaves=15
num_cat=0
split_feature=2 7 3 3 3 5 5 0 0 3 0 8 1 3
split_gain=0.83422 4.6805 2.95359 2.58659 3.91981 1.88696 1.70853 2.97433 3.86566 4.00295 3.77811 3.08551 2.0738 2.75456
threshold=0.01207054162838467 0.008832471372877038 5.3426617853143368 3.8300967268227848 3.4819998575704774 0.0051549880424519058 -0.017700033983336871 -0.015145532721541809 -0.011847342727724811 1.352523025556666 -0.01690099895377133 0.22987831136415585 -0.016474017307315309 2.9762883525109474
decision_type=2 2 2 2 2 2 2 2 2 2 2 2 2 2
left_child=2 -2 3 4 6 -3 7 10 -9 -10 -1 -11 -8 -14
right_child=1 5 -4 -5 -6 -7 12 8 9 11 -12 -13 13 -15
leaf_value=-0.014109380714239957 -0.047792956737534954 0.036164400570828557 0.04061060814936894 -0.02591827274974037 0.049180275129503084 -0.01372729695338919 0.029485391189102806 -0.064533655320286015 -0.044835857401802626 0.043495938189304216 0.049704044628932499 -0.014802909560480455 0.0031558205826482735 -0.027597588787895297
leaf_weight=5.7608292251825333 5.4249697774648649 4.0775452107191086 4.5388663113117209 9.2741531580686551 4.1547792404890052 3.5409141406416893 6.762909270823001 4.2486505508422878 5.3613507077097884 3.8754665777087194 3.8828086107969302 5.4772088304162025 101.8288958221674 7.8419735729694358
leaf_count=32 34 21 20 52 19 20 33 26 37 20 19 31 535 43
internal_value=-0.000131517 -0.012299 0.000842087 -0.000296963 0.00129569 0.0129757 -7.59964e-05 -0.0110243 -0.0225218 -0.0103909 0.0115838 0.00935437 0.00261386 0.00095681
internal_weight=176.051 13.0434 163.008 158.469 149.195 7.61846 145.04 28.6063 18.9627 14.714 9.64364 9.35268 116.434 109.671
internal_count=942 75 867 847 795 41 776 165 114 88 51 51 611 578
is_linear=0
shrinkage=0.05


Tree=56
num_leaves=15
num_cat=0
split_feature=8 8 9 1 8 6 5 8 1 8 8 8 1 8
split_gain=0.821514 2.00452 1.60398 2.5583 3.51888 4.64918 3.98546 2.61748 3.94951 2.4066 2.28239 4.54358 3.8564 2.53279
threshold=0.020608966037404964 0.051029770804143178 0.010373089800828844 -0.011177641787040013 0.096931611917437002 0.003778514674335683 -0.00032448306180225594 0.29520965689354256 0.0091810518814886468 0.20910691924951755 0.17908664140508454 0.16139232933364561 -0.010212883575397071 0.12859154341978282
decision_type=2 2 2 2 2 2 2 2 2 2 2 2 2 2
left_child=-1 -2 3 -3 -5 6 -6 8 -8 10 11 13 -12 -4
right_child=1 2 9 4 5 -7 7 -9 -10 -11 12 -13 -14 -15
leaf_value=-0.023112364952181073 0.025627035540083894 -0.043035074624644537 -0.0011604510950863724 -0.042461389931339182 -0.04585274322555101 0.030660677362314721 0.0060995601698029759 0.028519491640053997 -0.039333367809049245 -0.0030517932482431297 -0.0083405221890355125 -0.03379690976160047 0.053956960431531711 0.03085304255120376
leaf_weight=3.804577261209487 7.5166340321302405 4.7186810895800582 12.484423309564596 5.4229352921247473 5.9033911749720529 9.7512682154774648 14.691836036741742 6.0345511734485617 7.0927622169256201 69.243709154427052 3.8483693152666092 6.0078524947166434 7.0077675059437734 12.231610424816607
leaf_count=20 36 32 65 30 32 46 78 29 42 383 20 32 34 63
internal_value=-0.000131197 0.000377268 -0.000776917 -0.00787659 -0.00448369 0.000253662 -0.00853888 -0.000620657 -0.00869277 0.00265783 0.0121661 0.00520273 0.0318733 0.0146826
internal_weight=175.76 171.956 164.439 53.6154 48.8967 43.4738 33.7225 27.8191 21.7846 110.824 41.58 30.7239 10.8561 24.716
internal_count=942 922 886 289 257 227 181 149 120 597 214 160 54 128
is_linear=0
shrinkage=0.05


Tree=57
num_leaves=15
num_cat=0
split_feature=3 3 8 3 1 6 5 5 5 11 3 0 3 7
split_gain=0.89421 2.78497 2.49917 2.04001 1.94127 2.02806 2.62238 1.75704 3.48946 2.10017 1.8085 2.76027 2.54115 2.53017
threshold=0.62442019586560471 0.53691097635372542 0.14698199416726762 0.99068522209330634 -0.0096271980203059757 -0.003339101068888311 0.0013479755894886365 -0.059820015601142466 -0.048908496159377556 0.012135489114881225 3.8300967268227848 0.019036693393854606 3.4819998575704774 0.0078254459466778215
decision_type=2 2 2 2 2 2 2 2 2 2 2 2 2 2
left_child=1 2 -1 4 -2 -6 -7 -5 -9 10 12 -12 13 -10
right_child=3 -3 -4 7 5 6 -8 8 9 -11 11 -13 -14 -15
leaf_value=0.01631277002923049 -0.048183245434658677 0.037409940247321083 -0.033551264544969261 -0.037382363621854674 -0.028409917238826573 -0.017225409942537788 0.035773030720916525 0.050792998317119344 0.00066082954114726506 -0.034246134946185024 -0.029822741887098481 0.020073251662504888 0.040710114892189987 0.041594161356004987
leaf_weight=5.8724792823195475 3.8117131963372257 6.2034506052732459 4.3922494798898697 2.9333875030279151 7.3104751706123396 5.1742656975984538 4.2521418854594231 3.5297891050577155 105.80983041971922 4.2292318642139426 9.7572763711214048 3.871606081724166 4.4388362914323798 3.9148331955075255
leaf_count=30 30 28 26 16 45 28 21 18 560 24 54 19 21 22
internal_value=-0.00013037 0.0109606 -0.00502391 -0.00127886 -0.01598 -0.00864599 0.00668156 0.000902523 0.00173102 0.000419281 0.00156652 -0.0156486 0.00362167 0.00212128
internal_weight=175.502 16.4682 10.2647 159.033 20.5486 16.7369 9.42641 138.485 135.551 132.022 127.792 13.6289 114.163 109.725
internal_count=942 84 56 858 124 94 49 734 718 700 676 73 603 582
is_linear=0
shrinkage=0.05


Tree=58
num_leaves=15
num_cat=0
split_feature=9 8 7 7 11 3 3 4 3 8 8 2 3 0
split_gain=0.839731 2.13275 1.64948 5.93173 3.91112 2.46081 2.62377 2.25924 3.25127 2.15491 3.28036 2.68325 2.35205 2.37465
threshold=0.0053219803418178046 0.023430894618577908 0.001925160416440486 0.0020986470195523189 0.0035979349761166971 1.7397407307223751 1.0751286346462952 0.056918454021008778 1.9751931265654956 0.16139232933364561 0.38337800013107065 0.0054645287396644475 1.652512425927753 -0.011847342727724811
decision_type=2 2 2 2 2 2 2 2 2 2 2 2 2 2
left_child=-1 -2 5 -4 -5 6 -3 8 -6 -9 -11 -12 -13 -14
right_child=1 2 3 4 7 -7 -8 9 -10 10 11 12 13 -15
leaf_value=0.011662167807900692 -0.041779940428901194 -0.02380751509964181 0.056220019562780416 -0.039384448643998697 0.059094289816519832 -0.033517883141519308 0.033793270052731077 0.010153725776757459 -0.0039404096752042863 -0.012466107490587498 0.032803454937831371 -0.034150617777595295 -0.016727918781712894 0.01750566083894757
leaf_weight=13.903351232409475 3.1656291410326949 3.9552826359868076 4.7715405002236357 6.1725110709667197 3.9895927309989911 8.7333639338612539 3.9527701139450073 34.884342603385448 4.1983676552772522 52.414279986172915 7.9630081206560126 4.2952448353171375 7.5722531899809882 15.302971743047234
leaf_count=68 18 21 25 33 20 47 20 182 21 309 38 26 41 73
internal_value=-0.000128378 -0.00114422 -0.000331118 0.00141934 -0.000492195 -0.0152218 0.00498373 0.00134568 0.0267733 -0.000354862 -0.00454212 0.00727937 -0.000201125 0.00617352
internal_weight=175.275 161.371 158.206 141.564 136.793 16.6414 7.90805 130.62 8.18796 122.432 87.5478 35.1335 27.1705 22.8752
internal_count=942 874 856 768 743 88 41 710 41 669 487 178 140 114
is_linear=0
shrinkage=0.05


Tree=59
num_leaves=15
num_cat=0
split_feature=0 5 5 4 4 9 0 5 0 6 6 8 2 0
split_gain=0.873545 1.31592 3.187 2.9517 4.98699 3.00876 3.99554 3.21971 2.61156 2.54223 5.14642 2.87275 2.69442 4.14021
threshold=0.021990471724724566 0.017919096095590146 0.012738389537466392 0.76540173020411351 0.57978421900161037 0.021602186080558951 0.012640113751689181 0.02838414365819901 0.0062520028551532715 -0.006217851597876258 -0.0041557389889310343 0.27100048741690536 0.0061299112266875238 0.0074095007246620442
decision_type=2 2 2 2 2 2 2 2 2 2 2 2 2 2
left_child=1 2 9 4 -3 6 7 -5 -4 11 -11 12 13 -1
right_child=-2 3 8 5 -6 -7 -8 -9 -10 10 -12 -13 -14 -15
leaf_value=0.015273613958983143 -0.018831161225826197 0.031982218001410566 0.0066919207956606013 0.055221377190497203 -0.029717614895929074 0.056615499352721643 -0.023883704631208286 -0.003062851013787329 -0.037125552719659505 -0.052059387040428652 0.00024900658578807703 0.052674954125160656 0.031194801360184155 -0.048317874687458975
leaf_weight=6.967933572828775 6.0273974537849417 5.0617175400257102 5.0235097706317893 5.4897226095199603 9.2779396846890432 4.7356106638908377 5.3239174485206595 4.1688738912343979 10.525302931666372 4.955910012125968 91.855738297104836 4.3564854487776747 7.2326184362173072 4.0456557646393776
leaf_count=34 36 25 28 26 55 21 29 22 68 34 486 21 35 22
internal_value=-0.000126963 0.000540041 -0.00167619 0.00932246 -0.00793835 0.0218751 0.0108945 0.0300646 -0.022969 0.00109632 -0.00242873 0.0161948 0.00748474 -0.00808564
internal_weight=175.048 169.021 134.963 34.0578 14.3397 19.7181 14.9825 9.6586 15.5488 119.414 96.8116 22.6027 18.2462 11.0136
internal_count=942 906 728 178 80 98 77 48 96 632 520 112 91 56
is_linear=0
shrinkage=0.05


Tree=60
num_leaves=15
num_cat=0
split_feature=1 1 4 0 1 8 4 5 4 4 2 0 1 0
split_gain=0.825585 3.09645 2.01824 2.65098 1.88125 2.45886 2.08452 1.94789 3.71136 3.62945 3.78539 3.43955 3.62688 3.23858
threshold=0.02632962218582614 0.029081927996465289 0.87985388738841819 0.009027469119646081 0.019515463827597512 0.42940013127199594 0.81882898493949507 0.010800872808181606 0.93416264007402094 0.86926743122528938 0.0016108346041597544 0.0042002338185954261 0.013240060747641474 0.0068380380618032937
decision_type=2 2 2 2 2 2 2 2 2 2 2 2 2 2
left_child=4 -2 3 -3 7 6 -6 8 9 10 -1 -9 -13 -12
right_child=1 2 -4 -5 5 -7 -8 11 -10 -11 13 12 -14 -15
leaf_value=0.066083681626041627 -0.049409638209881812 0.012700345754103701 0.021688411720931347 -0.044068539706091356 0.024165832657195255 0.050278631428057212 -0.026282399850599221 0.017040523175188223 0.048776056584377135 -0.047098518399734869 -0.0012541749733177448 -0.042953566609124763 -0.0032696560788725813 0.035833598343766516
leaf_weight=2.2859870940446845 3.9442984759807613 4.0926356166601163 6.3554298952221862 4.1335128769278526 5.0882986634969694 4.2916332930326453 3.4265711605548859 7.8054787740111378 4.1683914065361014 3.8314116075634947 95.751505337655544 10.564547292888166 12.654026813805102 6.2717127427458754
leaf_count=10 21 22 32 24 28 19 21 42 19 21 512 67 74 30
internal_value=-0.000126619 -0.0101063 0.000525265 -0.0158251 0.00105746 0.0194184 0.00386435 -0.000583052 0.00248047 0.00069596 0.00245151 -0.0116732 -0.021326 0.00102574
internal_weight=174.665 18.5259 14.5816 8.22615 156.14 12.8065 8.51487 143.333 112.309 108.141 104.309 31.0241 23.2186 102.023
internal_count=942 99 78 46 843 68 49 775 592 573 552 183 141 542
is_linear=0
shrinkage=0.05


Tree=61
num_leaves=15
num_cat=0
split_feature=0 2 2 6 6 9 8 6 9 3 5 0 3 7
split_gain=0.802189 1.23897 2.65711 1.85218 2.75978 2.39066 3.03433 2.86371 2.71986 3.39816 2.54442 2.3479 3.23437 2.41333
threshold=0.021413211465750735 0.01602202144166661 0.01207054162838467 -0.029745408312331648 -0.025310902749091743 0.022606582542806824 0.28196608541382734 0.02591734239310203 0.021723375697489711 3.4699945682973046 -0.025521624090620799 0.011271532120744821 2.1699596993896288 0.005523113332412225
decision_type=2 2 2 2 2 2 2 2 2 2 2 2 2 2
left_child=1 2 3 -1 -5 8 -7 -8 9 10 -6 13 -13 -12
right_child=-2 -3 -4 4 5 6 7 -9 -10 -11 11 12 -14 -15
leaf_value=-0.032306261766573023 -0.017295308558226891 0.028513757618202559 -0.031014118350363287 0.041705969221414993 -0.030482745719217309 -7.7384925032838688e-05 0.06602725892968192 0.010158291818392721 -0.041719509820302939 0.036032777644743545 -9.4443691902650398e-05 -0.049327479894382895 0.0094689378005431441 0.031133432331253735
leaf_weight=4.0200529098510733 6.547123283147811 3.8682600110769263 6.6744405254721633 4.2703743427991858 7.4477389454841605 11.958518385887148 4.5963676571845991 4.5782715231180191 4.096505567431449 6.114499866962432 94.044811502099037 5.4288830012083036 4.1095456779003143 6.6225713714957228
leaf_count=22 39 20 40 19 51 59 20 21 27 33 499 32 23 37
internal_value=-0.000125193 0.000544617 -0.00011524 0.00119594 0.00207466 0.000938804 0.0165175 0.0381479 -0.00163601 -0.000309319 -0.00219803 -0.000286542 -0.0239956 0.00195993
internal_weight=174.378 167.831 163.963 157.288 153.268 148.998 21.1332 9.17464 127.865 123.768 117.654 110.206 9.53843 100.667
internal_count=942 903 883 843 821 802 100 41 702 675 642 591 55 536
is_linear=0
shrinkage=0.05


Tree=62
num_leaves=15
num_cat=0
split_feature=0 5 5 4 5 5 6 6 8 5 5 0 0 4
split_gain=0.731175 1.22129 1.14438 2.22075 1.38854 2.86593 2.53238 4.87047 2.34184 3.19883 2.70129 4.59215 2.30889 2.34012
threshold=0.023729635825068821 0.051678032566457734 0.033982757295958892 0.79681231915916928 0.017919096095590146 0.012738389537466392 -0.006217851597876258 -0.0041557389889310343 0.27100048741690536 0.0025129374355894536 0.0064245133391479933 0.0074095007246620442 0.0062520028551532715 0.75693322766682047
decision_type=2 2 2 2 2 2 2 2 2 2 2 2 2 2
left_child=1 2 4 -4 5 6 8 -8 9 -1 -11 -12 -7 -14
right_child=-2 -3 3 -5 -6 12 7 -9 -10 10 11 -13 13 -15
leaf_value=0.048937399585282294 -0.020744575757582109 0.02729218401125922 -0.049222448627674824 0.0056607335352977448 0.011748222496197253 0.0058537859866524232 -0.051276284228974893 0.00028387261405297541 0.048962345475493135 -0.035004769978789978 0.044392007085421091 -0.022710452151177816 -0.0060776173283872553 -0.055064792146377398
leaf_weight=3.8508253991603913 4.1950862258672705 4.1152820736169806 3.399567298591136 4.0258473008871078 23.806128025054932 5.0474201142787924 4.8211815357208243 91.624009728431702 4.4066744819283477 4.4065069481730452 5.2553282678127271 4.9522416144609451 4.0568502247333509 6.1088953763246536
leaf_count=18 27 19 23 20 124 28 34 486 21 21 26 27 27 41
internal_value=-0.000123426 0.000385811 -0.000282181 -0.0194664 0.000617491 -0.00135218 0.00125369 -0.00229356 0.0162118 0.0083958 -0.00228696 0.011837 -0.02179 -0.0355155
internal_weight=174.072 169.877 165.761 7.42541 158.336 134.53 119.317 96.4452 22.8716 18.4649 14.6141 10.2076 15.2132 10.1657
internal_count=942 915 896 43 853 729 633 520 113 92 74 53 96 68
is_linear=0
shrinkage=0.05


Tree=63
num_leaves=15
num_cat=0
split_feature=2 7 3 3 3 5 5 0 0 3 8 1 3 3
split_gain=0.739733 4.13673 2.65701 2.24681 2.9203 1.61358 1.4855 2.71169 2.86981 3.57711 2.61632 1.88408 2.46846 3.35153
threshold=0.01207054162838467 0.008832471372877038 5.3426617853143368 3.8300967268227848 3.4819998575704774 0.0051549880424519058 -0.017700033983336871 -0.015948089939202544 -0.011847342727724811 1.352523025556666 0.22987831136415585 -0.016474017307315309 2.9762883525109474 2.4363320493237759
decision_type=2 2 2 2 2 2 2 2 2 2 2 2 2 2
left_child=2 -2 3 4 6 -3 7 -1 -9 -10 -11 -8 13 -13
right_child=1 5 -4 -5 -6 -7 11 8 9 10 -12 12 -14 -15
leaf_value=0.012606908537089609 -0.046140593437142274 0.032963312968906408 0.038495224302915687 -0.024546852563163919 0.042159866775011962 -0.013240744194595422 0.028039939585179471 -0.054250231694301633 -0.043405389488263592 0.039484161532392925 -0.014010932550633445 0.00010457659419647141 -0.026532186528261073 0.032036613239540934
leaf_weight=8.8369060456752795 5.1842470169067365 4.1197778582572937 4.5421673208475104 9.0025497227907163 4.2234855145215979 3.4906341731548309 6.790569230914115 4.8206313401460674 5.0972721427679053 3.9653530716896039 5.3956210762262344 91.645941659808159 7.628632277250289 9.0266792178153974
leaf_count=47 34 21 20 52 19 20 33 30 37 20 31 491 43 44
internal_value=-0.000122653 -0.011694 0.000797062 -0.000297532 0.0011832 0.0117711 -2.52872e-05 -0.0103284 -0.0208414 -0.00970229 0.00864984 0.00249167 0.000889777 0.00296772
internal_weight=173.77 12.7947 160.976 156.434 147.431 7.61041 143.208 28.1158 19.2789 14.4582 9.36097 115.092 108.301 100.673
internal_count=942 75 867 847 795 41 776 165 118 88 51 611 578 535
is_linear=0
shrinkage=0.05


Tree=64
num_leaves=15
num_cat=0
split_feature=6 6 6 4 1 4 5 9 3 3 1 9 5 11
split_gain=1.48189 2.3511 0.972457 5.12414 1.84397 2.08112 1.43585 3.50632 3.33935 2.91927 1.91217 2.04267 2.51499 2.03111
threshold=-0.039922865141727125 -0.029745408312331648 -0.020642968262326752 0.84701833204896004 0.024334098222701748 0.97762689866081309 -0.059820015601142466 0.029958905712936103 3.8300967268227848 3.3067980621608606 -0.03272060033006842 0.022826641582434016 -0.025521624090620799 0.0061913291202953481
decision_type=2 2 2 2 2 2 2 2 2 2 2 2 2 2
left_child=-1 -2 3 -3 5 6 -4 8 9 10 -8 12 13 -12
right_child=1 2 4 -5 -6 -7 7 -9 -10 -11 11 -13 -14 -15
leaf_value=0.033923318579728731 -0.031167303516507008 0.041639317113884217 -0.035841097195865673 -0.018930603671113308 -0.03049836673762505 0.033423574501875462 -0.037217739863362388 0.031185008584148174 -0.038827465918224988 0.040651006954986198 -0.0036028358787755493 0.023627292543831148 -0.00056779525854126767 -0.059552049572226477
leaf_weight=3.1384379267692557 6.1241190657019606 7.3809673041105253 2.8698022514581671 6.6267542466521263 5.0475755780935279 4.5768242478370658 3.6975537315011016 8.4053405970334989 5.9191506654024115 4.1875067055225363 3.1234925612807123 8.0348653048276883 100.93974733352663 3.3747555129230022
leaf_count=16 36 33 16 35 30 20 26 42 36 21 19 37 548 27
internal_value=-0.000121842 -0.000749225 0.000385377 0.012985 -0.000789851 0.000243409 -0.000837042 -0.00010743 -0.002142 -0.000381704 -0.00182355 -0.000690188 -0.0025088 -0.0326591
internal_weight=173.447 170.308 164.184 14.0077 150.177 145.129 140.552 137.682 129.277 123.358 119.17 115.473 107.438 6.49825
internal_count=942 926 890 68 822 792 772 756 714 678 657 631 594 46
is_linear=0
shrinkage=0.05


Tree=65
num_leaves=15
num_cat=0
split_feature=6 6 6 5 4 0 3 9 5 11 5 5 5 1
split_gain=1.32297 2.15374 0.906539 2.80846 3.97363 2.86668 2.69572 2.60265 3.57741 3.26096 2.49469 4.15969 2.36935 1.91924
threshold=-0.039922865141727125 -0.029745408312331648 -0.016189058362912321 0.010563985662964718 0.93416264007402094 0.0042002338185954261 0.77064628757805853 0.023205399584400332 0.016187307511185901 0.0063640195797886887 0.021818059389932549 0.027498005181896355 0.024986779633858588 0.012415961597117048
decision_type=2 2 2 2 2 2 2 2 2 2 2 2 2 2
left_child=-1 -2 7 4 13 6 -5 8 -3 12 -7 -12 -10 -4
right_child=1 2 3 5 -6 10 -8 -9 9 -11 11 -13 -14 -15
leaf_value=0.0318689834680062 -0.030046790540158005 -0.020609490817200683 -0.00061902829118473841 -0.019035871171376659 0.051655370805398296 -0.035058575401238669 0.040389891663899585 -0.021904610709589316 0.03681714523777558 0.055381918913663931 0.039918378617835315 -0.03831502092165831 -0.017797389726083145 0.036260977664122999
leaf_weight=3.1727916374802581 6.0371298715472212 4.6325693130493226 101.86443213745952 3.7010968104004887 3.96321977674961 15.375314742326738 3.9398828446865082 5.2797750011086455 3.7793465256690961 6.7370578199625015 3.4434828311204901 3.3540624380111694 4.1848065629601479 3.6542226895689955
leaf_count=16 36 25 546 20 18 103 21 28 19 31 18 22 21 18
internal_value=-0.00012057 -0.000717794 0.000362455 -0.00120062 0.00250425 -0.0148056 0.0116056 0.00920838 0.0177049 0.0297783 -0.0239071 0.00131625 0.00811965 0.000658165
internal_weight=173.119 169.946 163.909 139.296 109.482 29.8138 7.64098 24.6136 19.3338 14.7012 22.1729 6.79755 7.96415 105.519
internal_count=942 926 890 766 582 184 41 124 96 71 143 40 40 564
is_linear=0
shrinkage=0.05


Tree=66
num_leaves=15
num_cat=0
split_feature=6 6 0 9 0 0 7 9 11 6 4 6 4 4
split_gain=1.1824 1.97241 0.875343 2.45642 2.15609 4.50667 1.91927 4.36296 3.35852 3.0285 4.09614 2.67953 2.06361 4.99269
threshold=-0.039922865141727125 -0.029745408312331648 -0.032863993055056488 0.029958905712936103 -0.01690099895377133 -0.019170235122138325 0.0047793120940931187 0.0095774549476358387 0.0059715729980138891 0.012341711393194421 0.66184790588733955 0.020175359410282433 0.7520978684960562 0.32590468929250899
decision_type=2 2 2 2 2 2 2 2 2 2 2 2 2 2
left_child=-1 -2 -3 4 5 -4 8 -8 -6 10 -9 -11 13 -10
right_child=1 2 3 -5 6 -7 7 9 12 11 -12 -13 -14 -15
leaf_value=0.029971230521390481 -0.028959313806328442 -0.026189310921109928 0.011068201793766467 0.027408348497332088 -0.000299892763834934 -0.0676554847972025 -0.061795982924165875 0.045326547530453593 0.040717500133670245 -0.06259449933875863 -0.0081953394350389713 -0.0047943803969485227 0.04345997573678085 -0.021595257522973213
leaf_weight=3.2041676938533774 5.9528286233544341 3.0512307807803145 3.744601882994175 8.2555083185434324 96.60160756111145 3.5333777070045462 3.6703332103788879 5.2934220060706201 6.546905569732191 3.3331824690103513 11.010507173836229 5.032498799264431 7.2627074271440497 6.3154697939753532
leaf_count=16 36 16 19 42 513 23 27 28 37 23 62 30 36 34
internal_value=-0.000119366 -0.000687839 0.000340538 0.000844577 -0.000594906 -0.0271513 0.000737424 -0.0109344 0.00357122 -0.00336726 0.00918169 -0.027824 0.0221528 0.0101217
internal_weight=172.808 169.604 163.651 160.6 152.345 7.27798 145.067 28.3399 116.727 24.6696 16.3039 8.36568 20.1251 12.8624
internal_count=942 926 890 874 832 42 790 170 620 143 90 53 107 71
is_linear=0
shrinkage=0.05


Tree=67
num_leaves=15
num_cat=0
split_feature=7 8 8 1 5 7 7 3 6 1 1 6 4 4
split_gain=0.820051 1.25093 2.55714 1.98279 3.30428 2.48533 1.85742 1.70137 1.41343 5.04778 3.79616 3.96184 3.66643 2.618
threshold=0.0099290880623022597 0.38337800013107065 0.29645034582102431 -0.035627965566951053 -0.016501184946254421 0.0047132062794293939 0.0048708146466011964 3.7403145440963708 0.00093002991441662561 -0.003665157898679554 -0.0064969843469107015 0.0048838620826812005 0.54082531691648061 0.61212307305202918
decision_type=2 2 2 2 2 2 2 2 2 2 2 2 2 2
left_child=1 2 7 -3 5 -5 -4 8 12 10 11 -10 -1 -14
right_child=-2 3 6 4 -6 -7 -8 -9 9 -11 -12 -13 13 -15
leaf_value=-0.032601734458206015 -0.021966543659724398 0.035330763440452599 -0.011590799696467535 -0.0034571351307349611 0.013353094610792204 -0.059893084286479464 -0.063702173163414255 -0.026189515111695445 0.049348471401422525 0.042644461004337171 -0.037311506203331568 0.00058458108618897645 0.04253267870769812 -0.0020963576992772148
leaf_weight=9.6282446682453138 4.1911329925060263 5.8013856187462798 4.7320927754044524 5.6842771545052546 23.310276307165623 2.9701182618737221 2.6774642840027809 5.9811470806598654 4.6364202946424475 8.3282473534345609 5.8285858556628218 40.986493263393641 3.5496289953589431 44.25470020622015
leaf_count=58 24 27 28 31 113 23 22 38 23 38 31 218 18 250
internal_value=-0.000119852 0.000423968 -0.00189358 0.00843855 0.00355779 -0.0228255 -0.0304214 -0.000177759 0.00114958 0.00653132 0.000685828 0.0055402 -0.00445211 0.0012175
internal_weight=172.56 168.369 130.603 37.7661 31.9647 8.6544 7.40956 123.193 117.212 59.7797 51.4515 45.6229 57.4326 47.8043
internal_count=942 918 724 194 167 54 50 674 636 310 272 241 326 268
is_linear=0
shrinkage=0.05


Tree=68
num_leaves=15
num_cat=0
split_feature=4 4 4 3 3 7 5 6 8 4 6 1 6 6
split_gain=0.749538 3.17321 1.93633 1.5141 2.69455 2.69434 2.63725 3.09651 1.99489 1.69153 2.25073 4.01613 3.25039 2.82686
threshold=0.059154970977147045 0.04209003130837434 0.090733815194018644 0.62442019586560471 0.99068522209330634 0.0038097088893328493 -0.0032247293945838833 -0.0024648257340040849 0.14698199416726762 0.22207255490967889 0.01555284014077161 -0.022277692984876332 0.012163403586330569 0.0086633760507935035
decision_type=2 2 2 2 2 2 2 2 2 2 2 2 2 2
left_child=1 -1 -2 5 6 -4 -5 -8 -7 -6 12 -12 13 -11
right_child=2 -3 3 4 9 8 7 -9 -10 10 11 -13 -14 -15
leaf_value=-0.010996758425278065 -0.029240671221929096 0.042753607056845333 0.038343668417386158 -0.047949782222129499 -0.012525219928032972 0.01973551315923619 -0.027843876798774831 0.023213375540449235 -0.030869931674874774 0.00051161463582829797 0.0027403691934989615 0.056062725219758629 -0.040909990157377209 0.040257815405084524
leaf_weight=6.3065831959247571 5.8444973677396765 4.8632898405194283 6.8203893601894361 5.6381052955985096 19.152677550911903 4.0359983369708061 7.1415448859334001 5.0833484083414051 3.7633001729846001 78.667123690247536 10.236606389284132 5.3909335434436789 4.4877937585115424 4.7432954534888259
leaf_count=34 36 24 31 39 117 21 46 25 23 426 51 24 23 22
internal_value=-0.000119196 0.0124058 -0.000988126 7.6071e-05 -0.00151696 0.0153901 -0.0196603 -0.00661328 -0.00468251 0.00112487 0.00365019 0.0211346 0.000541608 0.00277186
internal_weight=172.175 11.1699 161.006 155.161 140.541 14.6197 17.863 12.2249 7.7993 122.678 103.526 15.6275 87.8982 83.4104
internal_count=942 58 884 848 773 75 110 71 44 663 546 75 471 448
is_linear=0
shrinkage=0.05


Tree=69
num_leaves=15
num_cat=0
split_feature=6 6 1 6 3 5 4 4 5 4 0 4 2 4
split_gain=1.08528 1.78246 0.900984 2.68222 3.14314 1.75404 3.54931 2.6473 2.57843 3.68978 3.55118 2.9946 2.9108 2.473
threshold=-0.039922865141727125 -0.029745408312331648 0.02632962218582614 -0.018452366330595056 2.3543623854438542 0.010563985662964718 0.93416264007402094 0.86639679621496357 0.021818059389932549 0.7703973630904507 0.0069356137875772978 0.60742817606979294 0.0037794190351013624 0.80808205704968172
decision_type=2 2 2 2 2 2 2 2 2 2 2 2 2 2
left_child=-1 -2 3 4 -3 6 7 13 10 -10 11 -7 -13 -5
right_child=1 2 -4 5 -6 8 -8 -9 9 -11 -12 12 -14 -15
leaf_value=0.028637823056664277 -0.027800679891788228 -0.0055572168705617757 -0.013573166999819376 0.00064011715132113059 0.04879608876114936 -0.040544874317786438 0.048921728104553225 -0.039211234621383664 -0.023170935484151983 0.040252245542272969 -0.040362046761596326 -0.021006964383451319 0.040016462379601131 0.039219120007259245
leaf_weight=3.219829522073268 5.8426823988556853 4.6886056214570981 10.907316833734511 97.017790693789721 6.1469445303082466 3.3308280855417314 3.9625017568469039 3.9935919344425193 4.2148480415344221 5.0298501700162888 10.983401931822298 3.246959485113619 4.9079737663269043 4.3397710770368567
leaf_count=16 36 23 58 523 29 20 18 22 25 26 78 20 26 22
internal_value=-0.000117454 -0.000666564 0.000307422 0.00130437 0.0252771 -0.000537521 0.00246596 0.000718655 -0.0108902 0.0113363 -0.020035 -0.000597002 0.0157194 0.00229193
internal_weight=171.833 168.613 162.77 151.863 10.8356 141.028 109.314 105.351 31.7139 9.2447 22.4692 11.4858 8.15493 101.358
internal_count=942 926 890 832 52 780 585 567 195 51 144 66 46 545
is_linear=0
shrinkage=0.05


Tree=70
num_leaves=15
num_cat=0
split_feature=7 1 1 1 3 3 3 1 9 0 5 2 11 1
split_gain=0.755947 1.22966 1.21877 2.18271 1.71997 1.82688 2.04104 1.79489 2.00296 2.25832 3.16168 2.39939 4.56003 2.2381
threshold=0.0099290880623022597 0.042087169194441741 0.02632962218582614 0.029081927996465289 5.1573289790306314 3.8300967268227848 3.4819998575704774 0.019515463827597512 0.026415789142522208 0.0074095007246620442 0.0087978810622461896 0.0064402618347844257 0.0048156918726407023 0.0040230219479632399
decision_type=2 2 2 2 2 2 2 2 2 2 2 2 2 2
left_child=1 2 4 -4 5 6 7 8 9 13 -11 12 -12 -1
right_child=-2 -3 3 -5 -6 -7 -8 -9 -10 10 11 -13 -14 -15
leaf_value=-0.0045305228593897464 -0.021223849044060987 0.02898632777136273 -0.047615828560377105 -0.0017610210341221758 0.031899028306523615 -0.023022777551041776 0.036433689042864821 0.02093453597655966 0.024730245154240809 0.023324870283197283 -0.053661571889701998 -0.064802127923988054 0.012435705401840094 0.012129824736141957
leaf_weight=72.232753559947014 4.139531932771205 3.6806375235319129 3.6754271239042273 8.8296876028180105 4.3744724914431563 8.0836349874734861 4.0430266186594954 9.8435767963528615 7.0066929012536994 3.4930511862039593 4.7944125756621343 3.6363689452409735 5.725603312253952 27.961413033306599
leaf_count=393 24 20 20 49 20 49 19 54 35 16 33 22 34 154
internal_value=-0.000116434 0.000405578 -0.000237032 -0.0152384 0.00100371 8.31914e-05 0.00142948 0.000378782 -0.0012419 -0.00278614 -0.0192779 -0.02979 -0.0176876 0.000118918
internal_weight=171.52 167.381 163.7 12.5051 151.195 146.821 138.737 134.694 124.85 117.844 17.6494 14.1564 10.52 100.194
internal_count=942 918 898 69 829 809 760 741 687 652 105 89 67 547
is_linear=0
shrinkage=0.05


Tree=71
num_leaves=15
num_cat=0
split_feature=6 6 9 8 11 9 8 3 3 4 9 6 9 8
split_gain=0.963964 1.65041 0.879307 3.53103 3.48641 2.77866 4.69379 3.76593 4.52229 3.58915 3.06508 3.02236 2.78898 2.71471
threshold=-0.039922865141727125 -0.029745408312331648 0.010373089800828844 0.051029770804143178 0.0068428371655250763 0.013975269249077162 0.061669123996409871 1.4449658666537111 1.15455252023255 0.89631824181000164 0.012598757387846252 -0.021340761327703805 0.014307340440469539 0.52317607828208146
decision_type=2 2 2 2 2 2 2 2 2 2 2 2 2 2
left_child=-1 -2 3 -3 -5 7 -7 8 -4 11 -9 -8 -13 -14
right_child=1 2 5 4 -6 6 9 10 -10 -11 -12 12 13 -15
leaf_value=0.026885006114234968 -0.026913410275494799 0.033099358111864083 0.008099604741648142 -0.0048046623245790532 -0.051322322262388559 -0.05785841429033789 0.03664174206308126 -0.021752051241049411 0.066819698473071357 -0.030946854707010352 0.023343251569152904 -0.047751007535372127 0.0076714152907737063 -0.025568662329375647
leaf_weight=3.2431323528289786 5.7703329026699057 5.5793854966759673 6.9042510688304919 47.244108304381371 4.4033631011843672 3.5755478329956523 6.6405213847756377 8.032048784196375 6.2443726435303688 7.9321251809597006 7.0978952497243872 2.7883955910801879 48.802543096244335 7.0268329605460158
leaf_count=16 36 26 42 253 32 21 31 47 30 45 35 18 272 38
internal_value=-0.000115209 -0.000636302 0.000298106 -0.00468851 -0.00877067 0.00301475 -0.00192091 0.0164133 0.0359862 0.000811788 -0.000596538 0.00467204 0.00105035 0.00348773
internal_weight=171.285 168.042 162.271 57.2269 51.6475 105.045 76.766 28.2786 13.1486 73.1904 15.1299 65.2583 58.6178 55.8294
internal_count=942 926 890 311 285 579 425 154 72 404 82 359 328 310
is_linear=0
shrinkage=0.05


Tree=72
num_leaves=15
num_cat=0
split_feature=0 5 5 4 5 1 6 4 5 6 0 5 5 8
split_gain=0.758715 1.00867 0.916353 2.01967 1.21651 1.33341 1.59776 1.64735 1.90725 2.73323 2.66862 3.18241 2.80733 2.83191
threshold=0.023729635825068821 0.051678032566457734 0.033982757295958892 0.79681231915916928 0.029572510877987439 0.02632962218582614 -0.01927731788188038 0.97762689866081309 0.010800872808181606 -0.011686894927967513 0.0068380380618032937 0.0079403224233731366 0.0043504576075751407 0.19898294610222597
decision_type=2 2 2 2 2 2 2 2 2 2 2 2 2 2
left_child=1 2 4 -4 5 6 -1 8 10 -10 11 12 -8 -14
right_child=-2 -3 3 -5 -6 -7 7 -9 9 -11 -12 -13 13 -15
leaf_value=0.022952007014606007 -0.02143090032127833 0.024882860618581654 -0.04748761696981902 0.0059444716650909057 0.027407796317601502 -0.024791665094184706 0.00021617884898236938 0.030809935915881437 -0.035048926211856991 -0.0014809685226852569 0.029151069943022273 0.042478103779083051 -0.053069216119802975 0.0032573322636326473
leaf_weight=7.68243783712387 4.0750653222203246 4.1052731424570075 3.1711881309747687 3.9984258711338043 4.1178593114018431 5.2918681427836409 86.73269447684288 4.084025338292121 9.4323095232248324 16.981926217675209 8.0847480967640859 4.0900377407670012 5.2123277559876424 3.9019834101200104
leaf_count=37 27 19 23 20 20 29 470 18 63 105 39 22 28 22
internal_value=-0.000115008 0.000405485 -0.000211822 -0.017689 0.000593417 -0.000135441 0.000757003 -0.000473951 -0.00142432 -0.0134678 0.00152064 -0.000714623 -0.00255777 -0.0289549
internal_weight=170.962 166.887 162.782 7.16961 155.612 151.494 146.202 138.52 134.436 26.4142 108.022 99.937 95.847 9.11431
internal_count=942 915 896 43 853 833 804 767 749 168 581 542 520 50
is_linear=0
shrinkage=0.05


Tree=73
num_leaves=15
num_cat=0
split_feature=0 1 3 3 3 0 6 7 11 11 3 5 0 6
split_gain=0.734322 1.34423 1.16416 2.83866 2.06357 2.80637 1.20482 2.64166 4.03118 2.78537 2.37787 1.36269 3.86406 2.87873
threshold=-0.031103653164747828 -0.047656261205895674 3.8300967268227848 3.4699945682973046 5.8609295376367472 0.012247377366847008 0.021731921874090541 0.007893372020458601 0.012135489114881225 0.0095904863012992569 1.7162682179941422 -0.013933707457801632 -0.0078664677227682986 0.017643287981742233
decision_type=2 2 2 2 2 2 2 2 2 2 2 2 2 2
left_child=-1 -2 3 6 5 -4 7 9 -9 11 -8 13 -13 -3
right_child=1 2 4 -5 -6 -7 10 8 -10 -11 -12 12 -14 -15
leaf_value=-0.022023120908994789 0.03043961902579792 -0.018201251815314231 -0.054374322040020073 0.039258528877134866 0.015815942591769307 0.0010230622547214862 -0.049759456345808799 0.066862212616930816 -0.0071950980084051807 -0.041989771486796751 7.1417239816370169e-05 0.04001876081470563 0.00064623136824386838 0.023185539283233511
leaf_weight=3.740422084927558 3.6375915929675093 20.274786960333575 4.7288153767585737 4.6856143772602072 3.9060591608285895 4.4258347377181053 3.5664396956562978 3.7072902247309676 3.6434137225151062 3.9522749632596961 7.2826554402709007 6.6888693720102159 91.148464269936113 5.2999467700719824
leaf_count=20 19 119 32 22 17 25 26 21 22 25 40 30 498 26
internal_value=-0.000113166 0.00037772 -0.000291881 0.000952767 -0.0146102 -0.0275923 -0.00028027 0.00101063 0.0301553 -0.00067143 -0.0163096 0.000651791 0.00333802 -0.00962451
internal_weight=170.688 166.948 163.31 150.25 13.0607 9.15465 145.564 134.715 7.3507 127.364 10.8491 123.412 97.8373 25.5747
internal_count=942 922 903 829 74 57 807 741 43 698 66 673 528 145
is_linear=0
shrinkage=0.05


Tree=74
num_leaves=15
num_cat=0
split_feature=0 2 2 6 0 5 0 0 0 6 11 4 1 3
split_gain=0.729355 0.960243 1.43226 2.19939 1.51585 1.33788 3.58343 3.18004 4.69165 2.89661 5.09224 2.79898 2.55676 2.44088
threshold=0.023729635825068821 0.01602202144166661 0.01207054162838467 0.023263050725588288 -0.019170235122138325 -0.013933707457801632 -0.0078664677227682986 -0.01690099895377133 -0.015948089939202544 0.013238412121649596 0.0067988395756451688 0.13993443251362833 -0.008901997537363331 1.0751286346462952
decision_type=2 2 2 2 2 2 2 2 2 2 2 2 2 2
left_child=1 2 4 -4 -1 7 -7 -6 -9 13 -11 -8 -13 -10
right_child=-2 -3 3 -5 5 6 11 8 9 10 -12 12 -14 -15
leaf_value=0.023156428231644675 -0.021083917905331425 0.024907863086765271 0.005508985456514977 -0.052410334188208653 -0.054833765017139727 0.034042821534149371 -0.034796589482232014 0.053116249640424364 0.0027421650066789256 0.019462302196467572 -0.039165977840638896 0.034045722090896534 -0.00019971511072695006 -0.044973217930481924
leaf_weight=7.2133188769221297 4.0473506897687903 3.9023986011743537 3.3203875645995131 3.2369228601455688 3.3761986643075934 8.2869591861963254 5.5115693584084502 3.2547215670347205 4.0219320319592979 12.869410783052446 5.2002782858908168 5.7922558039426795 92.333655044436455 8.0341959744691831
leaf_count=35 27 20 21 20 22 38 31 16 26 67 37 29 506 47
internal_value=-0.000112193 0.000398043 -0.000190729 -0.0230821 0.000772137 -0.000313845 0.0024042 -0.0085903 -0.00391311 -0.0100744 0.00258966 -0.000125656 0.00182175 -0.0290553
internal_weight=170.402 166.354 162.452 6.55731 155.894 148.681 111.924 36.7567 33.3805 30.1258 18.0697 103.637 98.1259 12.0561
internal_count=942 915 895 41 854 819 604 215 193 177 104 566 535 73
is_linear=0
shrinkage=0.05


Tree=75
num_leaves=15
num_cat=0
split_feature=7 8 8 1 5 7 7 3 1 1 1 8 6 1
split_gain=0.852966 1.09403 2.42619 1.80037 2.72831 2.27635 1.71914 1.36954 1.22577 2.84172 1.84198 3.62868 1.12433 4.57898
threshold=0.010407510495909381 0.38337800013107065 0.29645034582102431 -0.035627965566951053 -0.016501184946254421 0.0047132062794293939 0.0048708146466011964 3.7403145440963708 0.036375286466098458 0.027103486395396163 0.018403707951410709 0.52317607828208146 0.00093002991441662561 -0.003665157898679554
decision_type=2 2 2 2 2 2 2 2 2 2 2 2 2 2
left_child=1 2 7 -3 5 -5 -4 12 9 10 11 -6 -1 -14
right_child=-2 3 6 4 8 -7 -8 -9 -10 -11 -12 -13 13 -15
leaf_value=-0.0039518815472291613 -0.024485159391816846 0.033542141979679606 -0.012073986222107126 -0.0031159026495734873 0.030751699630364671 -0.058865998751627485 -0.063301735142781521 -0.02397780200221163 0.03680564490358109 -0.026898698125545198 0.042191352303152185 -0.032260853037866424 0.00029956086318393789 0.040462143814250867
leaf_weight=56.979034870862961 3.5153807550668708 5.7988444641232482 4.6874141916632643 5.6015507876873034 5.52494671195746 2.72013059258461 2.5172096192836761 5.7291647642850867 4.1071057617664328 4.7368554994463912 5.0205384790897361 3.8957225531339645 51.039239391684532 8.2430164441466314
leaf_count=328 21 27 28 31 26 23 22 38 19 24 23 22 272 38
internal_value=-0.000111796 0.000402497 -0.00177768 0.00793258 0.00323404 -0.0213391 -0.0299724 -0.000112531 0.012016 0.00670715 0.0177302 0.00469416 0.00106351 0.00588405
internal_weight=170.116 166.601 129.195 37.4057 31.6069 8.32168 7.20462 121.99 23.2852 19.1781 14.4412 9.42067 116.261 59.2823
internal_count=942 921 726 195 168 54 50 676 114 95 71 48 638 310
is_linear=0
shrinkage=0.05


Tree=76
num_leaves=15
num_cat=0
split_feature=4 4 4 3 3 3 4 4 6 7 2 11 6 6
split_gain=0.711039 2.76609 1.65206 1.33594 2.716 2.45474 1.50038 3.30375 1.66017 3.64412 3.17223 3.19865 2.7341 1.84647
threshold=0.059154970977147045 0.04209003130837434 0.090733815194018644 0.62442019586560471 0.67868082447506206 0.49589622065047473 0.22207255490967889 0.19269606872517078 0.01555284014077161 0.0032522282733479153 0.0072947195884736924 0.008212852641407458 0.012163403586330569 0.0086633760507935035
decision_type=2 2 2 2 2 2 2 2 2 2 2 2 2 2
left_child=1 -1 -2 5 -5 -4 7 -6 12 -10 -11 -12 13 -8
right_child=2 -3 3 4 6 -7 8 -9 9 10 11 -13 -14 -15
leaf_value=-0.010070892480887604 -0.027514286144912078 0.040271732809373732 -0.0063350935971043165 -0.049415673204184211 -0.0047998140990476723 0.034806905454443357 -0.00061301607555443237 -0.062180750995071199 0.059620202403157546 -0.033512143180728253 0.05552654205311354 -0.0066416087805749313 -0.039375683182477139 0.029166342755594255
leaf_weight=6.1835489869117719 5.6507446840405455 4.8834339752793312 7.1752815395593625 2.8951564095914355 18.068643495440487 7.3285548686981201 88.638168759644032 2.9128862023353568 3.7782129347324398 3.9402824193239203 3.712440147995947 4.6740083023905754 4.3575617969036093 5.5301437601447097
leaf_count=34 36 24 41 20 112 34 491 21 16 22 17 25 23 26
internal_value=-0.000110135 0.0121434 -0.000964841 1.56365e-05 -0.00149621 0.0144533 -0.000473184 -0.0127661 0.00177685 0.0166599 0.00349231 0.0208784 -0.000655914 0.00113581
internal_weight=169.729 11.067 158.662 153.011 138.508 14.5038 135.612 20.9815 114.631 16.1049 12.3267 8.38645 98.5259 94.1683
internal_count=942 58 884 848 773 75 753 133 620 80 64 42 540 517
is_linear=0
shrinkage=0.05


Tree=77
num_leaves=15
num_cat=0
split_feature=7 8 1 5 5 1 5 7 5 9 3 5 6 11
split_gain=0.775794 0.997723 2.25028 1.867 1.88796 1.57192 2.46456 2.15754 1.56419 2.52198 3.41151 1.80646 1.50511 1.99421
threshold=0.010407510495909381 0.38337800013107065 -0.03272060033006842 0.024986779633858588 0.029572510877987439 -0.035627965566951053 -0.016501184946254421 0.0047132062794293939 0.021652844444275173 0.023910543753597708 2.2779770922521534 -0.0242215464810451 -0.0076606885903611546 0.0058768640533185439
decision_type=2 2 2 2 2 2 2 2 2 2 2 2 2 2
left_child=1 2 -1 8 -5 -3 7 -7 9 11 -11 -4 13 -8
right_child=-2 5 3 4 -6 6 12 -9 -10 10 -12 -13 -14 -15
leaf_value=-0.038100908782044446 -0.023520302496462142 0.031460666051292267 -0.03027433567007741 -0.04668052080296603 -0.0030859945144476055 -0.0029681419203767693 -0.013434861525859487 -0.058247462674999965 0.031629584633913931 0.060903655316431188 0.00023482782823776283 -0.00054319149902883003 0.039091341787627687 0.019249667938448876
leaf_weight=4.1111719012260428 3.4660516157746306 5.8184828534722319 5.3989922553300849 4.2029756158590299 6.0706487372517586 5.5701094046235102 8.0113613680005127 2.5839536711573601 4.1068076193332663 3.8761536031961423 5.7611925974488258 95.15976282954216 4.0667232498526564 11.179038450121878
leaf_count=31 21 27 38 26 39 31 40 23 22 18 28 524 20 54
internal_value=-0.000108428 0.000380652 -0.00170482 -0.000503711 -0.0209207 0.00758929 0.00316745 -0.0204857 0.00133138 0.000202221 0.0246359 -0.00213945 0.0114604 0.00560495
internal_weight=169.383 165.917 128.688 124.577 10.2736 37.2297 31.4112 8.15406 114.303 110.196 9.63735 100.559 23.2571 19.1904
internal_count=942 921 726 695 65 195 168 54 630 608 46 562 114 94
is_linear=0
shrinkage=0.05


Tree=78
num_leaves=15
num_cat=0
split_feature=0 4 8 4 3 3 5 6 0 4 3 9 8 8
split_gain=0.718185 1.01511 3.15051 1.22813 1.19318 2.44514 2.40299 4.24377 2.25131 2.91111 2.04175 1.30857 1.33134 2.04569
threshold=-0.032863993055056488 0.059154970977147045 0.19898294610222597 0.090733815194018644 0.62442019586560471 0.99068522209330634 0.0060799800221737147 -0.003339101068888311 -0.00099346921945243742 0.7703973630904507 0.74287319273564401 0.0054535697070284299 0.096931611917437002 0.15308653473382919
decision_type=2 2 2 2 2 2 2 2 2 2 2 2 2 2
left_child=-1 2 -2 -3 8 6 10 -8 -5 -10 -6 -7 -13 -14
right_child=1 3 -4 4 5 11 7 -9 9 -11 -12 12 13 -15
leaf_value=-0.024576985152530324 -0.017467503875594037 -0.024442090804383945 0.039549988768293728 0.048559181766990339 -0.065812006885619889 0.033682482091604432 -0.026750484867081044 0.049910555858401109 -0.021892669263551708 0.029646630604840858 -0.018040955051337286 -0.015078268632115435 0.017369432728262732 -0.0009936271168063367
leaf_weight=2.9462639093399039 4.1527496278285962 5.2463488951325408 5.8155119940638542 3.5259219631552705 3.5146174877882022 3.0351438075304022 4.808586061000824 2.8904106989502898 5.7560927569866145 5.2285207733511925 6.1517486721277237 12.370978124439715 18.451766230165958 85.187707379460335
leaf_count=16 22 34 30 19 24 15 34 14 31 25 38 65 95 480
internal_value=-0.000106909 0.000327044 0.0157967 -0.000660388 0.000166314 -0.00128367 -0.0188109 0.00203013 0.0137974 0.00263931 -0.0354101 0.00127304 0.000425125 0.0022757
internal_weight=169.082 166.136 9.96826 156.168 150.921 136.411 17.3654 7.699 14.5105 10.9846 9.66637 119.046 116.01 103.639
internal_count=942 926 52 874 840 765 110 48 75 56 62 655 640 575
is_linear=0
shrinkage=0.05


Tree=79
num_leaves=15
num_cat=0
split_feature=6 6 9 8 11 9 8 3 3 4 3 2 7 9
split_gain=0.845211 1.47536 0.79151 3.29302 3.33658 2.354 4.18861 3.31605 3.9325 3.31207 2.92473 2.64339 4.25622 3.3203
threshold=-0.039922865141727125 -0.029745408312331648 0.010373089800828844 0.051029770804143178 0.0068428371655250763 0.013975269249077162 0.061669123996409871 1.4449658666537111 1.15455252023255 0.89631824181000164 2.1990881094123855 0.0048751043739594787 0.0036639702690989405 0.015994136089943701
decision_type=2 2 2 2 2 2 2 2 2 2 2 2 2 2
left_child=-1 -2 3 -3 -5 7 -7 8 -4 11 -9 -8 -13 -14
right_child=1 2 5 4 -6 6 9 10 -10 -11 -12 12 13 -15
leaf_value=0.025218798462115256 -0.025813949902537062 0.032119667285742844 0.0073185360604559923 -0.0045857927579012869 -0.050764812178541077 -0.05603925331631842 -0.020106947159069525 -0.022237764706277089 0.06212402662653721 -0.030012923995844761 0.021939113309524035 0.034844825781420473 -0.041936728794484901 0.0058026500432741268
leaf_weight=3.2317750453948966 5.6051771715283385 5.5457792654633513 6.8267831504344958 46.758198972791433 4.2686707228422156 3.389675758779048 9.2872069701552373 7.7298711165785772 6.2878005057573318 7.762845665216445 7.2705559656023979 12.154873095452784 4.0199698358774176 38.758052933961153
leaf_count=16 36 26 42 253 32 21 55 44 30 45 38 61 27 216
internal_value=-0.00010546 -0.000599481 0.000283508 -0.004472 -0.00844891 0.00288316 -0.00172249 0.0152303 0.0335951 0.000835287 -0.000825677 0.00456418 0.00873519 0.00131645
internal_weight=168.897 165.665 160.06 56.5726 51.0269 103.488 75.3726 28.115 13.1146 71.9829 15.0004 64.2201 54.9329 42.778
internal_count=942 926 890 311 285 579 425 154 72 404 82 359 304 243
is_linear=0
shrinkage=0.05


Tree=80
num_leaves=15
num_cat=0
split_feature=6 6 6 8 8 1 6 5 0 3 8 2 0 11
split_gain=0.758233 1.34913 0.776685 1.17656 1.57016 1.10361 2.29611 1.42866 6.70111 3.40951 2.96798 2.19655 1.78266 3.68661
threshold=-0.039922865141727125 -0.029745408312331648 -0.025310902749091743 0.020608966037404964 0.045169473590682067 0.02632962218582614 -0.018452366330595056 0.0082136989433461548 0.0068380380618032937 3.0704300134429903 0.1389641913916653 0.0034826468124924486 0.0075329904742243914 0.0046728307315482102
decision_type=2 2 2 2 2 2 2 2 2 2 2 2 2 2
left_child=-1 -2 -3 -4 -5 6 -6 8 -8 10 -9 -12 13 -13
right_child=1 2 3 4 5 -7 7 9 -10 -11 11 12 -14 -15
leaf_value=0.023802325181751464 -0.02484653248855288 0.018393294948149379 -0.030289242323745764 0.026604168120997203 0.026617468919852224 -0.019724644684787337 -0.0012839432646010638 -0.038516640500603522 0.058087612818778417 -0.052672655411797747 -0.030572423495369139 0.065500423050590992 -0.0044796456730960789 0.0023082112678976365
leaf_weight=3.2523449435830107 5.5340937972068778 5.697521708905696 3.2248055636882773 5.4409792497754088 7.7888857424259177 7.2821840792894355 90.398679777979851 5.246924281120303 5.0163069516420355 4.1246912181377402 4.1391722261905697 3.5500324666500109 11.260322988033293 6.5970027521252632
leaf_count=16 36 28 18 27 37 42 499 33 22 28 27 19 72 38
internal_value=-0.000105607 -0.000576 0.000264692 -0.000405705 0.000233153 -0.000753642 0.000246563 -0.0013294 0.00183743 -0.00998287 -0.0042647 0.0027702 0.00921709 0.0244166
internal_weight=168.554 165.302 159.768 154.07 150.845 145.404 138.122 130.333 95.415 34.9181 30.7935 25.5465 21.4074 10.147
internal_count=942 926 890 862 844 817 775 738 521 217 189 156 129 57
is_linear=0
shrinkage=0.05


Tree=81
num_leaves=15
num_cat=0
split_feature=0 2 2 6 0 5 0 0 0 6 11 4 3 1
split_gain=0.7153 0.938077 1.28419 1.99635 1.33717 1.20457 3.12317 2.89758 3.96048 2.63319 4.39971 2.58458 2.29062 2.26302
threshold=0.023729635825068821 0.01602202144166661 0.01207054162838467 0.023263050725588288 -0.019170235122138325 -0.013933707457801632 -0.0078664677227682986 -0.01690099895377133 -0.015948089939202544 0.013238412121649596 0.0067988395756451688 0.13993443251362833 1.0751286346462952 -0.008901997537363331
decision_type=2 2 2 2 2 2 2 2 2 2 2 2 2 2
left_child=1 2 4 -4 -1 7 -7 -6 -9 12 -11 -8 -10 -13
right_child=-2 -3 3 -5 5 6 11 8 9 10 -12 13 -14 -15
leaf_value=0.021810208321936812 -0.021089190366525068 0.024700567335383831 0.0048442191832550998 -0.051106226499329714 -0.053759736668565455 0.03180544565113403 -0.033861358895426262 0.048357578608218876 0.0029794273234294288 0.017932361371379626 -0.037682967219953713 0.032125315654248303 -0.043699501809270506 -0.00015927910233541151
leaf_weight=7.169557809829711 3.9651405550539485 3.8783493787050238 3.3034746050834647 3.0814484655857086 3.1880332455039015 8.2851043716073018 5.3745867609977713 3.272795468568801 3.9645815230906027 12.845981374382974 4.9173744320869437 5.7705699056386939 7.7966019064188004 91.428213857114315
leaf_count=35 27 20 21 20 22 38 31 16 26 67 37 29 47 506
internal_value=-0.000104344 0.000402167 -0.000185356 -0.0221582 0.000725571 -0.000303873 0.00227623 -0.00825228 -0.00382877 -0.00961363 0.00253654 -0.000108918 -0.0279645 0.00175742
internal_weight=168.242 164.277 160.398 6.38492 154.013 146.844 110.858 35.9854 32.7973 29.5245 17.7634 102.573 11.7612 97.1988
internal_count=942 915 895 41 854 819 604 215 193 177 104 566 73 535
is_linear=0
shrinkage=0.05


Tree=82
num_leaves=15
num_cat=0
split_feature=7 8 1 8 1 0 7 3 7 0 8 9 9 3
split_gain=0.754433 1.00197 1.91904 1.85839 3.31284 2.66316 3.42986 1.70535 1.44057 1.26495 5.18906 2.6137 2.429 1.82118
threshold=0.010407510495909381 0.41393631482514953 -0.03272060033006842 0.52317607828208146 0.022196163491213994 -0.0098425054736939986 0.0043674995692115871 1.9151765335132369 0.0041912372226824797 0.015864559790811916 0.21699308504193313 0.023910543753597708 0.02180935483184256 3.2763432760686597
decision_type=2 2 2 2 2 2 2 2 2 2 2 2 2 2
left_child=1 2 -1 4 7 -5 -7 -3 -9 11 -11 12 13 -4
right_child=-2 3 9 5 -6 6 -8 8 -10 10 -12 -13 -14 -15
leaf_value=-0.032770207327995154 -0.023302366670593391 0.0024584046250335318 -0.00097519690062274024 -0.035031761897200316 -0.011089714510993987 -0.024543193390324299 0.033513581813598939 0.024404061166858587 0.066006543055299613 0.028638684108735601 -0.053476015617351026 0.027442187535047364 -0.034498091937242285 0.030167688851579874
leaf_weight=4.7466829381883135 3.4329753443598738 2.9186797514557865 100.60539379715919 4.8479212000966081 5.8110221326351157 4.305901095271107 6.217044897377491 3.8583175465464574 4.5167285650968552 3.2677178159356108 4.6783957332372665 8.6034243777394277 5.2089618369936934 4.924111731350421
leaf_count=35 21 18 563 27 27 24 32 19 24 18 33 39 33 29
internal_value=-0.000103844 0.000380259 -0.00155499 0.0082483 0.0195867 -0.00436907 0.00975724 0.0353707 0.0468406 -0.000390942 -0.0197076 0.000895214 -0.00116726 0.000477961
internal_weight=167.943 164.51 132.035 32.4756 17.1047 15.3709 10.5229 11.2937 8.37505 127.288 7.94611 119.342 110.738 105.53
internal_count=942 921 750 171 88 83 56 61 43 715 51 664 625 592
is_linear=0
shrinkage=0.05


Tree=83
num_leaves=15
num_cat=0
split_feature=6 6 6 9 5 11 5 6 7 6 1 6 1 6
split_gain=0.70734 1.19733 0.715107 2.29587 2.8966 2.71255 2.27107 2.62526 2.76678 2.55867 2.30115 2.13123 2.53986 1.94187
threshold=-0.039922865141727125 -0.029745408312331648 -0.016189058362912321 0.023205399584400332 0.016187307511185901 0.0063640195797886887 0.010563985662964718 -0.006217851597876258 0.0035290620202573487 -0.011686894927967513 0.009351605772530084 -0.0039918486222810376 0.00427967158877218 0.0007786119270117778
decision_type=2 2 2 2 2 2 2 2 2 2 2 2 2 2
left_child=-1 -2 3 4 -3 -6 7 8 10 -8 -4 -9 13 -13
right_child=1 2 6 -5 5 -7 9 11 -10 -11 -12 12 -14 -15
leaf_value=0.023021107472780557 -0.023651973009378938 -0.01914542627155115 0.025017474968581949 -0.021597004294028208 0.0068677241450006534 0.050095002900320589 -0.037095241417708306 -0.036912007323305088 0.050606571250475678 -0.0041290596653608064 -0.022609606687022249 -0.031819542175435166 0.036536354594011493 0.00044493316030027973
leaf_weight=3.2430881038308135 5.4277006387710562 4.4567519202828469 6.4345632046461088 5.113641344010829 7.8275484740734083 6.7661519199609756 8.2978251278400439 3.976147048175334 5.2534806728363028 20.250222317874432 4.1860968396067619 4.9648613706231108 4.6342331618070594 76.827591907233
leaf_count=16 36 25 28 28 40 31 59 29 25 125 24 28 23 425
internal_value=-0.000102907 -0.000559023 0.000229343 0.0081502 0.0161351 0.0269094 -0.00119028 0.00217305 0.0209266 -0.0137111 0.00624542 -0.00111994 0.000526707 -0.00151354
internal_weight=167.66 164.417 158.989 24.1641 19.0505 14.5937 134.825 106.277 15.8741 28.548 10.6207 90.4028 86.4267 81.7925
internal_count=942 926 890 124 96 71 766 582 77 184 52 505 476 453
is_linear=0
shrinkage=0.05


Tree=84
num_leaves=15
num_cat=0
split_feature=4 4 8 8 4 3 1 0 6 3 3 0 7 4
split_gain=0.660635 1.97502 2.35129 2.70705 1.82161 1.31145 2.05155 2.75749 2.45561 2.42608 3.5066 2.34036 1.90095 3.96686
threshold=0.96182159614566942 0.89218411714636547 0.20083005478362309 0.44963734644235637 0.87584861746101794 5.8609295376367472 0.02013146572367663 0.013394068721727314 -0.018954117311304901 2.8422211431841631 1.652512425927753 0.0092363700543054844 0.0030252882194671559 0.13251594340173481
decision_type=2 2 2 2 2 2 2 2 2 2 2 2 2 2
left_child=1 4 -3 -4 5 6 7 8 -1 10 -8 12 13 -10
right_child=-2 2 3 -5 -6 -7 9 -9 11 -11 -12 -13 -14 -15
leaf_value=0.042363500256524349 0.012671548588147128 0.010038259482818959 -0.063125512910930048 -0.0062870283964278116 0.0336149409743269 0.029290365086572491 -0.037449303106130948 0.04074568247314464 -0.033050419555401132 -0.048997317499242847 0.019640947498909409 -0.036546964245684065 -0.0057922789527421366 0.012575342459897561
leaf_weight=3.2909730747341959 9.5457136705517751 4.3587693050503722 4.2694392427802068 4.1128437668085098 4.1054521948099127 3.678371623158454 4.7913860902190191 4.2570825517177573 5.3632710427045955 4.5081818699836722 6.1318926066160202 4.5589388087391844 61.678423691540956 42.631698749959469
leaf_count=15 51 24 30 21 21 16 30 22 31 28 32 32 368 221
internal_value=-0.000101297 -0.000874269 -0.0197483 -0.0352372 0.000784226 -0.00017244 -0.000962278 0.00121408 -0.000217889 -0.0181374 -0.00540112 -0.00144464 1.45087e-05 0.00747682
internal_weight=167.282 157.737 12.7411 8.38228 144.996 140.89 137.212 121.78 117.523 15.4315 10.9233 114.232 109.673 47.995
internal_count=942 891 75 51 816 795 779 689 667 90 62 652 620 252
is_linear=0
shrinkage=0.05


Tree=85
num_leaves=15
num_cat=0
split_feature=4 4 4 2 2 2 2 11 2 8 7 7 7 3
split_gain=0.676168 2.46172 1.30248 1.16698 2.1605 3.09502 1.65638 3.06668 2.08491 1.97655 1.70203 3.37451 2.84952 5.40616
threshold=0.059154970977147045 0.04209003130837434 0.090733815194018644 0.0016108346041597544 0.0021410439335922305 0.0023859709884983486 0.0027361808703304838 0.0029277738206243873 0.0034979333360360943 0.19345153824753619 0.0020378582378774959 0.0025510181986046622 0.0030252882194671559 1.8917743994218525
decision_type=2 2 2 2 2 2 2 2 2 2 2 2 2 2
left_child=1 -1 -2 -4 -5 -6 -7 -8 9 -9 -10 -12 13 -13
right_child=2 -3 3 4 5 6 7 8 10 -11 11 12 -14 -15
leaf_value=-0.0093903404650575849 -0.02509632619458621 0.038406403593923999 0.034095858868808393 -0.027924770011280627 0.049965263933122922 -0.032761008466338164 0.035144057101339013 -0.0019863543550406675 0.042805365242874913 -0.047497077776184948 -0.028873703099218662 0.04963623701863204 -0.00082059125324490309 -0.013456736259299299
leaf_weight=6.0371352955698949 5.3885370679199687 4.8645914942026138 2.4573377370834342 6.9190853610634795 3.1165571063756934 3.8488851934671393 6.0998860746622077 5.0246448218822461 2.3491254597902289 4.5425460450351238 9.4181933179497701 8.1632826924324018 92.896231152117252 5.8128574788570395
leaf_count=34 36 24 11 38 15 23 31 29 11 30 52 40 536 32
internal_value=-0.000101224 0.0119376 -0.000942333 -7.83709e-05 -0.000645055 0.000691023 -0.00042052 0.000506275 -0.00114174 -0.0235951 0.000668914 -0.000182262 0.00234619 0.0233951
internal_weight=166.939 10.9017 156.037 150.649 148.191 141.272 138.156 134.307 128.207 9.56719 118.64 116.291 106.872 13.9761
internal_count=942 58 884 848 837 799 784 761 730 59 671 660 608 72
is_linear=0
shrinkage=0.05


Tree=86
num_leaves=15
num_cat=0
split_feature=6 6 9 8 7 4 7 2 1 1 6 4 9 3
split_gain=0.649953 1.05123 0.734814 2.85982 2.58538 3.35045 2.82689 3.73058 2.78434 3.76232 3.20781 2.73194 2.35637 3.98487
threshold=-0.039922865141727125 -0.029745408312331648 0.010637130541554072 0.051029770804143178 0.002859037456952433 0.81257955236144908 0.0041912372226824797 0.0046467662091818837 0.0091810518814886468 0.0070686354280242334 -0.0041557389889310343 0.13993443251362833 0.013975269249077162 1.4449658666537111
decision_type=2 2 2 2 2 2 2 2 2 2 2 2 2 2
left_child=-1 -2 3 -3 8 6 7 -6 9 10 -5 -12 13 -4
right_child=1 2 12 4 5 -7 -8 -9 -10 -11 11 -13 -14 -15
leaf_value=0.022090264403941216 -0.022440298841706202 0.030026373707961823 0.038239928126891587 -0.043967631819970494 -0.062928877452322465 0.010509219471936249 -0.065199026617017472 0.004472425959582936 -0.031704370482453503 0.051751079716926808 -0.031175558841385745 0.015975674271856973 -0.0016477736719475269 -0.0019047416288030608
leaf_weight=3.2358102127909651 5.3014023825526229 5.5205051749944678 11.208572149276735 3.596540383994582 3.1152704767882842 5.6328463926911345 5.0260180756449691 6.0203531980514526 5.5414741188287726 4.0353849679231635 3.7694619446992936 16.60366628319025 74.317957524210215 13.782856665551661
leaf_count=16 36 26 61 22 22 30 35 33 33 21 22 83 425 77
internal_value=-0.000100031 -0.000539271 0.000194784 -0.00423186 -0.0077774 -0.0221076 -0.0350811 -0.0185116 0.000678309 0.007086 -0.000433535 0.00725169 0.0028185 0.0161
internal_weight=166.708 163.472 158.171 58.8615 53.341 19.7945 14.1616 9.13562 33.5465 28.0051 23.9697 20.3731 99.3094 24.9914
internal_count=942 926 890 327 301 120 90 55 181 148 127 105 563 138
is_linear=0
shrinkage=0.05


Tree=87
num_leaves=15
num_cat=0
split_feature=2 2 7 8 2 3 7 8 0 8 8 8 6 8
split_gain=0.846174 1.52253 1.74189 1.39692 1.17222 3.13184 3.31453 2.25239 3.38426 1.94652 2.05774 1.98029 2.79028 2.69985
threshold=0.0016792973972177959 0.0021410439335922305 0.0014512851050868202 0.023430894618577908 0.0037794190351013624 2.6199748152001052 0.0026100905688631174 0.14282466360136623 -0.002716371887680051 0.16139232933364561 0.17908664140508454 0.21180737279931341 -0.013120878442875105 0.25142646781954148
decision_type=2 2 2 2 2 2 2 2 2 2 2 2 2 2
left_child=-1 -2 -3 -4 5 6 7 -5 -9 -6 -11 12 -12 -13
right_child=1 2 3 4 9 -7 -8 8 -10 10 11 13 -14 -15
leaf_value=0.024296663022451006 -0.024184132660996206 0.032936185019581524 -0.031673279389446231 -0.039165856597413819 0.011769186267616418 0.024593756715177738 -0.063017965030993037 -0.032130165883148182 0.025737871847121903 -0.027271861183650076 0.056850178287947507 -0.025244969475978093 0.0043752734829060986 0.0014854456466368757
leaf_weight=3.4795941412448874 6.5791926980018607 4.0009059160947791 3.5077597647905341 4.4391853511333528 37.20498875901103 5.1455770581960669 3.5396992079913607 4.1338210329413441 6.4981156885623887 7.3124471120536318 3.4491039812564841 11.355559427291153 9.5407106131315214 56.187826070934534
leaf_count=16 36 20 21 25 197 26 26 25 39 43 17 71 55 325
internal_value=-0.000100875 -0.00062203 0.000369679 -0.000485757 0.000249412 -0.00993218 -0.019478 -0.00925194 0.0032381 0.00218365 -0.00187608 0.000429867 0.0183086 -0.00300854
internal_weight=166.374 162.895 156.316 152.315 148.807 23.7564 18.6108 15.0711 10.6319 125.051 87.8456 80.5332 12.9898 67.5434
internal_count=942 926 890 870 849 141 115 89 64 708 511 468 72 396
is_linear=0
shrinkage=0.05


Tree=88
num_leaves=15
num_cat=0
split_feature=2 11 6 11 2 8 11 7 7 7 0 11 4 4
split_gain=0.760597 1.47734 2.99069 2.41921 1.43184 3.12023 2.98341 1.22801 3.83364 1.85601 3.86919 1.96186 1.48126 4.26628
threshold=0.0016792973972177959 0.0025613756332637256 -0.003339101068888311 0.0029277738206243873 0.0034979333360360943 0.19345153824753619 0.0034890345775812734 0.0025510181986046622 0.002173416519348664 0.0030252882194671559 0.0076181700789161024 0.0042836334671532876 0.76540173020411351 0.68949257359413341
decision_type=2 2 2 2 2 2 2 2 2 2 2 2 2 2
left_child=-1 2 -2 -3 5 6 -5 8 -6 10 11 -9 13 -11
right_child=1 3 -4 4 7 -7 -8 9 -10 12 -12 -13 -14 -15
leaf_value=0.022978623167119294 -0.048416578701949514 0.028311075328834354 0.0057653240051499357 0.037641638506542216 0.02540227537662252 -0.048710561551263687 -0.026805988473379252 0.0090851414452776096 -0.033294644750084562 -0.00027158478561590968 -0.023920846856867697 0.051640688688565708 0.008581498158189203 -0.042520641390470841
leaf_weight=3.4948170036077491 4.6839046627283096 7.5098147317767134 5.582074820995329 3.3806419074535352 4.1312423646450034 4.7720734626054764 3.8302706219255924 4.6702983528375608 8.5159846097230893 65.054651053622365 3.9364126771688452 6.446700744330883 33.527588061988354 6.5795700326561919
leaf_count=16 30 39 27 16 21 32 26 23 48 379 25 30 186 44
internal_value=-0.000100429 -0.000596411 -0.0189554 0.000640655 -0.000793976 -0.0173472 0.00340854 0.000698978 -0.0141212 0.00225813 0.0186788 0.0337629 -9.24143e-05 -0.00415214
internal_weight=166.116 162.621 10.266 152.355 144.845 11.983 7.21091 132.862 12.6472 120.215 15.0534 11.117 105.162 71.6342
internal_count=942 926 57 869 830 74 42 756 69 687 78 53 609 423
is_linear=0
shrinkage=0.05


Tree=89
num_leaves=15
num_cat=0
split_feature=0 6 8 8 8 8 8 5 8 1 5 5 5 7
split_gain=0.691413 0.977099 0.944797 2.46065 2.32591 1.69998 3.61048 3.9222 3.70258 1.60587 2.00485 1.58143 2.35393 2.94172
threshold=0.023729635825068821 -0.034154898257886694 0.52317607828208146 0.41393631482514953 0.56878318374565295 0.26185001258721224 0.27683560994713247 0.015604186543926145 0.29645034582102431 0.022196163491213994 -0.017700033983336871 0.017919096095590146 0.026134495686620549 0.0041165070663221268
decision_type=2 2 2 2 2 2 2 2 2 2 2 2 2 2
left_child=1 -1 3 5 -4 11 -7 8 -8 10 -5 -3 13 -13
right_child=-2 2 4 9 -6 6 7 -9 -10 -11 -12 12 -14 -15
leaf_value=0.027489762419833443 -0.020976765959195703 -0.00093671915205114438 -0.044999734304276069 0.0092926624454869357 0.00045542558184062789 -0.048946082339650823 0.036725390979446937 -0.037886914137960741 -0.014459032601972269 -0.0058235884293309156 0.05043640381607515 0.058950089897640306 -0.0085222714036983626 0.00053579204476329008
leaf_weight=3.2613546773791304 3.8734932579100123 88.924707435071468 3.9634249508380881 6.1980707794427881 9.7064176648855192 5.4547091871500042 7.0660471245646495 5.7374597862362853 7.0667836666107178 4.6108857095241538 5.6688742339611062 4.8796409443020803 5.5350402370095244 3.860334113240242
leaf_count=18 27 500 23 39 53 35 36 42 43 21 26 25 32 22
internal_value=-0.000100427 0.00039894 -0.000157885 0.00102674 -0.0127238 -0.00130544 -0.0129136 -0.00302211 0.0111318 0.0192175 0.0289471 0.00154317 0.0169914 0.0331492
internal_weight=165.807 161.934 158.672 145.003 13.6698 128.525 25.325 19.8703 14.1328 16.4778 11.8669 103.2 14.275 8.73998
internal_count=942 915 897 821 76 735 156 121 79 86 65 579 79 47
is_linear=0
shrinkage=0.05


Tree=90
num_leaves=15
num_cat=0
split_feature=4 7 7 8 8 5 8 5 7 11 2 5 5 4
split_gain=0.652562 2.91443 1.16111 1.07645 2.01206 3.20201 6.17945 2.57903 2.02155 2.23674 3.08442 2.50991 2.50203 3.36567
threshold=0.056918454021008778 0.0043898986999990558 0.0099290880623022597 0.38337800013107065 0.26185001258721224 0.015604186543926145 0.27683560994713247 -0.0009969820220709837 0.0047926592410490925 0.0059715729980138891 0.0066651223593142883 0.018321973681579149 0.010800872808181606 0.13251594340173481
decision_type=2 2 2 2 2 2 2 2 2 2 2 2 2 2
left_child=1 -1 3 4 8 6 -6 -8 9 10 11 12 13 -2
right_child=2 -3 -4 -5 5 -7 7 -9 -10 -11 -12 -13 -14 -15
leaf_value=-0.010900417849870857 -0.048018311083772004 0.042924361933474792 -0.029408485784296515 0.0074836046477675701 -0.054605263632423129 -0.05026364524543904 -0.0055571997460446779 0.045171167583883058 -0.014788810946992435 0.020405643425384326 -0.044062056280795014 0.035424163562083819 -0.02534138047660664 0.0074738759963621729
leaf_weight=5.8846962898969633 2.9204954206943503 4.3919427916407585 3.4930201843380919 34.698048964142799 4.3797582387924221 5.3124410137534133 5.7902281526476145 4.4166213124990445 17.832743603736162 16.215890102088451 3.8034652844071379 5.2405918166041365 8.7221219167113286 42.430387143045664
leaf_count=30 20 24 21 185 28 46 36 23 115 86 21 30 62 215
internal_value=-9.94307e-05 0.0121028 -0.000907114 -0.000251117 -0.00254369 -0.0170287 -0.00492447 0.0163935 0.000422755 0.00384206 -0.000413412 0.00238554 -0.000816459 0.0039003
internal_weight=165.532 10.2766 155.256 151.763 117.065 19.899 14.5866 10.2068 97.1657 79.333 63.1171 59.3136 54.073 45.3509
internal_count=942 54 888 867 682 133 87 59 549 434 348 327 297 235
is_linear=0
shrinkage=0.05


Tree=91
num_leaves=15
num_cat=0
split_feature=9 9 2 8 6 4 2 11 7 7 6 9 5 5
split_gain=0.624066 1.6942 1.04655 2.89847 3.2115 3.82582 2.36045 1.96282 2.85422 2.13552 1.95858 1.40287 1.35937 2.66367
threshold=0.0053219803418178046 0.0058336026237147138 0.0037794190351013624 0.14282466360136623 -0.010068993818202752 0.34551824580265283 0.002617405805233963 0.0040066578687137887 0.0026100905688631174 0.0028162455924895928 -0.006217851597876258 0.012129613684034254 -0.059820015601142466 -0.046468428258030402
decision_type=2 2 2 2 2 2 2 2 2 2 2 2 2 2
left_child=-1 -2 3 -3 -5 -6 -7 11 -9 -10 -8 -4 -11 -14
right_child=1 2 7 4 5 6 10 8 9 12 -12 -13 13 -15
leaf_value=0.010299410296336426 -0.02924528424719568 -0.036843563241358977 0.048421468875636975 -0.045665473449438915 -0.031305908590894882 0.057946275884191115 0.035769805082569599 -0.036676234075931943 0.03432886890040443 -0.034924297493433031 -0.01317562074161097 0.0063264812234091307 0.040651454373701885 -0.00032725942036428
leaf_weight=13.265568945556877 5.1328955814242354 6.9189876765012768 3.7069964408874503 3.0992311015725198 4.1615593135356894 3.6382910609245291 3.8184698373079353 5.0019341409206381 4.8655205667018881 2.6489716321229926 4.3979571238160062 4.2465225085616112 4.1362473964691153 96.089380526915193
leaf_count=68 28 43 18 24 27 18 20 28 24 16 23 22 24 559
internal_value=-0.000100679 -0.00100915 -2.13969e-05 -0.00911344 0.000923662 0.0099389 0.0244177 0.00193979 0.000246231 0.00196039 0.00957108 0.0259462 0.000429502 0.00136391
internal_weight=165.129 151.863 146.73 26.0345 19.1155 16.0163 11.8547 120.696 112.742 107.74 8.21643 7.95352 102.875 100.226
internal_count=942 874 846 155 112 88 61 691 651 623 43 40 599 583
is_linear=0
shrinkage=0.05


Tree=92
num_leaves=15
num_cat=0
split_feature=4 4 11 4 3 4 3 3 4 4 7 7 3 3
split_gain=0.59833 2.8525 1.59382 1.39867 1.15751 2.90279 2.51823 2.33316 1.17821 1.99671 1.473 2.57052 1.41964 2.1855
threshold=0.063043278686993692 0.047552186977238321 0.0058357557231045378 0.090733815194018644 0.62442019586560471 0.31510481419345376 0.49589622065047473 0.67868082447506206 0.22207255490967889 0.18277156265445504 0.0091711418625729148 0.007893372020458601 5.1573289790306314 3.8300967268227848
decision_type=2 2 2 2 2 2 2 2 2 2 2 2 2 2
left_child=1 2 -1 -2 5 -5 -7 -6 9 -9 11 12 13 -10
right_child=3 -3 -4 4 7 6 -8 8 10 -11 -12 -13 -14 -15
leaf_value=-0.031701944598586766 -0.027684932425604405 0.046989481531303889 0.013974880208196996 0.055159137909989421 -0.047769094534207884 -0.023466308373358915 0.024576688375221482 -0.003437270373007928 0.001480586147891913 -0.041650807837245521 -0.030527854056545733 0.040673983294687632 0.027965453486369168 -0.030568242241867778
leaf_weight=3.4417990893125516 4.7313528433442107 3.7073309719562531 4.2905312925577164 3.2316203489899626 2.670627921819686 5.3098810017108899 5.6085327789187431 15.872488759458067 93.680654592812061 4.3566582538187495 3.4893009066581717 4.2325566671788684 4.6367923244833937 5.6396771892905226
leaf_count=18 32 20 24 17 20 31 27 101 520 32 21 21 22 36
internal_value=-9.95935e-05 0.0109316 -0.00635669 -0.00092191 -7.05261e-05 0.0135328 0.00121225 -0.00150082 -0.000564067 -0.0116671 0.00144711 0.00247835 0.000923239 -0.000339233
internal_weight=164.9 11.4397 7.73233 153.46 148.729 14.15 10.9184 134.579 131.908 20.2291 111.679 108.19 103.957 99.3203
internal_count=942 62 42 880 848 75 58 773 753 133 620 599 578 556
is_linear=0
shrinkage=0.05


Tree=93
num_leaves=15
num_cat=0
split_feature=0 6 1 9 8 11 1 6 8 3 6 4 6 3
split_gain=0.617926 0.944881 1.54828 0.833842 2.85511 2.62781 2.40043 3.68289 3.00641 2.47058 2.19548 2.18904 2.79222 1.6984
threshold=0.023729635825068821 -0.028004846326343827 0.033434725799660746 0.010373089800828844 0.051029770804143178 0.0068428371655250763 0.0091810518814886468 -0.006594708581244473 0.10060088270049096 0.69372231515799077 0.0021133240720821009 0.24541157161009927 -0.003339101068888311 1.6256477037528199
decision_type=2 2 2 2 2 2 2 2 2 2 2 2 2 2
left_child=1 -1 3 4 -3 6 7 -6 -9 10 -10 -11 -13 -8
right_child=-2 2 -4 -5 5 -7 13 8 9 11 -12 12 -14 -15
leaf_value=0.018898448512232338 -0.020065557536368159 0.0297597643837345 -0.032554517227028422 0.0031620760198742765 0.038997934312889955 -0.048490352888110655 -0.0081982458672185034 -0.050502952433332318 -0.0035210941785357298 -0.041718713007765279 0.047262947589024912 -0.037511411576302042 0.013810080165771508 -0.048589870986991607
leaf_weight=6.599727824330329 3.78557189926505 5.4478173106908789 3.6596875153481951 96.087945949286222 5.4593868553638414 3.7720405124127856 5.932810962200163 3.3243575766682687 4.2222095951437968 4.3061311244964626 4.2911918759346008 3.687813602387906 9.4201738089323008 4.6363793537020683
leaf_count=37 27 26 21 548 27 31 35 21 22 30 20 25 45 27
internal_value=-9.81817e-05 0.000371753 -0.000420939 0.000359991 -0.00458029 -0.00839412 -0.00505395 0.00129856 -0.00573742 2.29841e-06 0.0220767 -0.0107894 -0.000628757 -0.0259168
internal_weight=164.633 160.848 154.248 150.588 54.5003 49.0525 45.2805 34.7113 29.2519 25.9275 8.5134 17.4141 13.108 10.5692
internal_count=942 915 878 857 309 283 252 190 163 142 42 100 70 62
is_linear=0
shrinkage=0.05


Tree=94
num_leaves=15
num_cat=0
split_feature=0 4 8 2 11 11 2 3 1 3 2 2 11 11
split_gain=0.650282 0.929939 2.87907 0.890659 1.99424 2.72513 2.71176 1.41113 5.05893 3.53657 2.1498 5.03471 3.11342 2.90159
threshold=-0.032863993055056488 0.056918454021008778 0.19898294610222597 0.0016108346041597544 0.0025613756332637256 0.0029277738206243873 0.0021410439335922305 1.8172390244854355 -0.014863881399139261 1.8917743994218525 0.0048751043739594787 0.0054829426791049886 0.0064399147419123689 0.0069888744936543179
decision_type=2 2 2 2 2 2 2 2 2 2 2 2 2 2
left_child=-1 2 -2 -3 6 -6 -5 8 -7 -9 -11 -12 -13 -14
right_child=1 3 -4 4 5 7 -8 9 -10 10 11 12 13 -15
leaf_value=-0.023692645969081765 -0.016081577153911199 0.029166773557237721 0.0403712391906762 -0.04771234251367773 0.030560108112627344 -0.039813115623611596 0.0031039672798864361 0.048977442573959966 -0.00060945716971409335 -0.017008753610900717 0.048250484109987578 -0.016525396767053901 0.042015062671201329 0.001669837402798839
leaf_weight=2.8692236468195906 4.0027778521180135 2.4703862220048896 5.1828500255942345 5.2113679423928243 7.1443894132971755 9.615934455767265 5.2905642315745354 4.1091400459408751 57.052325785160072 12.975292176008223 6.131377361714839 17.309464983642101 5.8119210228323963 19.108759891241789
leaf_count=16 22 11 26 31 37 72 29 20 333 78 31 93 29 114
internal_value=-9.80454e-05 0.000321355 0.0157711 -0.000610882 -0.00110208 0.000482387 -0.0221126 -0.00114414 -0.00626402 0.00407137 0.00106297 0.00591158 -0.000235591 0.011079
internal_weight=164.286 161.417 9.18563 152.231 149.761 139.259 10.5019 132.114 66.6683 65.446 61.3368 48.3615 42.2301 24.9207
internal_count=942 926 48 878 867 807 60 770 405 365 345 267 236 143
is_linear=0
shrinkage=0.05


Tree=95
num_leaves=15
num_cat=0
split_feature=0 1 3 3 6 2 2 5 2 2 11 2 7 11
split_gain=0.583465 1.09732 1.01153 2.57107 1.82747 1.32051 1.36277 1.18614 1.02576 1.56393 1.80718 1.94546 3.79703 2.22091
threshold=-0.031103653164747828 -0.047656261205895674 3.8300967268227848 3.4699945682973046 -0.017477875965376578 0.0016108346041597544 0.0019672699016837609 0.051678032566457734 0.0023859709884983486 0.0027361808703304838 0.0029277738206243873 0.0037309110299917438 0.0026100905688631174 0.0032898375425269482
decision_type=2 2 2 2 2 2 2 2 2 2 2 2 2 2
left_child=-1 -2 3 5 -4 -3 -7 8 -8 -10 -11 12 13 -12
right_child=1 2 4 -5 -6 6 7 -9 9 10 11 -13 -14 -15
leaf_value=-0.02020852086005721 0.027828275713465953 0.034123193132412043 0.004154594927363124 0.037821278000275974 -0.034300394656690568 -0.027337524413089998 0.020677202112947875 0.028232259994128518 -0.03325798840070409 0.027325161010012075 -0.034138634785333147 0.00030857224263475475 -0.062959123144235365 0.014452079106346742
leaf_weight=3.5289115682244292 3.5514623671770087 2.7306605875492087 6.5501066818833351 4.5658570528030387 5.8476277589797956 4.7387255951762191 5.3104069754481307 3.6065911501646033 3.8202640190720549 5.4662008062005034 3.7620499208569509 100.52867673523724 3.7110752575099459 6.2723573595285416
leaf_count=20 19 12 35 22 39 27 26 18 24 28 22 583 28 39
internal_value=-9.75466e-05 0.000344738 -0.000277316 0.00089853 -0.0139834 -0.000306097 -0.000991254 -4.88477e-05 -0.000840324 -0.00176511 -0.000760341 -0.00210379 -0.0197468 -0.00376531
internal_weight=163.991 160.462 156.911 144.513 12.3977 139.947 137.216 132.478 128.871 123.561 119.74 114.274 13.7455 10.0344
internal_count=942 922 903 829 74 807 795 768 750 724 700 672 89 61
is_linear=0
shrinkage=0.05


Tree=96
num_leaves=15
num_cat=0
split_feature=0 2 2 0 5 5 1 3 0 11 1 6 4 4
split_gain=0.593645 0.935337 1.15812 1.19171 1.13944 2.28188 2.802 2.18305 2.61756 2.46173 2.26186 1.32008 2.71199 2.52514
threshold=0.023729635825068821 0.01602202144166661 0.01207054162838467 -0.019170235122138325 -0.017700033983336871 -0.022246036001384192 -0.015962786006488906 1.7465326284708989 -0.011847342727724811 0.0065844028827114079 -0.016283637346400742 0.0007786119270117778 0.5584394209293353 0.59585193956554816
decision_type=2 2 2 2 2 2 2 2 2 2 2 2 2 2
left_child=1 2 3 -1 5 7 -7 10 9 -9 -5 12 -6 -14
right_child=-2 -3 -4 4 11 6 -8 8 -10 -11 -12 -13 13 -15
leaf_value=0.020687294840031366 -0.019717000862062788 0.024827250823677441 -0.021509712761179665 -0.060054739720475807 -0.025474987171320684 -0.066889002576131271 -0.0039144037942482118 -0.041825018378414909 0.03596084192270281 0.014093566195470997 0.0048363554879779945 0.0090368010451227342 0.041911468289798227 -0.00070627328685585536
leaf_weight=7.0637101158499709 3.7664219997823229 3.8146895766258231 6.1433670409023753 2.7065086793154478 10.685583852231501 3.3844417557120323 3.6945628747344008 3.2856630757451075 5.6270860284566835 4.9085475616157055 2.6653176508843961 40.677691116929054 3.6833003088831893 61.674134783446789
leaf_count=35 27 20 41 24 68 23 21 21 30 28 20 208 19 357
internal_value=-9.61888e-05 0.000365646 -0.000231752 0.000639375 -0.000350973 -0.00975869 -0.0340223 -0.000809534 0.0097032 -0.00832832 -0.027858 0.00176657 -0.0021225 0.0016955
internal_weight=163.781 160.015 156.2 150.057 142.993 26.2721 7.079 19.1931 13.8213 8.19421 5.37183 116.721 76.043 65.3574
internal_count=942 915 895 854 819 167 44 123 79 49 44 652 444 376
is_linear=0
shrinkage=0.05


Tree=97
num_leaves=15
num_cat=0
split_feature=0 4 8 1 3 1 3 1 4 6 5 3 0 3
split_gain=0.554087 0.813704 2.55116 0.783956 4.78959 2.42235 2.10769 2.53335 1.71639 1.51185 2.45297 1.42321 2.81854 2.09858
threshold=-0.032863993055056488 0.056918454021008778 0.19898294610222597 -0.022277692984876332 2.0223037020884629 -0.020693927714821748 2.4283183082186186 -0.030996945039382408 0.099065497370049521 0.017643287981742233 -0.019810942023245789 0.62442019586560471 -0.00099346921945243742 0.67868082447506206
decision_type=2 2 2 2 2 2 2 2 2 2 2 2 2 2
left_child=-1 2 -2 4 -3 -5 -6 -8 -7 10 -10 12 -12 -13
right_child=1 3 -4 5 6 8 7 -9 9 -11 11 13 -14 -15
leaf_value=-0.022082884120410044 -0.015443880190640122 -0.048669125973489699 0.037690803401013141 0.060179211282306182 0.037962115472115435 -0.032846194650279333 0.015469634513036857 -0.035264726801645351 -0.035449602840570089 0.025945706880833738 0.058249593370524724 -0.046530694487821704 0.0039590814386262323 0.00038121342177009518
leaf_weight=2.8160501942038527 3.9789389967918378 5.6650309525430229 5.2261767387390137 1.6951751820743073 3.7424655035138121 3.8544709831476203 5.8210389502346516 4.2621469348669034 4.7351128384470931 5.8059954196214667 3.1162552088499078 2.4421389363706103 10.267139397561547 100.0726423561573
leaf_count=16 22 44 26 10 19 26 32 26 35 29 17 17 54 569
internal_value=-9.58786e-05 0.000289451 0.0147232 -0.000587658 -0.00994805 0.000794582 0.00591783 -0.0059757 2.19637e-05 0.00102394 -0.000175525 0.00126563 0.0166004 -0.000736337
internal_weight=163.501 160.685 9.20512 151.48 19.4907 131.989 13.8257 10.0832 130.294 126.439 120.633 115.898 13.3834 102.515
internal_count=942 926 48 878 121 757 77 58 747 721 692 657 71 586
is_linear=0
shrinkage=0.05


Tree=98
num_leaves=15
num_cat=0
split_feature=7 8 8 7 7 11 7 4 1 4 6 1 1 6
split_gain=0.547103 0.83921 2.042 1.44597 2.07532 2.63103 1.74996 1.47273 3.07137 1.17344 1.07475 3.6293 3.23561 3.5354
threshold=0.0099290880623022597 0.38337800013107065 0.29645034582102431 0.003076336963857011 0.0037084348510454182 0.0058768640533185439 0.0048708146466011964 0.76540173020411351 -0.035461194930797663 0.7520978684960562 0.00093002991441662561 -0.003665157898679554 -0.0064969843469107015 0.0048838620826812005
decision_type=2 2 2 2 2 2 2 2 2 2 2 2 2 2
left_child=1 2 10 -3 -5 -6 -7 8 -8 -4 -1 12 13 -12
right_child=-2 3 9 4 5 6 7 -9 -10 -11 11 -13 -14 -15
leaf_value=-0.0049265302462752963 -0.018792822695794263 -0.016873041831204843 -0.046841266290683373 0.042642071091238853 -0.024740427744947984 0.045392675705548113 0.022617228837303015 0.025781361186113502 -0.031555765746957037 -0.0044974904730955964 0.045993377678201837 0.036047425585164904 -0.036440018062171675 -0.0004956292828398462
leaf_weight=57.658132512122393 3.8208670094609252 5.3765711411833754 3.782864172011613 4.4909893944859531 5.5420757159590748 3.6644077226519611 5.2542952299118122 6.6146191507577887 5.211531590670341 2.8831649012863636 4.5437973886728278 7.9717281535267821 5.5037743225693694 40.909891225397587
leaf_count=352 24 28 30 22 31 18 25 32 38 20 23 38 31 230
internal_value=-9.54607e-05 0.000352699 -0.00161216 0.00705106 0.0112303 0.00586381 0.0140399 0.00731349 -0.00435859 -0.0285269 -7.32793e-05 0.00467529 -0.000232531 0.00415166
internal_weight=163.229 159.408 123.253 36.1545 30.7779 26.2869 20.7449 17.0804 10.4658 6.66603 116.587 58.9292 50.9575 45.4537
internal_count=942 918 724 194 166 144 113 95 63 50 674 322 284 253
is_linear=0
shrinkage=0.05


Tree=99
num_leaves=15
num_cat=0
split_feature=0 5 5 3 9 3 3 1 1 1 1 4 4 4
split_gain=0.560803 0.985537 1.11525 0.92762 2.4021 1.9672 2.15234 0.88387 1.69882 0.975762 1.50824 1.23799 2.13088 1.60542
threshold=0.023729635825068821 0.055214883628280531 0.042865030113273632 0.49589622065047473 0.0066300189727071064 0.62442019586560471 0.67868082447506206 0.02982972259784903 0.02632962218582614 0.019515463827597512 0.021757934999359668 0.87985388738841819 0.96509842828953796 0.84701833204896004
decision_type=2 2 2 2 2 2 2 2 2 2 2 2 2 2
left_child=1 2 3 4 -1 -5 -7 8 9 11 -11 13 -13 -8
right_child=-2 -3 -4 5 -6 6 7 -9 -10 10 -12 12 -14 -15
leaf_value=0.0081826317730063457 -0.019262149505429916 0.026777528396501923 -0.028448419810331489 0.025419197251455961 -0.049834706203286623 -0.045953191158186517 0.0001147995746725185 0.021818055006777016 -0.03344235850864255 0.040571113896123938 0.00096762476624133909 -0.035124521558468055 0.0089713246547747667 0.0334361463407419
leaf_weight=4.1042324379086486 3.7284182347357264 3.4526071846485129 3.4245768301188937 7.9739739596843711 3.1559734344482422 2.5153050273656836 100.82603044807911 4.7914867624640456 3.7001518085598937 3.8251547664403898 6.4709500633180141 6.3817115873098356 4.8006374835968018 3.7492090687155715
leaf_count=21 27 16 21 39 22 20 585 27 21 21 36 41 24 21
internal_value=-9.37871e-05 0.000355209 -0.000230626 0.000403894 -0.0170372 0.00127697 -0.00012759 0.000729113 -4.96491e-05 0.000930553 0.0156809 -0.000381423 -0.016194 0.00130943
internal_weight=162.9 159.172 155.719 152.295 7.26021 145.035 137.061 134.545 129.754 126.054 10.2961 115.758 11.1823 104.575
internal_count=942 915 899 878 43 835 796 776 749 728 57 671 65 606
is_linear=0
shrinkage=0.05


Tree=100
num_leaves=15
num_cat=0
split_feature=8 8 9 1 6 3 8 4 4 7 3 8 8 8
split_gain=0.544246 1.23821 1.05942 1.69797 2.92986 2.53205 2.22772 3.03216 4.22254 4.33092 2.13583 1.44843 1.74387 3.47668
threshold=0.020608966037404964 0.051029770804143178 0.010373089800828844 -0.011177641787040013 0.0039245287101465466 2.2544272123950804 0.14558248052121683 0.86926743122528938 0.80808205704968172 0.002859037456952433 0.5944788147689487 0.20910691924951755 0.17908664140508454 0.16321172738946729
decision_type=2 2 2 2 2 2 2 2 2 2 2 2 2 2
left_child=-1 -2 3 -3 5 6 10 8 9 -8 -5 12 13 -4
right_child=1 2 11 4 -6 -7 7 -9 -10 -11 -12 -13 -14 -15
leaf_value=-0.0199149470536557 0.020865949623691066 -0.038497023521154555 0.010137590679318674 -0.0036911026264273001 0.020389111764532439 0.021872098179674386 0.012970632084613548 -0.049184560299725344 0.048672051103503061 -0.045317549239497164 -0.051820259277965679 -0.0024238910756030812 0.027239740534835351 -0.041248904829111116
leaf_weight=3.390499420464038 7.0165552981197825 3.856702245771884 25.373565290123228 3.5280957818031329 9.7247035354375821 5.1478416100144377 7.6828227266669327 3.4540775604546061 3.7952656224369994 5.4457007050514221 6.649776391685009 63.320085149258375 10.495106324553488 3.7822506614029399
leaf_count=20 36 32 137 19 49 27 39 23 20 38 42 383 54 23
internal_value=-9.22901e-05 0.000329683 -0.000616709 -0.0066453 -0.00394121 -0.0105681 -0.0160335 -0.00649227 0.00222105 -0.0112073 -0.0351366 0.00226876 0.00976263 0.00347146
internal_weight=162.663 159.273 152.256 49.285 45.4283 35.7036 30.5557 20.3779 16.9238 13.1285 10.1779 102.971 39.6509 29.1558
internal_count=942 922 886 289 257 208 181 120 97 77 61 597 214 160
is_linear=0
shrinkage=0.05


Tree=101
num_leaves=15
num_cat=0
split_feature=9 9 2 8 6 4 2 11 7 7 5 5 4 1
split_gain=0.553221 1.53998 0.833158 2.50084 2.81714 3.32679 1.80539 1.65414 2.60107 1.88491 1.31308 2.37236 1.38232 2.50764
threshold=0.0053219803418178046 0.0058336026237147138 0.0037794190351013624 0.14282466360136623 -0.010068993818202752 0.34551824580265283 0.0031622956183813508 0.0040066578687137887 0.0026100905688631174 0.0028162455924895928 -0.059820015601142466 -0.052421281393865163 0.10376317214377943 -0.025438657168671257
decision_type=2 2 2 2 2 2 2 2 2 2 2 2 2 2
left_child=-1 -2 3 -3 -5 -6 -7 -4 -9 -10 -11 -12 -13 -14
right_child=1 2 7 4 5 6 -8 8 9 10 11 12 13 -15
leaf_value=0.0098257052732288585 -0.028319416738067638 -0.034809113453731937 0.023762533415058445 -0.043970711404134721 -0.029858736426216316 0.041048630333114233 0.0017505938503539261 -0.035509571816910841 0.032138231950186176 -0.034783571444470425 0.049259345730259134 0.014375465752817066 -0.029079550915224347 0.00038693600508280071
leaf_weight=12.937703311443327 4.9692906066775313 6.5643726140260723 7.9560394659638396 2.92890182882548 4.0166540108621076 6.3109613358974439 5.4434811472892761 4.8856552243232718 4.8850875347852698 2.5928048938512793 2.509123593568801 14.269600186496971 7.9999826438724986 74.071630988270044
leaf_count=68 28 43 40 24 27 33 28 28 24 16 12 81 54 436
internal_value=-9.30361e-05 -0.000951956 -1.03733e-05 -0.00825797 0.00106244 0.00942569 0.0228497 0.00173814 0.000162557 0.00180165 0.000340762 0.00126206 1.20118e-05 -0.00248533
internal_weight=162.341 149.404 144.434 25.2644 18.7 15.7711 11.7544 119.17 111.214 106.328 101.443 98.8503 96.3412 82.0716
internal_count=942 874 846 155 112 88 61 691 651 623 599 583 571 490
is_linear=0
shrinkage=0.05


Tree=102
num_leaves=15
num_cat=0
split_feature=0 9 11 7 2 2 11 12 11 0 8 2 2 2
split_gain=0.519288 0.874563 0.942842 1.60541 2.55524 2.68617 1.5046 2.20197 1.33978 5.47214 2.20599 4.19624 3.77975 2.95902
threshold=-0.031103653164747828 0.035780123862250414 0.012135489114881225 0.007893372020458601 0.010685381996292745 0.0099027684174216295 0.0081685575858431916 -1.0000000180025095e-35 0.0064612192892185725 -0.015948089939202544 0.18799960727155848 0.0073198694187930355 0.0068538673517037256 0.0077971741559194783
decision_type=2 2 2 2 2 2 2 2 2 2 2 2 2 2
left_child=-1 2 3 4 5 6 8 -8 9 -2 11 -10 -12 -14
right_child=1 -3 -4 -5 -6 -7 7 -9 10 -11 12 -13 13 -15
leaf_value=-0.019254691327634535 -0.069132263222976317 0.021012295595094238 -0.022480587533625911 0.030266403638324044 -0.035844246420691422 0.041213467842011992 0.0038805514831432662 -0.051505731527847209 -0.003858260748465632 0.00021925971228360425 0.03870500725824369 0.061284101944276206 -0.049721735545054033 0.0042163193241719207
leaf_weight=3.4599637836217871 2.9270289093255988 4.9498164877295485 4.6627186238765708 4.3540542423725119 4.9520919919013968 3.9755985513329497 3.7330697849392891 3.4557003490626803 4.8270983323454875 100.71683669090271 4.2930540386587372 5.0672963932156563 4.1713038012385351 6.5126490332186222
leaf_count=20 19 26 31 27 35 24 23 24 26 568 25 23 27 44
internal_value=-9.21969e-05 0.00032585 -0.000340568 0.000352335 -0.000548211 0.000703147 -0.000483647 -0.0227441 0.000761537 -0.00173931 0.0111831 0.0295036 -0.000920235 -0.0168426
internal_weight=162.058 158.598 153.649 148.986 144.632 139.68 135.704 7.18877 128.515 103.644 24.8714 9.89439 14.977 10.684
internal_count=942 922 896 865 838 803 779 47 732 587 145 49 96 71
is_linear=0
shrinkage=0.05


Tree=103
num_leaves=15
num_cat=0
split_feature=0 2 2 0 0 0 0 2 8 8 8 9 9 8
split_gain=0.539984 0.872069 1.00458 1.05144 3.1532 2.21678 1.48793 2.80299 0.873485 1.88849 2.9687 3.0238 2.98651 1.77316
threshold=0.023729635825068821 0.01602202144166661 0.01207054162838467 -0.019170235122138325 -0.01690099895377133 -0.01471283468123767 -0.011847342727724811 0.0063838043878829973 0.48675996090629664 0.26457349924622503 0.28546768833886255 0.0087410730619449945 0.012246814120478773 0.3898505630335814
decision_type=2 2 2 2 2 2 2 2 2 2 2 2 2 2
left_child=1 2 3 -1 -5 -6 7 -7 9 -8 -11 -12 -13 -14
right_child=-2 -3 -4 4 5 6 8 -9 -10 10 11 12 13 -15
leaf_value=0.01948385507161593 -0.018966109180987199 0.02403242231144239 -0.020316907610379728 -0.05125574444979393 0.029361790754584068 0.0075866953694436155 0.0029237012175323705 -0.055674753092934896 0.013698786217162541 -0.047917782258006858 0.033553823435976939 -0.053221776277765746 -0.023859873531637089 0.01124277620030641
leaf_weight=7.0067342817783347 3.7028949074447146 3.7938933223485938 5.9844138324260703 2.9789669550955287 6.4481549263000479 3.6123738363385192 85.712568521499634 3.3981204181909561 11.54263114929199 4.7857406586408642 4.2294840440154102 3.739683639258149 6.1208758205175391 8.7266945317387563
leaf_count=35 27 20 41 23 34 19 490 23 63 34 20 26 43 44
internal_value=-9.21936e-05 0.000349912 -0.00023244 0.000578026 -0.0003595 0.00073667 -0.000663056 -0.0230773 0.000595459 -0.000739288 -0.0121138 -0.004604 -0.0132867 -0.00322821
internal_weight=161.783 158.08 154.286 148.302 141.295 138.316 131.868 7.01049 124.858 113.315 27.6025 22.8167 18.5873 14.8476
internal_count=942 915 895 854 819 796 762 42 720 657 167 133 113 87
is_linear=0
shrinkage=0.05


Tree=104
num_leaves=15
num_cat=0
split_feature=7 8 8 7 11 11 7 7 4 3 3 6 1 1
split_gain=0.493458 0.761684 1.77874 1.37796 1.83084 2.42927 1.50891 1.63123 1.12227 1.06098 1.0094 0.819671 3.07361 3.03374
threshold=0.0099290880623022597 0.38337800013107065 0.29645034582102431 0.003076336963857011 0.0049233158456361099 0.0058768640533185439 0.0048708146466011964 0.0053513699925869726 0.7520978684960562 3.7403145440963708 2.3476407364358081 0.00093002991441662561 -0.003665157898679554 -0.0064969843469107015
decision_type=2 2 2 2 2 2 2 2 2 2 2 2 2 2
left_child=1 2 9 -3 -5 -6 -7 -8 -4 11 -9 -1 13 -13
right_child=-2 3 8 4 5 6 7 10 -10 -11 -12 12 -14 -15
leaf_value=-0.0035002651943331024 -0.018015792524711936 -0.016778747718720576 -0.045464006205753242 0.039752529800383372 -0.024628432550543412 0.042455036605139815 -0.027763531325807861 -0.0021224579344365255 -0.0033876765690946248 -0.022049145906782964 0.02511697613589027 0.0048247352698965835 0.034048409527161684 -0.03502894160458711
leaf_weight=53.672894630581141 3.7508973479270926 5.3011932224035254 3.6337131634354582 4.6418813839554813 5.2734023258090046 3.6731008291244533 2.7997916415333775 5.7382665686309329 2.8104563169181347 5.2650919444859019 8.3498231284320337 43.287144664674997 7.9023350328207007 5.3671429008245459
leaf_count=326 24 28 30 24 29 18 17 36 20 38 42 241 38 31
internal_value=-9.22657e-05 0.000334002 -0.00154814 0.00674883 0.0108413 0.00564662 0.0134115 0.00709449 -0.0271135 -0.00012169 0.014022 0.000925671 0.00512594 0.000428404
internal_weight=161.467 157.716 121.939 35.7775 30.4763 25.8344 20.561 16.8879 6.44417 115.495 14.0881 110.23 56.5566 48.6543
internal_count=942 918 724 194 166 142 113 95 50 674 78 636 310 272
is_linear=0
shrinkage=0.05


Tree=105
num_leaves=15
num_cat=0
split_feature=0 9 1 9 0 0 0 9 6 4 3 3 1 6
split_gain=0.496511 0.660539 2.78886 1.99394 1.09327 2.1156 2.623 1.173 2.6992 2.40604 1.54167 3.13041 1.6201 1.92601
threshold=-0.032863993055056488 0.029958905712936103 0.012415961597117048 0.026922314729945145 -0.01690099895377133 -0.01471283468123767 -0.013586151919327416 0.02115800698467183 -0.020642968262326752 0.68669168447735984 3.4699945682973046 3.0704300134429903 -0.022277692984876332 0.014613594494157453
decision_type=2 2 2 2 2 2 2 2 2 2 2 2 2 2
left_child=-1 3 -3 4 -2 -6 -7 10 -9 -10 11 12 -8 -14
right_child=1 2 -4 -5 5 6 7 8 9 -11 -12 -13 13 -15
leaf_value=-0.021116431973432676 -0.024889028197165167 0.031239792471013828 -0.02239388221368345 -0.03659634580881279 0.031950417514398914 -0.047949784698323235 -0.025343349371023269 0.039410044600460187 0.026115817362856172 -0.029727137594514376 0.02544943817120749 -0.04032113024218166 -0.00060022910437635248 0.025908923586534467
leaf_weight=2.7595757767558089 4.1673410683870307 6.871936731040476 3.7444671913981438 3.7473107837140551 5.3445815704762927 2.8073503300547591 6.030016988515853 6.1393887996673584 3.4733523055911046 4.3378622978925705 5.3670499920845023 5.083094745874404 93.928693234920502 7.3909709490835658
leaf_count=16 31 35 24 24 29 19 44 29 20 27 31 31 544 38
internal_value=-9.00861e-05 0.000276148 0.0123229 -0.000589063 0.000347501 0.00109923 -0.000126163 0.000892867 0.0146023 -0.00489588 -0.00073069 -0.00198042 -0.000164951 0.00133354
internal_weight=161.193 158.433 10.6164 147.817 144.07 139.902 134.558 131.75 13.9506 7.81121 117.8 112.433 107.35 101.32
internal_count=942 926 59 867 843 812 783 764 76 47 688 657 626 582
is_linear=0
shrinkage=0.05


Tree=106
num_leaves=15
num_cat=0
split_feature=9 9 3 7 3 5 3 8 9 4 4 4 3 6
split_gain=0.481126 1.40609 0.86313 0.940959 1.08749 3.44005 1.15316 1.53396 2.50287 1.78381 1.97289 1.86955 1.76734 1.65425
threshold=0.0053219803418178046 0.0058336026237147138 0.51033414044630954 0.0099290880623022597 0.73236080194970865 -0.00032448306180225594 0.99068522209330634 0.080341621680670425 0.015604911791390124 0.89218411714636547 0.86348818672353322 0.96182159614566942 2.8332130484855513 -0.029745408312331648
decision_type=2 2 2 2 2 2 2 2 2 2 2 2 2 2
left_child=-1 -2 -3 4 5 -4 -6 8 -8 10 13 12 -11 -9
right_child=1 2 3 -5 6 -7 7 9 -10 11 -12 -13 -14 -15
leaf_value=0.0091551160532069697 -0.027222271483488721 -0.022810288800068426 -0.029574880742977261 -0.02562596337357256 -0.018659051460523778 0.041258542636693291 0.0059823861934326285 -0.033262709886882284 -0.044504234939030496 -0.048100232320446634 0.039070229292613085 0.0064455371101400372 0.00071130162622647791 0.0052238746441144839
leaf_weight=12.942956261336802 4.9044949486851683 4.0287431329488745 2.4892427232116461 3.321751106530427 7.6298467814922324 5.504226215183734 5.278008818626402 2.88279546424745 4.5894433930516243 4.9160748943686468 4.1969335302710524 6.5506965965032578 2.977718859910965 88.687640979886069
leaf_count=68 28 27 17 22 59 29 28 20 27 33 22 37 16 509
internal_value=-8.9154e-05 -0.000897819 4.69965e-06 0.000665848 0.00130942 0.0192003 0.00018961 0.00138725 -0.0174994 0.00307821 0.00554864 -0.0133008 -0.0296874 0.00401225
internal_weight=160.901 147.958 143.053 139.024 135.703 7.99347 127.709 120.079 9.86745 110.212 95.7674 14.4445 7.89379 91.5704
internal_count=942 874 846 819 797 46 751 692 55 637 551 86 49 529
is_linear=0
shrinkage=0.05


Tree=107
num_leaves=15
num_cat=0
split_feature=0 9 7 2 8 6 9 9 3 3 3 7 7 11
split_gain=0.460647 0.797674 0.858442 2.59252 2.54561 1.94517 1.85201 3.71535 1.40958 2.5138 2.02621 1.37942 3.13305 2.11558
threshold=-0.031103653164747828 0.035780123862250414 0.0058310539394855572 0.0085971143949887825 0.19125376773503569 0.0028396471797048147 0.024745317912890166 0.022732930789086506 2.3476407364358081 1.7856453468632161 1.1658162776143512 0.0047793120940931187 0.0052308329613956553 0.0059715729980138891
decision_type=2 2 2 2 2 2 2 2 2 2 2 2 2 2
left_child=-1 2 3 6 5 -4 7 11 9 10 -6 13 -13 -2
right_child=1 -3 4 -5 8 -7 -8 -9 -10 -11 -12 12 -14 -15
leaf_value=-0.018272520651171725 -0.0029452068627888635 0.020146746686529174 -0.010801029110820976 0.030858283068784482 -0.015627547304054731 -0.061703353474388149 -0.031120587192125446 0.039778567757368412 0.02478829195217783 -0.041644085265049292 0.039716767835172209 -0.052249769608453726 0.019711416656322787 0.016444205769074065
leaf_weight=3.4087259247899047 89.017183572053909 4.9077902287244788 4.3443009145557907 6.9893973246216765 3.5301166065037233 3.3043813928961754 4.7318094447255126 5.806895710527896 4.8599812723696223 3.5871606729924679 3.1113985739648342 3.8394979797303668 2.4957423433661461 16.708944424986839
leaf_count=20 507 26 28 42 26 27 24 29 29 24 19 31 15 95
internal_value=-8.80395e-05 0.000306186 -0.000333053 0.0012392 -0.00929397 -0.0327918 -0.000449377 0.000781916 0.00261748 -0.00791661 0.0103 -0.00123885 -0.023901 0.000119094
internal_weight=160.643 157.235 152.327 129.589 22.7373 7.64868 122.6 117.868 15.0887 10.2287 6.64152 112.061 6.33524 105.726
internal_count=942 922 896 743 153 55 701 677 98 69 45 648 46 602
is_linear=0
shrinkage=0.05


Tree=108
num_leaves=15
num_cat=0
split_feature=8 8 11 11 8 8 2 8 11 11 7 7 8 4
split_gain=0.476388 1.19089 1.02045 4.729 1.99944 3.78333 1.32697 2.81249 1.07012 3.03667 3.21515 1.66711 2.02199 1.3619
threshold=0.020608966037404964 0.051029770804143178 0.0028022939235725964 0.0029277738206243873 0.20910691924951755 0.25486607904564423 0.0034979333360360943 0.19345153824753619 0.0035433657929019899 0.0038454031602920065 0.0025510181986046622 0.0028931896706924426 0.18130378625808793 0.10376317214377943
decision_type=2 2 2 2 2 2 2 2 2 2 2 2 2 2
left_child=-1 -2 4 -4 -3 -6 7 -5 -8 -10 -11 12 -12 -13
right_child=1 2 3 6 5 -7 8 -9 9 10 11 13 -14 -15
leaf_value=-0.018792004433918638 0.020529334726114814 -0.033686520311785734 0.060706245388410886 0.0050672944044783501 0.040544148849043338 -0.026821140451301573 -0.020984604233914558 -0.048027007953259787 0.044095205605109683 -0.044735095635131839 -0.00078776597516810952 0.014189502780302236 0.04394819253289016 -0.002599756846726654
leaf_weight=3.333538979291915 6.9591423757374278 6.567571021616458 3.2102188915014258 5.7186762355267984 3.7496131509542447 4.6925579980015755 5.4191587641835204 4.4235887788236141 4.0843334123492232 3.843659132719039 5.1543026566505414 14.10257802158594 4.9530429914593697 84.167555006220937
leaf_count=20 36 39 15 36 20 28 30 32 21 24 25 81 27 508
internal_value=-8.79136e-05 0.000309109 -0.000628451 0.00074588 -0.0129965 0.00309934 -0.000713819 -0.01809 0.000733988 0.00174595 0.00020463 0.00179844 0.0211348 -0.000190359
internal_weight=160.38 157.046 150.087 135.077 15.0097 8.44217 131.867 10.1423 121.725 116.305 112.221 108.377 10.1073 98.2701
internal_count=942 922 886 799 87 48 784 68 716 686 665 641 52 589
is_linear=0
shrinkage=0.05


Tree=109
num_leaves=15
num_cat=0
split_feature=9 9 5 5 11 5 7 0 0 3 4 7 11 12
split_gain=0.474932 1.26065 1.1616 1.99882 0.827718 0.785875 2.71157 2.65132 2.49278 5.07061 2.70009 2.50373 3.08308 2.289
threshold=0.0053219803418178046 0.0058336026237147138 -0.059820015601142466 -0.052421281393865163 0.003415464586950797 -0.013933707457801632 0.0026100905688631174 -0.0078664677227682986 -0.010124998714595631 1.352523025556666 0.11284511660113566 0.0043898986999990558 0.0083473587719927172 -1.0000000180025095e-35
decision_type=2 2 2 2 2 2 2 2 2 2 2 2 2 2
left_child=4 -2 -3 -4 -1 6 -5 -7 10 -10 11 -8 -13 -11
right_child=1 2 3 5 -6 7 8 -9 9 13 -12 12 -14 -15
leaf_value=0.018658609723962435 -0.026005480190564458 -0.033706154600028036 0.044815891056309315 -0.041686588915172879 -0.0076410123348377244 0.027461990500130342 -0.035186222998711429 -0.00050897524100282083 -0.028199182739415657 0.014664311587589574 -0.027283490819759004 0.056040383993190883 -0.0067658621750651491 0.066644749781569118
leaf_weight=8.2314899414777738 4.8338828012347212 2.5171230658888808 2.5061224400997153 4.7283782064914694 4.699924010783433 9.3778889849781972 2.6110965833067912 87.705728150904179 4.2713304013013831 4.6106968298554412 12.234914522618054 3.5309463068842888 4.3750912733376026 3.9172779321670523
leaf_count=41 28 16 12 28 27 45 15 522 34 26 82 19 29 18
internal_value=-8.71373e-05 -0.000894109 -4.16032e-05 0.000564232 0.00910001 -0.000243117 -0.00611451 0.00219291 -0.00138337 0.0162689 -0.0113138 0.00726431 0.0212843 0.0385412
internal_weight=160.152 147.22 142.387 139.869 12.9314 137.363 40.2797 97.0836 35.5514 12.7993 22.752 10.5171 7.90604 8.52797
internal_count=942 874 846 830 68 818 251 567 223 78 145 63 48 44
is_linear=0
shrinkage=0.05


Tree=110
num_leaves=15
num_cat=0
split_feature=9 11 7 2 2 11 12 1 8 11 7 4 2 6
split_gain=0.467435 1.01538 1.36591 2.25864 1.8489 1.25367 2.05198 1.05275 1.16152 2.88707 3.27353 3.16697 4.36023 2.72511
threshold=0.04553156643546729 0.012730554531083899 0.007893372020458601 0.010960126900284533 0.0099027684174216295 0.0081685575858431916 -1.0000000180025095e-35 -0.030996945039382408 0.17103546611831846 0.0059715729980138891 0.0032573195301024622 0.7703973630904507 0.0072947195884736924 -0.013255300535218525
decision_type=2 2 2 2 2 2 2 2 2 2 2 2 2 2
left_child=1 2 3 4 5 7 -7 -1 9 10 13 12 -11 -9
right_child=-2 -3 -4 -5 -6 6 -8 8 -10 11 -12 -13 -14 -15
leaf_value=0.02627628536990799 0.017750325606824473 -0.024965863564971651 0.022156148668223317 -0.032749965861676798 0.030048735481646584 0.00426562502014386 -0.050099653012281524 -0.047179736675529077 -0.0043872566734752608 -0.029653828727071358 -0.028402908063873147 0.059926033048133612 0.0439381770476127 0.011024367884157275
leaf_weight=3.8068784773349753 3.5907167270779601 4.1273984797298899 6.7495496459305278 5.3458195365965357 5.0563663914799681 3.6755686104297638 3.2886459305882445 2.1751936301589003 74.192934243008494 3.9876649081706983 8.6745332665741426 4.483022913336753 4.0640361607074738 26.644410792738203
leaf_count=21 21 28 41 36 32 23 24 13 446 26 52 20 19 140
internal_value=-8.60647e-05 -0.000495898 0.000167927 -0.000852814 0.000364732 -0.000747128 -0.0214068 0.00037667 -0.000417045 0.00547079 -0.00147408 0.0262444 0.00749119 0.00663134
internal_weight=159.863 156.272 152.145 145.395 140.049 134.993 6.96421 128.029 124.222 50.0289 37.4941 12.5347 8.0517 28.8196
internal_count=942 921 893 852 816 784 47 737 716 270 205 65 45 153
is_linear=0
shrinkage=0.05


Tree=111
num_leaves=15
num_cat=0
split_feature=4 4 9 0 9 8 9 2 12 1 2 0 8 2
split_gain=0.48252 1.65319 1.94237 1.41983 2.56382 1.3699 1.62959 1.445 2.36825 3.87346 2.2553 5.16338 2.75168 3.22379
threshold=0.96182159614566942 0.89218411714636547 0.013388908145864553 0.013717082895296894 0.024745317912890166 0.52317607828208146 0.029958905712936103 0.0066651223593142883 1.0000000180025095e-35 0.017424034922092938 0.0061299112266875238 -0.0024356015891063465 0.13809363454533669 0.0054829426791049886
decision_type=2 2 2 2 2 2 2 2 2 2 2 2 2 2
left_child=1 3 -3 5 -5 6 7 10 9 -9 12 -12 -1 -14
right_child=-2 2 -4 4 -6 -7 -8 8 -10 -11 11 -13 13 -15
leaf_value=-0.015027531117690354 0.011018238898975867 0.0015592510363219556 -0.038674889929740414 0.047326392403804492 -0.0047961787405093811 -0.01805038900402187 0.023922687812162138 -0.044916873592987613 0.00068690821772024132 0.023305245279647835 -0.014523967612641129 0.061761523717679068 0.011614778334264305 -0.024530156650123282
leaf_weight=21.347576480358839 9.2190740853548032 5.9960598610341531 6.002852700650692 4.4113395214080793 5.0716863796114922 10.339286930859087 7.2337963432073584 8.444777578115465 19.682316027581692 2.760801598429679 4.1090859714895487 4.8201290965080243 42.857662297785282 7.206221565604209
leaf_count=125 51 36 39 24 29 62 39 61 120 15 27 23 247 44
internal_value=-8.51588e-05 -0.000766291 -0.0185692 0.000778461 0.0194503 -0.000596256 0.000927125 -0.000568401 -0.00975955 -0.0281085 0.00296524 0.0266561 2.95658e-06 0.00641206
internal_weight=159.503 150.284 11.9989 138.285 9.48303 128.802 118.462 111.229 30.8879 11.2056 80.3407 8.92922 71.4115 50.0639
internal_count=942 891 75 816 53 763 701 662 196 76 466 50 416 291
is_linear=0
shrinkage=0.05


Tree=112
num_leaves=15
num_cat=0
split_feature=4 4 8 8 4 3 1 3 3 1 4 4 7 1
split_gain=0.434962 1.50623 1.87614 2.39503 1.31364 1.19012 1.90039 2.15319 2.82804 2.02867 1.34776 2.31856 2.8449 1.97782
threshold=0.96182159614566942 0.89218411714636547 0.20083005478362309 0.44963734644235637 0.87584861746101794 5.8609295376367472 0.02013146572367663 2.8422211431841631 1.652512425927753 0.017650405381716302 0.7703973630904507 0.68669168447735984 0.0031319952052244462 0.012415961597117048
decision_type=2 2 2 2 2 2 2 2 2 2 2 2 2 2
left_child=1 4 -3 -4 5 6 9 8 -8 10 11 -1 -13 -12
right_child=-2 2 3 -5 -6 -7 7 -9 -10 -11 13 12 -14 -15
leaf_value=0.00020018969668532429 0.010444524946825082 0.0089918299393017993 -0.061359998190285016 -0.0054753889199022909 0.028954667339986858 0.028455971275575032 -0.035743823239623253 -0.047733150597037477 0.016528284781127351 0.03403901575059938 0.0020963915855397638 -0.0033537114379064755 -0.06230790564529403 0.042169686436354166
leaf_weight=87.909389067441225 9.2386832498013955 4.2154957838356477 3.715666901320219 3.9609682038426399 4.0048611611127845 3.550569847226142 4.4937480017542821 4.2611710242927066 6.0998755991458893 4.5402034670114508 10.339259177446364 5.0708988010883314 3.4308296926319599 4.3848727941513053
leaf_count=523 51 24 30 21 21 16 30 28 32 24 63 30 25 24
internal_value=-8.50301e-05 -0.000733654 -0.0178081 -0.0325248 0.00073682 -0.000106019 -0.000882938 -0.0177183 -0.00564521 0.00127903 -5.93128e-05 -0.00221111 -0.0271444 0.0140303
internal_weight=159.216 149.978 11.8921 7.67664 138.086 134.081 130.53 14.8548 10.5936 115.675 111.135 96.4111 8.50173 14.7241
internal_count=942 891 75 51 816 795 779 90 62 689 665 578 55 87
is_linear=0
shrinkage=0.05


Tree=113
num_leaves=15
num_cat=0
split_feature=0 0 11 7 7 7 3 11 7 8 11 2 8 8
split_gain=0.447763 0.822355 0.513974 1.08078 0.820299 2.25143 2.97546 2.08335 1.58866 2.39544 1.24287 2.79757 2.17033 3.79046
threshold=-0.032863993055056488 -0.028554406079413942 0.012730554531083899 0.007893372020458601 0.0058310539394855572 0.0061270798368898609 2.3476407364358081 0.0078230045118008705 0.0049541191324518263 0.48286685948305869 0.0059715729980138891 0.0070081374268558027 0.17361944735013171 0.33145755892361312
decision_type=2 2 2 2 2 2 2 2 2 2 2 2 2 2
left_child=-1 -2 3 4 7 -6 -7 8 10 -10 11 -3 -12 -14
right_child=1 2 -4 -5 5 6 -8 -9 9 -11 12 -13 13 -15
leaf_value=-0.020199793785889583 0.03731022399241854 -0.00024299170992257092 -0.017225370659743784 0.01976478616968106 -0.050732498673858942 -0.018237607386837044 0.037713359792555037 0.028721223583054331 -0.051087645873707566 0.0095721681073753298 0.026956813773296284 -0.04500001242063751 -0.023460262330440601 0.032208246013266578
leaf_weight=2.7194637134671202 1.4838227033615101 88.303407493978739 4.2560910768806925 6.8720032162964335 2.9583341591060153 8.090044900774954 3.3643364496529093 6.3218961767852297 3.7199490386992684 2.8933862075209618 11.129539027810099 3.6351208537816992 8.3350825533270818 4.8296429850161067
leaf_count=16 8 503 29 42 20 59 21 38 28 16 57 22 55 28
internal_value=-8.55225e-05 0.000264686 -9.062e-05 0.000394097 -0.000533015 -0.0118469 -0.00180391 0.000729404 -0.000711108 -0.0245485 0.000645175 -0.00201262 0.0107033 -0.00303758
internal_weight=158.912 156.193 154.709 150.453 143.581 14.4127 11.4544 129.168 122.846 6.61334 116.233 91.9385 24.2943 13.1647
internal_count=942 926 918 889 847 100 80 747 709 44 665 525 140 83
is_linear=0
shrinkage=0.05


Tree=114
num_leaves=15
num_cat=0
split_feature=0 5 9 3 3 9 3 5 5 3 4 11 1 8
split_gain=0.435114 1.12427 2.1481 0.994564 1.11931 1.52017 2.50114 2.24754 2.3805 1.83891 2.85039 1.61978 1.52166 1.33619
threshold=0.023729635825068821 -0.059820015601142466 0.038880924404570416 3.8300967268227848 3.4699945682973046 0.021340447685240262 3.0704300134429903 -0.025521624090620799 -0.022246036001384192 1.7162682179941422 0.22207255490967889 0.0061913291202953481 -0.021582767301185701 0.063764475265603179
decision_type=2 2 2 2 2 2 2 2 2 2 2 2 2 2
left_child=1 -1 3 4 5 6 7 11 -9 -7 -11 -3 -10 -14
right_child=-2 2 -4 -5 -6 9 -8 8 12 10 -12 -13 13 -15
leaf_value=-0.033193795456710772 -0.017437918526812198 -0.0044814600464803036 0.037955932199073547 -0.015987802323490757 0.025843212340404299 -0.015996201568692931 -0.034633249011548024 0.040760790104584721 -0.03127566271624041 -0.0068978400440966566 0.037317925538497131 -0.057552822627395632 0.018070441799933678 -0.00097371991979941562
leaf_weight=2.4641370028257361 3.532009854912757 2.8973448611795893 3.8033924996852866 9.2357514351606351 4.3756335824728003 4.3130667991936233 5.6050073616206637 3.6850948110222808 3.7804083451628676 5.8002758882939807 9.8089582622051221 2.8538950122892857 10.312711045145987 86.176889672875404
leaf_count=16 27 18 21 57 21 29 35 21 25 33 50 32 52 505
internal_value=-8.50496e-05 0.000310086 0.000850925 -9.72085e-05 0.000954022 0.000148705 -0.00205477 -0.0003903 0.00129302 0.0129025 0.0208877 -0.0308167 -0.000157492 0.0010617
internal_weight=158.645 155.113 152.648 148.845 139.609 135.234 115.311 109.706 103.955 19.9223 15.6092 5.75124 100.27 96.4896
internal_count=942 915 899 878 821 800 688 653 603 112 83 50 582 557
is_linear=0
shrinkage=0.05


Tree=115
num_leaves=15
num_cat=0
split_feature=0 0 0 0 0 8 8 2 8 7 9 3 7 4
split_gain=0.446229 0.705433 2.84622 1.4592 2.50084 0.675671 1.71758 2.75226 2.55314 3.05904 1.37706 2.133 1.40969 1.32905
threshold=-0.031103653164747828 -0.019170235122138325 -0.01690099895377133 -0.01471283468123767 -0.013586151919327416 0.4649729080030281 0.26185001258721224 0.0099027684174216295 0.27683560994713247 0.0044509557732626123 0.0079059324683104244 1.7279993583838313 0.0032037103099783111 0.81257955236144908
decision_type=2 2 2 2 2 2 2 2 2 2 2 2 2 2
left_child=-1 -2 -3 -4 -5 6 -6 8 -8 10 -10 -12 -13 -7
right_child=1 2 3 4 5 13 7 -9 9 -11 11 12 -14 -15
leaf_value=-0.018048080989544975 0.015397412912335233 -0.050232768734321531 0.023495762629790778 -0.047125435221098223 0.0023173761247757079 -0.0030999071470033529 -0.059707190085743669 0.030577698261912891 0.032353923345044916 -0.041308750774876196 -0.037961990932928485 -0.014851071714729901 0.027314039941260023 0.023515440538258162
leaf_weight=3.3831739351153365 7.3767003417015067 2.8159223496913901 6.5968801826238623 2.8261723443865767 89.39842876791954 10.172173671424391 3.1802031807601514 3.3216733746230593 2.8090391680598286 6.0899929087609044 3.7093023173511011 3.669396661221981 4.311171367764473 8.7039290368556959
leaf_count=20 40 24 36 20 521 59 26 24 14 45 26 22 22 43
internal_value=-8.43077e-05 0.000307834 -0.000446285 0.000521989 -0.000574715 0.000397176 -0.00102482 -0.0120539 -0.0180116 -0.0115712 0.000919515 -0.00663407 0.00792688 0.00917265
internal_weight=158.364 154.981 147.604 144.788 138.191 135.365 116.489 27.0908 23.7691 20.5889 14.4989 11.6899 7.98057 18.8761
internal_count=942 922 882 858 822 802 700 179 155 129 84 70 44 102
is_linear=0
shrinkage=0.05


Tree=116
num_leaves=15
num_cat=0
split_feature=8 8 8 2 4 4 4 9 8 11 5 11 4 1
split_gain=0.488544 1.01821 0.9764 1.47832 1.13526 2.24919 1.34476 1.24914 4.57063 2.89246 3.44239 2.69397 3.12943 3.73655
threshold=0.020608966037404964 0.051029770804143178 0.080341621680670425 0.0055580833562558869 0.89218411714636547 0.96182159614566942 0.87584861746101794 0.015994136089943701 0.10209868062931553 0.0047651894562039448 -0.015088616879851713 0.0044077881120007162 0.13993443251362833 0.009351605772530084
decision_type=2 2 2 2 2 2 2 2 2 2 2 2 2 2
left_child=-1 -2 3 -3 6 -6 7 9 -9 10 -4 12 -12 -14
right_child=1 2 4 -5 5 -7 -8 8 -10 -11 11 -13 13 -15
leaf_value=-0.019088057878144674 0.01909259292809623 -0.040606002737762652 -0.033530757937204531 0.0047104902212808742 -0.026724369429552315 0.008241507697857987 0.031334407872193978 0.090391638469140598 0.0044328744889382179 -0.015121635931261658 -0.042678020603156355 0.045889463101420398 0.021192019337056028 -0.024258464162217365
leaf_weight=3.3111832886934272 6.90251775458455 3.6907737478613845 4.8931722566485396 3.5123658329248428 10.316431708633901 8.2988561838865262 3.8157935142517081 1.5974684432148922 48.421933449804783 29.209578445181251 3.0109779685735729 4.8352013304829589 20.446289706975225 5.8061658367514601
leaf_count=20 36 24 29 20 68 46 20 8 285 197 17 25 107 40
internal_value=-8.45812e-05 0.000322016 -0.000554276 -0.018509 0.000365228 -0.0111363 0.00211965 0.00117669 0.00717814 -0.00322481 0.00568735 0.0113152 0.00560245 0.0111399
internal_weight=158.069 154.758 147.855 7.20314 140.652 18.6153 122.037 118.221 50.0194 68.2014 38.9918 34.0986 29.2634 26.2525
internal_count=942 922 886 44 842 114 728 708 293 415 218 189 164 147
is_linear=0
shrinkage=0.05


Tree=117
num_leaves=15
num_cat=0
split_feature=8 8 11 11 8 8 2 8 7 11 11 7 2 2
split_gain=0.443963 0.917406 0.997412 4.10483 1.9084 3.59906 1.21932 2.62592 1.0613 3.67722 2.09191 2.77257 1.42449 2.02717
threshold=0.020608966037404964 0.051029770804143178 0.0028022939235725964 0.0029277738206243873 0.20910691924951755 0.25374859312297254 0.0034979333360360943 0.19345153824753619 0.002173416519348664 0.0035979349761166971 0.0038454031602920065 0.0025510181986046622 0.0044085370982464844 0.0040081952672804426
decision_type=2 2 2 2 2 2 2 2 2 2 2 2 2 2
left_child=-1 -2 4 -4 -3 -6 7 -5 -8 -10 -11 -12 13 -13
right_child=1 2 3 6 5 -7 8 -9 9 10 11 12 -14 -15
leaf_value=-0.018264056224121552 0.018100554755366306 -0.033157662234505045 0.056585668164360996 0.0049013500022604389 0.039979010749400253 -0.026205601962331095 0.027864193605836141 -0.046982108757712776 -0.054137050007106835 0.043160740487713109 -0.042791005354165967 -5.3347069473149465e-05 0.00016697060103010354 0.049892247650418727
leaf_weight=3.2881435900926581 6.9164141714572898 6.4913595616817465 3.2223854064941397 5.6846645437180978 3.6767318993806821 4.6542249247431755 3.5298755392432204 4.2709871754050255 3.0503856167197219 2.9344730898737899 3.5966027155518523 4.6448856405913812 98.14887310937047 3.6109704747796059
leaf_count=20 36 39 15 36 19 29 19 32 18 15 23 31 591 19
internal_value=-8.40968e-05 0.000302986 -0.000531466 0.000842638 -0.0128329 0.0030039 -0.000544735 -0.0173567 0.000855698 3.37327e-05 0.00149688 0.000385426 0.00184484 0.021792
internal_weight=157.721 154.433 147.516 132.694 14.8223 8.33096 129.472 9.95565 119.516 115.986 112.936 110.001 106.405 8.25586
internal_count=942 922 886 799 87 48 784 68 716 697 679 664 641 50
is_linear=0
shrinkage=0.05


Tree=118
num_leaves=15
num_cat=0
split_feature=0 0 8 1 5 4 4 5 4 8 5 8 9 0
split_gain=0.426559 0.699315 0.478336 1.42926 1.65123 1.25391 2.35384 3.2839 2.54326 1.21828 3.11961 5.8921 1.64878 2.93593
threshold=-0.031103653164747828 -0.0270799463071127 0.38337800013107065 -0.035627965566951053 -0.016501184946254421 0.66184790588733955 0.79878430663029565 0.021465981819119868 0.89218411714636547 0.26185001258721224 0.015604186543926145 0.27683560994713247 0.017393491167670461 0.0013565881962313332
decision_type=2 2 2 2 2 2 2 2 2 2 2 2 2 2
left_child=-1 -2 9 -4 -5 -6 -7 -8 -9 -3 11 -11 13 -13
right_child=1 2 3 4 5 6 7 8 -10 10 -12 12 -14 -15
leaf_value=-0.017672998592046289 0.034282793043349372 0.00068623146588085661 0.034948856038034347 -0.018917684873128525 0.026475823228210651 -0.033847573227698137 -0.028856379291599479 0.053515159371716886 0.00029854973612148636 -0.053086875878559009 -0.048326655386832888 -0.031247089256657014 0.044711267286027361 0.035649582956045249
leaf_weight=3.3729696720838538 1.4992871806025494 99.441179167479277 3.6070861779153338 7.383838344365361 6.6969043463468578 3.7739824280142811 3.6474755257368079 4.5748367458581907 4.4086563065648079 3.9935629218816784 4.7290637157857409 3.179026445373891 3.7815082110464573 3.3881168961524963
leaf_count=20 8 584 18 54 33 24 20 21 22 29 46 21 23 19
internal_value=-8.35696e-05 0.00030142 -3.24339e-05 0.00518675 0.00166528 0.00824403 0.000801358 0.011154 0.0273991 -0.00153385 -0.0131098 -0.00149769 0.0184107 0.0032662
internal_weight=157.477 154.105 152.605 34.0928 30.4857 23.1019 16.405 12.631 8.98349 118.512 19.0713 14.3422 10.3487 6.56714
internal_count=942 922 914 192 174 120 87 63 43 722 138 92 63 40
is_linear=0
shrinkage=0.05


Tree=119
num_leaves=15
num_cat=0
split_feature=1 1 4 0 5 9 6 3 3 4 3 9 3 5
split_gain=0.429565 2.3411 1.51454 2.13024 1.06561 1.61555 0.979477 2.57817 1.61785 1.23219 0.787799 1.71111 1.55655 1.42614
threshold=0.02632962218582614 0.029081927996465289 0.88443978042262583 0.009027469119646081 -0.059820015601142466 0.038880924404570416 -0.018452366330595056 2.4638960466056345 3.8300967268227848 0.33735282972760294 3.4289122225658226 0.023910543753597708 2.4363320493237759 -0.025521624090620799
decision_type=2 2 2 2 2 2 2 2 2 2 2 2 2 2
left_child=4 -2 3 -3 -1 6 7 -6 10 -10 11 13 -13 -8
right_child=1 2 -4 -5 5 -7 8 -9 9 -11 -12 12 -14 -15
leaf_value=-0.032167721468275033 -0.044713360156130394 0.015202683637594541 0.022428646247720771 -0.037893199144131633 -0.0078629673708445601 0.035343172551693967 -0.02305538079967874 0.038704294348545901 -0.0061384049449396648 -0.052463535131591327 0.024219976071565372 0.036553846530545865 -0.0030644800115747625 -0.00050386273869970763
leaf_weight=2.408348709344863 3.3946207128465202 3.6334847584366781 5.3113197311758995 3.9347605817019939 6.2722131609916669 3.4149011224508277 7.5616320054978123 5.6494533382356167 3.261991072446107 2.5635064989328384 3.3913288488984099 5.7296989113092405 4.3701012134552002 96.186550691723824
leaf_count=16 21 22 30 26 33 19 65 30 22 18 17 29 23 571
internal_value=-8.33039e-05 -0.00777434 0.00196154 -0.0124021 0.000805594 0.00137937 0.000520149 0.0142044 -0.000805485 -0.0265237 0.000472429 -0.000234968 0.0194113 -0.00214752
internal_weight=157.084 16.2742 12.8796 7.56825 140.81 138.401 134.986 11.9217 123.065 5.8255 117.239 113.848 10.0998 103.748
internal_count=942 99 78 48 843 827 808 63 745 40 705 688 52 636
is_linear=0
shrinkage=0.05


end of trees

feature_importances:
Column_4=201
Column_8=200
Column_3=194
Column_6=176
Column_5=158
Column_0=145
Column_1=132
Column_9=129
Column_7=126
Column_2=112
Column_11=98
Column_12=9

parameters:
[boosting: gbdt]
[objective: binary]
[metric: binary_logloss]
[tree_learner: serial]
[device_type: cpu]
[data_sample_strategy: bagging]
[data: ]
[valid: ]
[num_iterations: 120]
[learning_rate: 0.05]
[num_leaves: 15]
[num_threads: 0]
[seed: 0]
[deterministic: 0]
[force_col_wise: 0]
[force_row_wise: 0]
[histogram_pool_size: -1]
[max_depth: -1]
[min_data_in_leaf: 20]
[min_sum_hessian_in_leaf: 0.001]
[bagging_fraction: 1]
[pos_bagging_fraction: 1]
[neg_bagging_fraction: 1]
[bagging_freq: 0]
[bagging_seed: 3]
[bagging_by_query: 0]
[feature_fraction: 1]
[feature_fraction_bynode: 1]
[feature_fraction_seed: 2]
[extra_trees: 0]
[extra_seed: 6]
[early_stopping_round: 0]
[early_stopping_min_delta: 0]
[first_metric_only: 0]
[max_delta_step: 0]
[lambda_l1: 0]
[lambda_l2: 0]
[linear_lambda: 0]
[min_gain_to_split: 0]
[drop_rate: 0.1]
[max_drop: 50]
[skip_drop: 0.5]
[xgboost_dart_mode: 0]
[uniform_drop: 0]
[drop_seed: 4]
[top_rate: 0.2]
[other_rate: 0.1]
[min_data_per_group: 100]
[max_cat_threshold: 32]
[cat_l2: 10]
[cat_smooth: 10]
[max_cat_to_onehot: 4]
[top_k: 20]
[monotone_constraints: ]
[monotone_constraints_method: basic]
[monotone_penalty: 0]
[feature_contri: ]
[forcedsplits_filename: ]
[refit_decay_rate: 0.9]
[cegb_tradeoff: 1]
[cegb_penalty_split: 0]
[cegb_penalty_feature_lazy: ]
[cegb_penalty_feature_coupled: ]
[path_smooth: 0]
[interaction_constraints: ]
[verbosity: -1]
[saved_feature_importance_type: 0]
[use_quantized_grad: 0]
[num_grad_quant_bins: 4]
[quant_train_renew_leaf: 0]
[stochastic_rounding: 1]
[linear_tree: 0]
[max_bin: 255]
[max_bin_by_feature: ]
[min_data_in_bin: 3]
[bin_construct_sample_cnt: 200000]
[data_random_seed: 1]
[is_enable_sparse: 1]
[enable_bundle: 1]
[use_missing: 1]
[zero_as_missing: 0]
[feature_pre_filter: 1]
[pre_partition: 0]
[two_round: 0]
[header: 0]
[label_column: ]
[weight_column: ]
[group_column: ]
[ignore_column: ]
[categorical_feature: ]
[forcedbins_filename: ]
[precise_float_parser: 0]
[parser_config_file: ]
[objective_seed: 5]
[num_class: 1]
[is_unbalance: 0]
[scale_pos_weight: 1]
[sigmoid: 1]
[boost_from_average: 1]
[reg_sqrt: 0]
[alpha: 0.9]
[fair_c: 1]
[poisson_max_delta_step: 0.7]
[tweedie_variance_power: 1.5]
[lambdarank_truncation_level: 30]
[lambdarank_norm: 1]
[label_gain: ]
[lambdarank_position_bias_regularization: 0]
[eval_at: ]
[multi_error_top_k: 1]
[auc_mu_weights: ]
[num_machines: 1]
[local_listen_port: 12400]
[time_out: 120]
[machine_list_filename: ]
[machines: ]
[gpu_platform_id: -1]
[gpu_device_id: -1]
[gpu_device_id_list: ]
[gpu_use_dp: 0]
[num_gpu: 1]

end of parameters

pandas_categorical:null
